element,0,1,2,3,4,5,6,7,8,9,10,11,12,13,14,15,16,17,18,19,20,21,22,23,24,25,26,27,28,29,30,31,32,33,34,35,36,37,38,39,40,41,42,43,44,45,46,47,48,49,50,51,52,53,54,55,56,57,58,59,60,61,62,63
H,0.54698991771028,1.0848829593462153,0.6041591280383812,-1.9799703322295368,-0.9374104705347468,-0.04076660456699544,0.9879102560271099,1.0483132322663486,-2.7975390685061163,-1.427091747844319,-1.8437496289400723,0.4938008377233732,1.3363699114625633,1.3868153123917484,2.6918574329533476,-0.30140765410069165,0.40311873067414694,-0.17618159556982502,-0.9935109146894952,2.6879027894835152,-0.1363527156932805,2.142363486290883,-0.27510021351240743,-2.019765621776621,-1.9748419566496143,-1.311427636799901,-0.12227154754043222,-0.47480319572294066,0.04427536313129129,0.5940980911991208,-1.28922475635524,1.2074176943985846,0.10219370649705534,0.9772535586201749,0.738467694152246,2.9064420046604478,-1.1682136687585163,0.00036124725463090374,-1.5369426762737202,-1.291432571044014,-0.5540870801675838,1.543718914677804,0.9710495209741705,-1.607443258608701,-0.18805698112130115,-0.06555667356634516,-2.3512028840641452,-0.5862539852919502,0.4503593204219225,-1.7672239210902552,0.10678048055755256,1.9349475625502044,-0.45062036328505245,-1.504974415393298,0.9888203797500523,1.4701282459490457,0.602030573320145,-0.22250019196256385,2.2350177189336886,2.2486864381691944,-1.1117672502763476,-1.2092085931057472,-1.9284990578824441,-0.6344974063474644
He,0.0,0.0,0.0,0.0,0.0,0.0,0.0,0.0,0.0,0.0,0.0,0.0,0.0,0.0,0.0,0.0,0.0,0.0,0.0,0.0,0.0,0.0,0.0,0.0,0.0,0.0,0.0,0.0,0.0,0.0,0.0,0.0,0.0,0.0,0.0,0.0,0.0,0.0,0.0,0.0,0.0,0.0,0.0,0.0,0.0,0.0,0.0,0.0,0.0,0.0,0.0,0.0,0.0,0.0,0.0,0.0,0.0,0.0,0.0,0.0,0.0,0.0,0.0,0.0
Li,-0.758594893309584,0.3812703494145348,1.3588744843196994,-0.19621211939842914,-0.12500232994413288,-0.739594704321731,-1.3078914813579925,0.11750473094573005,-1.808186754150095,-0.8869217490645689,-1.8838645835283572,-0.8581058283522586,1.3969885657638808,0.07487899847985831,1.478552136237431,1.2756469680570277,0.5012420037968242,2.41324025326475,-2.1514261432964443,1.5488268985481866,1.1857418046701393,1.5115315560229508,-1.3112350360186256,-0.6365068244239706,-1.6083225120272093,-0.41855223029401417,0.19530630602946442,0.003376626628418374,0.5350518123723831,0.12281425627947389,-0.6715072442863975,1.1066323468348862,1.3557674487007656,-1.4488040867897576,0.24491852609842185,-0.2756414407595639,-0.038878716280889666,2.308432852190677,0.43869594537964285,-1.2553179135213086,-1.7782425403149156,-1.2837525550920847,1.1587427673534718,-2.171054342480461,-0.10445741989715887,-1.3943195178401402,-1.3301210079983388,-0.30352671791910124,1.5499217165024182,0.9667023003539887,-0.3158071370514291,-0.5425515466146312,0.6980535812685736,-1.7309897763004116,0.38160992547141964,1.9986438955156536,0.7229941411637751,0.14018086319224368,0.7790808961309631,1.9668921290497765,1.347621688653824,-0.6385780586922716,-0.9045158240942098,-0.06790485563399906
Be,0.8354975036462633,-1.9056526852993358,1.752677156090478,-1.6814496691529826,0.8587745340470164,0.5058326648105971,-0.8985274421799536,0.05927202610411344,-0.36377565113931254,-0.7729672904011634,0.5605464116384713,-0.16961361866332478,0.7579902283552779,-1.4680125012165826,0.679111973069027,2.1558466109474845,0.2793590200824737,1.700545996661112,1.8725703569138634,-1.1363929304892109,-0.25069719477514235,0.8127850346350384,-0.13905946627253415,-2.502370512231926,-1.2140388780956175,0.04786664700055969,0.60308615473702,-0.24764236836297024,-1.1786905238852812,1.5363112046987784,1.0970391726882465,0.641390154369747,-0.3133563665197777,0.621530528165039,0.5537115937221726,0.33446159791013375,-1.0699371127674764,1.8052924646314983,0.052470435953142665,1.3633637688561868,-0.9590155581345592,2.196626839170147,1.5414718616249712,-2.088657166625069,1.1022005309309075,-1.167155262479817,0.37516216070101216,-0.19304808375157367,-0.030129844342359696,0.11456907511977417,-0.9577826426895165,-0.8893215169019647,-0.6542147675552823,0.4643525443151379,0.1186689738585239,1.1730869089329992,0.0437086596325592,-0.24213504490044918,-0.5661840918085838,1.0430363838607088,0.8448824249714588,-0.22519944491282465,-2.086080538478149,-0.7541860847472288
B,-0.4761614498399866,-0.7533540241347264,1.3243961820528223,-0.21478347601314124,1.7592638434806955,2.0475469075898762,0.9905887774185337,-0.6400838817195337,-2.720526278545814,-0.05005238289318225,-1.1350699203550259,0.27278842192197333,0.563054074678026,-1.9327135287954558,1.8300665089931234,0.24600480672868005,0.8126153763111055,1.6691984842392025,-0.323639650882975,0.6010917747044854,-2.1016324702355154,-0.245697671527315,1.3190416728697758,0.37692770620651295,-0.04291316454493683,-0.8285942232343088,-0.48862458336119075,1.7563862381325297,-1.9623559984254288,-0.013182107390765304,0.6034605635551357,0.7308351497282175,-1.5976012451677901,0.5851149268978595,-0.831247566700261,0.9316945695807913,-0.7872508644907175,2.416551073583153,-1.0633451671598786,-0.6806650871080069,-1.0138043002423562,1.5608105791847797,0.02627631186206717,-0.2681731977576494,0.01572719065698345,-0.07121833007603845,-1.0225213005265767,-0.37146342428239576,-1.7310581448883824,0.055212149143267227,-0.5930798967500787,1.1016477659444213,1.3588217509090394,0.6015034683445878,0.03249037682632862,1.1076414355658328,-1.3709330013578305,-0.10217280075064503,2.6977429733146074,-0.12309372926556272,-0.9264184776269065,-0.5648410387563508,-0.8979502269734067,0.07950680986646008
C,1.252933424844242,-1.6916015961901707,-0.34532996846035324,-2.113529756667353,0.4011552766712223,1.579814853565722,-0.3498126368299907,0.21570665677631026,-1.1153372065044735,0.6925790091607261,1.3264302097895144,-1.2908334413941835,0.8104286577913018,-1.0249605984245584,0.1623028047330903,1.258945933079742,2.295825526033313,0.7675001616951876,-0.07666699051753269,1.469224824699996,-0.36362353451064244,-0.5097291349576479,1.2298476699500382,-0.812429697367244,0.8020971816367429,-0.4139012073701333,-0.5501606889526073,1.6765996054327217,-0.7089224012086538,0.983117239690576,-0.6037340293879301,0.9550318832374198,0.25904858522588053,1.3504693872446285,0.030111175925182004,0.6887140670375,0.023301835748233222,2.0543105654689087,-1.844395457820933,0.6206057528885208,-0.2649490999386179,-0.24093034850651615,0.9106362317211982,0.3926699515924076,1.2223792312384385,-1.2678233026480783,-1.943718769527581,0.279438726057695,-2.176503709391344,-0.4571744015246257,-1.3775067794313758,0.48840298249932634,-1.9185228377808305,-0.7483275851003087,1.947493381525096,-0.8239136946215013,0.04598535929837466,1.8545510568694545,2.039612060763864,1.2059805941271935,-0.7912762174904336,-0.9078493445671214,-0.27610494588530754,1.1759576797747768
N,1.0929906739110706,0.1405203927049236,0.11084319153600425,-1.792485531578292,1.5697366239769508,0.9130311316773565,0.18740030040710223,1.1533722131911355,-2.0256297702672974,0.05536345097536403,1.7314644557848085,0.011214542168628465,-1.1689777772222636,-0.03935981072911753,-0.22679578940385065,1.2266907318312466,1.38866786914392,-1.706422501286967,1.3769912190723745,0.29555292859131654,-2.444235434514604,-0.12174962422672664,-0.9689214857536345,-0.8117412009684541,1.5457624444925788,0.4663306457692103,-1.1210085674230672,0.673136897514861,-0.8835964047427514,-1.1789644856610992,-2.1376620359194534,0.7824032204768553,-1.0676220049909986,-0.9680054824908675,-0.3472017731633226,0.8000062964544602,-2.5122940257636057,-0.5748060679416298,-1.1509149372959733,-0.128275631618454,-1.209070298119193,0.09340812317326326,1.2152857407955149,1.2331851881543023,0.2618941149197237,-0.8393410886533897,-1.7018393414102337,0.728968026791658,-2.2832150668843663,-1.2676697707769773,-1.489922258993856,-0.8830998518426988,-0.42597777320738955,-1.7086311473177345,2.1205847040265255,0.48314137496440274,0.5164052802320924,0.7701624462944814,2.002934562216657,-0.18193443092564535,0.6563809671766178,0.800449301253647,-2.0866534024619585,0.26195389794964596
O,1.3807742053285024,0.1965153457037657,1.4779942595645301,0.9741169683099606,-1.0480003284933046,0.11809057174039518,0.4885563301034969,0.5306257932885564,-1.9104844555192368,0.20122596645663599,1.6479561702876087,-2.169699604426931,0.050533998523490185,1.0295297850791174,1.77976526901928,1.10713280979441,1.9975075764383976,-0.42779325067710255,-1.3229182693313664,1.0113764653576134,-0.32918850898287655,1.9705415771566512,0.46126692787238704,-1.45702912391842,0.19832373308926723,-0.7701831147654858,-2.2632634549431723,-0.3095454793974677,-1.6779943188127882,1.4290786169797294,-1.5929846323228574,-0.6720379329636569,1.820122184569791,-0.381672054346834,-1.5697773931992782,-0.08248528960333111,-2.6512789163031605,-1.2537268064107785,-1.740292852589136,-0.6145394904821028,-0.42958157897997173,-0.6698328767959125,1.4878497364873404,0.5004888255292362,0.9790571999231458,0.4034514880629413,-1.727799985322283,0.3461200971058056,-2.3026888295728734,-2.3933363952067173,-0.5201049929506819,0.5247563861098767,0.6998648220489981,0.06880259903647253,-0.021591186258777834,0.6585651545807052,0.5094245944135389,2.8935750752633194,2.064914966173703,2.0383814840550722,-1.4215539030610536,-0.1974302445842525,-1.4229084777748944,-0.0768209780442502
F,-1.6309549964740495,-1.3939982282539432,0.8757538092257736,0.07034664721546813,1.2664401840093185,0.2051949624879833,-0.6742052469430356,1.9191618865194344,-1.3316914168224308,-0.1266312033785444,-0.7818592681672566,-0.7641224787297406,0.9002341774689242,1.1436907862207975,0.0033109391926512566,-0.1454315498599624,2.3704165095771508,-1.270663921732652,-0.7559745023226665,2.429114513619063,-2.221303785644364,1.7107501451630471,-0.2082705976586806,-0.22078972335226546,-0.7917233231769368,-1.1583874683156206,-0.5618236400977653,-0.3582255902709791,-0.8206558322358687,-0.9897134343399057,-2.556425909630595,0.895494271957773,0.306632880056652,1.7245543934960619,-0.4757065460073847,1.1942271201739085,-2.46622332834223,0.3735355950036161,-0.134715045965775,-1.7487963943890614,1.1189093629305036,-1.3144445062386059,1.467504887549492,1.7446320421697281,1.342336948333771,2.0075193442327723,-2.100451680932599,-1.0484516925207783,-1.4318642073566452,-1.1080013536257498,0.16342341315200073,-0.5625772229327594,-0.17065352642783937,-1.9534923347684885,-0.9447271834557911,1.544654663203257,1.240275283774379,2.1597051972836634,0.15062223755349646,2.3030032736453765,-2.096361360280606,-1.3313649264959704,-0.5229905854984145,1.2763312573482084
Ne,0.0,0.0,0.0,0.0,0.0,0.0,0.0,0.0,0.0,0.0,0.0,0.0,0.0,0.0,0.0,0.0,0.0,0.0,0.0,0.0,0.0,0.0,0.0,0.0,0.0,0.0,0.0,0.0,0.0,0.0,0.0,0.0,0.0,0.0,0.0,0.0,0.0,0.0,0.0,0.0,0.0,0.0,0.0,0.0,0.0,0.0,0.0,0.0,0.0,0.0,0.0,0.0,0.0,0.0,0.0,0.0,0.0,0.0,0.0,0.0,0.0,0.0,0.0,0.0
Na,-1.2960946565993052,1.101286298888685,0.858746250180446,0.948405946686502,0.9563022771999548,-0.6304929128693747,-0.9031501283709935,1.4264308172713216,-0.8029406500745313,-1.2102771409446473,0.3438990562447629,-0.18208586353767633,0.7381495113386469,0.4447202370284487,1.4189707355580488,0.6437145346517448,-0.038536111055575306,1.296838680367687,-0.7643426911575143,-0.09733592848698555,-0.812208509276803,1.312962859360581,-0.32408482895322754,0.9510233240000464,-1.0539086584964183,-0.7802618023060314,-0.7488293299052753,-0.9831287620319017,1.6073358020153914,-1.0436093944588662,0.3051417866942295,0.7295963131804286,0.6304350454814434,1.3605268765268643,-0.02083693055939125,-0.7763094687921299,0.7251134247679926,1.2526895074774322,-0.38257830057733466,-1.8283961757755376,-2.177181247572658,-1.029260035880171,2.261726549420836,-1.1164205830150133,-0.7604733049610317,0.5436695182788376,-1.0035610205235004,-0.2098881279805283,2.061287225890196,1.7413263889783466,0.4519534430282743,0.7166594367155714,1.2368841247314795,-1.7842366606027307,0.48279224233949847,2.3845840885025233,-0.07853604384542026,0.5157493923460013,0.12261200187648724,-0.08407230059007817,1.0653907075897404,-1.5696976452776867,0.2509618145814627,-1.2094268374285755
Mg,1.7578898150187268,1.4688766872695207,0.6670018526846968,0.6310996462708129,-0.8219535967192799,-1.3445662646234093,0.7958486658463357,-0.02594716122381546,-0.43099682612014556,-0.7156841163025907,0.009941812665387418,-0.9446090825150315,0.38138192218907574,-0.8697176815656193,-1.0499869925113048,-0.6140660170343667,-0.8313068059209242,2.044691135163406,-1.6686888986919626,-0.45746156069827787,-0.39451114664097753,0.6369457657949751,-0.8176572315531683,-2.069605027465426,1.0616525576606992,0.30186907186644085,-0.49849423095871176,-0.43003337396922736,-0.8268246792880362,-0.6170501451596047,0.6895361222004293,1.5530876646881961,-0.7678659806312145,2.1881750503654844,-1.2986742686295456,-0.6699523339108228,-0.8083172918005037,-0.6669993291358279,0.8631968055515485,-0.6342897677015218,-1.8474609803819944,1.1966044230420247,1.3552873106863532,0.31610673376748916,0.685375654773396,-1.259730978423554,0.4120577339257454,0.5175789119325934,1.368141975956669,1.0059472573781738,-0.5037811145344592,1.7268722279515518,-0.3525106824243778,-1.1492039780414152,-1.577586206816225,1.8394079389788431,-0.5196671573510612,0.3897626523434339,-0.43806390233250686,2.0690835708305255,-0.31301440434441324,0.36433089851938905,0.7767565683920619,-0.2171757637220044
Al,0.19318548532213234,0.12233972620767389,0.7757139619725011,0.25413814065651646,1.4942852679850542,-1.1604645467387376,1.039120175968582,0.9037789743531697,0.43190976794663505,0.8444331018905185,-0.7427293204038776,1.6736332612607503,0.46333891924132015,-1.0879921602399127,1.4876807710358344,0.09426593913645324,0.4855978959830113,0.7444317304972344,-1.9323814535217394,0.5410349180494873,0.6798647674719069,-1.4763784530771635,-0.20064779549596645,-2.32528083593565,0.4167720378463288,0.33565735741146063,0.5008779878587309,1.0592067799190983,-0.3591502918042055,-1.174784203630485,1.985294476690386,1.0592475817523457,0.6016549184259635,0.35841305493230835,1.8105608692022808,1.0244775669960873,-0.7807944852332084,1.493507090658657,-1.3793166243589607,-0.6474985600657307,-0.4550905672977662,-0.73901999458273,-1.0356226722754969,-0.6508083422482057,0.6663411976073674,0.5509805789103218,1.4985966239160644,0.12205187217263139,-0.4355309297026872,0.555539669812502,-1.688960350730709,1.0201998885038204,0.6031593404848715,-1.2204496829877702,0.922839656147851,0.82901661137324,-1.3408582996811755,-1.3844826790363263,-0.5752454763241126,-0.31059731526620077,0.11294414968519166,-0.49246450045618373,-1.1178575173226097,1.0640667461259934
Si,1.4554943965252758,0.11160825806779268,-0.8739142964839252,-0.18931292435488253,0.5346973992144446,-0.6323498774020894,0.8481843286927218,-0.4184755398386302,0.984222307515141,-0.8922668353425502,-0.7209937923000327,1.414479925835209,0.46876367921241135,0.26836742958206744,-0.17545962407479182,0.43602336654353785,1.4320374190507852,-0.7563989888790817,-0.5138819228944502,1.4294446012704307,-1.0969464335803285,-0.6497277743304921,0.7100259238751141,-1.379528432494692,1.5234834641399064,-0.5068529766720304,-0.9394006282870941,1.7919592942100437,0.685750513499534,-2.591296787078969,1.6362127476418973,-0.4084394485565836,-2.001563493983763,-0.8409833970525104,-0.8325212348043964,1.3463135895932015,0.0825039846924853,2.6868745402370573,0.06956564950057324,-0.35563325656059835,0.2676802904081911,1.1190784458903806,0.32367899367652336,0.5233032776958777,1.3575376578693388,-1.1205965188750082,0.8988507482745128,1.8339167310053204,0.5820356698505865,-1.082563363884058,-1.1701807731157863,0.46090989821942513,-0.9027849536059903,-0.22974182735473275,0.16539223044608825,-0.29112779419341084,-0.28603901220530376,0.18553301004428663,0.48974761652186866,0.552381728971494,-0.18408126109210965,-1.1865911242373535,-1.2528036145529724,-0.21187111717617485
P,-0.8142976050934101,-0.20733782576101353,1.3396219717382702,-1.2555379684278314,0.010843374293003942,-0.0577987957838011,0.5625000884617635,-0.6248725733837567,-1.6845693848311412,-0.05589971969055361,1.6763254858252643,0.47077068975889463,-0.8127417468894342,1.712786284306146,0.6823262058269451,1.2235941926044427,1.1311169294887218,1.579015252688489,0.6853324287096743,2.1625348469147507,-1.1157463733322586,0.056011348879102266,-1.3337698122044352,-0.5858047394323153,2.058583526909966,-0.848363219145357,0.27619695456046245,0.8283650537781556,0.6218257796325724,-1.4042119676268736,1.6901540787502225,-0.5689426825001928,-1.2615298388802159,0.20976902051043364,-0.6281157142060908,-0.2287087504893199,-1.376232440378053,-0.8679795066088885,0.2233923732107052,-2.7069370841078144,0.085285146351817,-0.054939465987003486,1.1942755876241395,-0.03954530207376791,1.3173533412895724,1.0108398822965272,0.3572675000481633,-0.6680741237047032,-0.445233137500786,-1.3683075914285294,-1.7481242200877907,0.5191365009558032,-1.406472148661914,-0.4556806211493025,1.5959739700309208,-1.1231656078682442,-0.28314202830903024,-1.093943681589525,1.8928412213638428,0.6433733828338787,-1.2127044410775671,-0.18864146761583872,-0.9868155416913313,0.8789695214029244
S,0.1338070632548021,-0.8741643794890808,1.3301739488553708,1.3877002479204164,1.2755637102850796,-0.5290329434917096,-0.003942412616796702,1.0936146134731888,-0.9707328008971505,0.5418405628675852,0.8396518871035895,1.172305512997248,-1.5453783863768165,1.1815632270487606,-0.8284655982715551,0.8593150673784986,1.5353540248921917,-1.392072432108122,0.09227899412314297,0.8743851659879692,-1.9950124547388886,0.19517470737779083,-1.5599762811474982,-0.5998029099861315,0.33216945945166904,0.10969087868322928,0.24104688380679937,0.9093963002041842,-1.5178846175228926,1.371483492929878,0.6504560913075101,-1.8795869376069294,0.9396998008188131,-1.050797508634556,0.37569855076566666,-0.12605194595065902,-1.390944105031121,0.8799427239641917,-0.6372370383421374,-2.3187864979373196,1.131339351073623,1.1647640349170338,1.4057473243298004,-0.3705841836706803,-0.6160087729929059,0.9457859556057495,-1.9902429542708344,-1.0416954825428777,-0.3749757060883507,-1.8502002642010862,-1.714188853513594,1.1160895401429298,-1.9815324984668479,-2.146057050564956,-1.231877339184394,-0.39374597885564655,1.2329213106915282,1.6372577373702895,1.173594216529663,0.9140792190169701,-2.048386672583402,-1.4551040857705968,-1.2077902510911556,0.7843767210785262
Cl,-1.475140845328269,0.1806129794468538,1.6942988360730957,0.8358606989642017,-0.7612444063380482,-0.21676507551413662,-0.025774912450581017,2.1493900496105773,-0.887309312880511,-0.3745110988186016,1.7711528489160873,-0.7241595596294478,-1.2639293813311558,0.8008234243060619,0.7668745997255297,-2.5193421566602567,2.456731299335771,-1.5271848309040983,0.270638543345399,1.1081369092323183,-1.5548692808572666,1.2550136633252866,-1.4375422983680575,-0.051201483633456585,-1.4961111047710745,-0.8777635711939242,-0.24916984254717375,1.1235240121521954,1.331026502595492,-1.556089501429642,-0.580373177427522,-1.633791659816699,-0.4504927407427306,-0.9415456331113957,2.722480969238298,1.3147047565689254,-1.666862761460121,-1.3944840405052674,-0.386939100616227,-0.3611210887567141,0.14359709405477375,-2.05642503457715,1.7072305953645353,0.29088520703365517,0.4742533333496223,1.2432251666666454,-1.7157312391456432,0.5181376332165518,1.0481092909739729,-0.7074283625428514,-0.5997734590787421,1.5368994928722055,-1.6792315689594588,-2.570603131130845,-1.074139216339358,1.7813230197868515,2.0524282244714955,1.6313382310485123,0.2585565963144804,0.4356489036066179,-0.3591383648654878,-0.7569685420651977,-0.6984928297459367,-0.599542913130554
Ar,0.0,0.0,0.0,0.0,0.0,0.0,0.0,0.0,0.0,0.0,0.0,0.0,0.0,0.0,0.0,0.0,0.0,0.0,0.0,0.0,0.0,0.0,0.0,0.0,0.0,0.0,0.0,0.0,0.0,0.0,0.0,0.0,0.0,0.0,0.0,0.0,0.0,0.0,0.0,0.0,0.0,0.0,0.0,0.0,0.0,0.0,0.0,0.0,0.0,0.0,0.0,0.0,0.0,0.0,0.0,0.0,0.0,0.0,0.0,0.0,0.0,0.0,0.0,0.0
K,-0.8049977781144753,-0.7301279969192689,1.1749566866381227,-0.4471309121125766,1.1716909321305224,-0.8320087052509039,-2.2216213623325616,2.4490261080938116,-1.2248494926162188,-0.7701967290986182,0.09326896820451708,-0.168142177881131,1.1527469149967022,1.0554095463235311,0.7096548704348451,0.6458793016330532,-0.31764204041869265,0.21254838805832876,1.0435011991723504,0.7513528932770225,1.1666833225800641,1.8600072073158676,-0.21458619810690413,1.1769759710015775,-1.4312734567397136,-1.6694189063177811,0.4027911977445761,0.46424053937708426,0.46928408585468856,-2.0883552998327772,-0.38958581411435095,0.5226450024457054,1.358824968306227,-0.9378625057969501,-0.7216609595669868,-0.2648056207311475,-1.0216141100379654,-1.3581083541784764,0.9828725656486085,1.1476611214689196,-2.2251643853082013,-1.154296956943019,1.4467555979460704,-1.5137101857324353,-1.2566824111618615,-0.10329547787698116,-1.99168585085814,1.2077487965280012,1.4584699485511918,1.6095581681703817,-0.41530074491138247,1.7271373181775496,1.7849261970819277,-1.8594169892178682,-0.7833968218865485,1.5396157683651368,0.17607195867702435,-0.7841945988644878,0.4819453227699989,1.1649706394608283,-0.5578614476235271,-1.098779202865392,0.7418483545193897,-0.49290329796183946
Ca,1.166979381095512,1.2203469153174948,0.03163621982830809,-1.5135981977004187,0.8075207202208416,-0.36312628786531786,-0.16193663554776314,0.506558413972729,-0.03658724227541469,-0.9337223682413037,0.8135573515495517,1.401063131269324,0.5319617261538134,-1.50177317702563,-0.1113602276682741,0.4983960709429554,-1.265494847791856,1.1628924950363062,1.2965183555153137,1.2065385733754697,0.07331511599742575,1.1769444399350164,0.6041938312816341,-1.221573377090215,-1.4154986171190096,-0.026281843462901876,0.47440265952673927,-1.0456205730915744,-0.491027278084502,1.4107758091586262,-1.6046902063470083,0.9620559732546907,-0.6558959187414146,-1.3979960163188205,1.364118236968704,-1.09559479572823,1.016386053909818,-0.6015150058035721,-0.18488528341386298,-1.1610952960387122,-1.6180522183934634,-2.1793902006002286,0.682805143932557,-0.6615903176383268,-1.0475196898649564,-0.7680443635445967,1.0355217399773835,0.8262204292554873,1.4394650174616488,1.97159974946457,-0.5045320713359255,-6.855615306951298e-05,1.020067489413368,0.32482989161189446,-1.2694052995903171,0.3820755829110162,1.2926684269955038,1.121693516201196,-0.7313650858767902,0.9711564686098386,-0.4024198563325487,-0.5129051180782865,0.7737484885691979,-0.8704517225416768
Sc,0.610707010176826,-0.4734280285791278,-0.08989337468550825,0.26373867565422693,-1.718921541094506,-1.0009111620450755,2.1978854835924824,-0.7762756202804467,1.251628592723806,0.43974537448936885,0.35278205012518826,1.0670266167513658,0.14992317481198428,0.05635727429447756,1.05318672998454,-0.7973033203701105,-1.0127835229038953,0.40598840353896204,0.16990571215967962,0.4243166396005438,-1.1612565683693474,-0.6879770648309965,0.720473325352615,-0.3984671357707447,0.23849131409972865,1.1444730150095623,-0.11442361232309807,-1.8003157321345302,-0.8601531451882333,-1.2091405164052338,-0.4618894609085488,1.7515120392283139,-0.10172384535231387,-0.5925059317088688,-1.1083539969768605,-0.7021545660472475,1.5627329104124599,0.4626998056889512,0.9707399757451076,1.0030838847767776,0.6197005281227145,0.34238661215940364,-1.081476125710776,0.6307334528949566,-1.1878621109196157,0.3069163816153146,-0.9774016475902549,0.5390155433104327,-1.529957513374304,0.48859951773821547,-0.5942040760772948,1.270599789082415,0.820558202055523,-0.23448986031111388,-0.06752080967525587,1.3586444687190238,-1.3161184748998214,1.636356672613772,-0.16981011149128447,0.7485321336678817,-0.33416847705757435,0.33476639065909675,0.8387555876056458,-0.07089482403399895
Ti,0.926960441617719,-1.7187339325948547,-1.378229263155376,1.278454044006043,-0.46330684923383636,0.9802911478871864,2.179899314602606,-1.7238169776125818,0.0032444969493527964,1.6730338841415577,-0.9201722042760041,0.8087569148410955,0.2584936981604656,-0.8418003077237659,-0.3737341647935849,-0.6095335770212825,1.0178427584917862,1.2097547871132261,0.18583371732833845,0.3176450502694765,-0.6758480325013947,-0.6811579316464073,0.17991718773864332,-1.7520097722592485,-0.6212958942204146,0.583664939219243,-0.48665916267822407,-1.2701774524078904,-0.3203158162640724,-0.3325611282810809,-0.6279151437669204,1.380668138313713,-2.049885940800349,1.0404380575364127,-1.75807482134459,1.323927453849285,-0.4109479127069704,1.2902199068756592,-0.060509337812092744,1.2017664982577116,0.3793758224060556,-0.7727125482439724,-0.19872072918027922,-0.9736782582654889,0.3959722720183098,-1.4102806741999454,0.14044438669320655,0.4225382695625983,-0.42175126760361714,-1.2855021477937125,0.7379082848713298,0.949172531869605,1.6670284244422962,-0.3847715872511142,-0.09347710218188239,-0.5122264472104012,-0.28350395977574905,1.355878478504308,-0.35437597938896337,-0.248932613712681,-0.4336638162526039,0.9310170450029107,0.9127372703220492,0.21624566967603678
V,-0.4029714785240423,-1.166286146403828,-0.03548239557667774,0.546351289606978,-0.018274792005961896,-0.577138425640652,0.6488919916110258,-1.332438936867964,-0.5932106844903642,0.9287086831877196,-1.2628269172076492,1.536551974247053,0.9492281637210395,0.4351179143533861,0.6954772131679641,-0.41772801679850097,0.13667132772604138,-0.22106017065895825,-1.0372468255029503,0.5970308860993409,0.8381907176415411,-0.10846454810766151,0.047557513220853644,-1.8260288941928733,0.8866630934868253,1.065208832861379,-0.6324996248109425,-0.5492945388408421,-0.1872811504338633,-0.2645844164931192,0.42863680979087404,0.3634890898324305,-0.7074649132694143,1.2727886460931972,0.8940569566853941,-1.2892611171908677,0.8845043830960109,0.6839142340058162,0.17061770927636377,1.3289202386847163,0.23242991032722063,1.5765063523257998,-0.7583287342366855,-0.9595974408194619,0.915333166796414,0.15077495526911447,1.131307885431959,0.8315897029902435,-0.7461273058370255,-1.314862040535825,1.7045207975966703,-0.32598532090622995,1.0967862451006938,-0.25600982229095093,0.7021819053692464,-0.948768941998333,1.1629236588488852,0.07951258043053808,0.9128179420287248,-1.8702230617342959,-0.36457015519039565,1.5962633931096912,-0.17244017107973952,1.2753239410772834
Cr,-0.19348767155237834,0.26641019169063274,1.0211645388683421,0.06863964352883595,-0.27852917189711146,-0.5268024968964193,1.4569157656125775,-1.0421644611621765,0.1063106895740041,1.9327832229116884,-0.3940993415380185,2.4146489719121393,2.15284251944374,0.5582491476477184,-0.8158373479672015,0.9092675858948482,0.6618866343817547,-0.030048350597474193,-1.4348596559889506,1.1886844211103544,0.3817381497377342,0.7234779351277478,-0.34216654695342025,-1.4407436803002287,0.28292769376967775,-0.5174583630438615,-0.37115703822708646,0.007301638519712487,-1.5022555422889112,-0.8995170436730302,0.027383472880260582,0.1510410356172783,0.18538973921893134,0.3354421022462679,-0.6214297102175049,0.2047500841479093,-0.09408243064332154,0.11332778082286339,-0.5147807550368706,2.2918614084399267,1.2532312730980968,1.4438490439729994,-1.1204601069024573,-0.6797163141146163,0.47072453335646014,-0.5797870220333575,1.1707065229553457,-0.5920875120982427,-1.294890034850722,-0.18990422229031406,1.4897146091271334,0.2647358618931783,0.7178887444992257,0.6194260443535659,0.054406237060689214,0.12954949307037938,1.2441394481237709,0.5830792748986807,-0.3993309957610631,-1.5368462645444558,-0.1198576342875339,1.5604720500013716,0.3538417437193534,-0.918564052774662
Mn,-0.4498109998772418,0.2789615476523228,1.626712485296178,0.7354810346563591,-1.214475375206641,1.4690515842373462,0.9566459984199454,-1.1813413044327423,0.9932399312425756,0.2638570843595339,-0.8148697868555441,1.6274964679543436,2.4010074606056016,-0.47993762391676903,-0.417519731319547,0.8109885482018715,-0.2874375096244796,-0.34309797447984575,0.4497980791298728,0.1906694691911955,0.9423819934700648,-0.3708327043929973,-0.15204730067710498,0.21154599180483794,0.9729771879913904,0.030635926641525167,-0.9787509160521939,0.23825775231873367,-1.6004614512080821,-0.9573834391862787,-0.4805058443238522,1.032467482934437,-1.3814201671284987,0.2761880270534384,0.24409095895249208,-0.6514082719729362,-0.4264333002089456,1.4686525458949242,-0.6847767103701268,2.304481221673296,1.0351102036506208,-0.48225257238064934,-0.5462416324852393,-1.0450367150054343,1.2020275994502772,0.3028432392154761,0.06941324251290523,0.9480850665238045,-1.4088134919316597,-1.2345488778793126,1.4808947347572845,-0.7518791908445045,-0.24314774081708374,-0.9589611959776769,0.875772299824072,-0.5055413790882121,1.6416630815514257,-0.7050952262824093,-0.09644138370859841,0.09379704885799112,-1.344071939989403,1.7224679340244844,-1.1568372895497678,-1.2455131772810657
Fe,-1.0446048261162622,-0.824131058543208,0.8816123784536041,-0.4696485135152533,0.5158099727966017,1.178869083356755,0.20848967053660059,-1.5235844425704617,1.3195029350826326,1.0186040190450367,-0.8325272066075815,-0.04313435469330004,1.3929199302095143,-0.478396194076711,0.5684975564912056,-0.3358783179202145,0.11080796975859555,1.6381594200472918,-1.6808629061063405,-0.15860783057757682,-0.2713140932153994,-0.8805240863111978,0.9623286083365572,0.6516797661322816,-0.9611607007057644,0.33709058193692615,-0.9702572870785805,0.6421584326097455,-1.0897934998839938,-0.634992270021429,0.13056292259300029,0.3655562803067179,-0.7509062098179832,-0.5196429112882,0.5741885840125123,0.8891252798299447,1.211683552586308,-0.03605519174284993,-0.28806679341422103,2.484672644413958,0.7031023099171154,1.5869056533101271,0.17961563666508537,-0.7964193310800589,0.8414590858188568,-0.7652525980241037,0.589025461925619,-0.0669581113287551,-0.40031040349190017,-0.7495358283861057,0.8046009594619724,-0.7748156388331541,2.4844451608417772,-1.0998613075088275,-1.5298978979780382,-0.9322468005740361,1.4253383064145806,1.4896783189884881,0.36772474870328514,0.45583150544361706,-1.3671339478056082,2.291688646346048,-1.2632754480381272,-0.5483679208496938
Co,-1.3770851070980636,-0.7157465561600526,1.9935831385959966,0.3066758809345526,1.1321945443506032,-0.3561343373678025,1.172197005217933,-0.5354369663837325,0.05620869393640005,2.18680407047642,-0.558674561600946,1.719205844613362,1.6889247041569917,0.4655972540149605,0.1876848222600481,-0.6778370256291046,0.24350156058092579,0.06448192340801301,0.8275402294826352,0.45279555058864135,1.0673187993298852,-1.1435502991284077,0.9779260043667962,1.0154474926480086,0.746739817354809,-1.6108399596778533,-2.1665362669068964,-0.5116281602531344,0.14784257216506208,0.16757266040275023,1.7967039618432603,0.025232790460165355,-0.5515991062917152,0.6585103818375134,0.7870458831306089,1.8199554667275848,0.6334116357777254,-0.0950712402612619,-0.23590291072303138,1.778837992078321,-0.05922309186979703,0.306997284534271,-0.40993933199899,-1.786606887347678,0.738756847179678,-1.0267283152971327,-0.47220654230182263,0.2651367625774407,-0.39146021582920043,-0.4870090920026201,0.8055486266130568,-1.8362418777148686,-0.8627705735348751,-0.2292572393013883,-0.020916074565780877,-0.3595095421709032,-0.0035887122985861835,0.9036438658571129,0.46642783346204447,-0.9212847806783215,-1.525880865055305,2.065040982241523,-0.25008819669422155,-0.10213058193762538
Ni,-0.18166257179018208,-1.427189256615309,1.1237210692539292,-1.3346378278980051,-2.0735682012922982,0.9824015763326317,-0.1740108007216579,-1.3305478630715417,1.0520713345185653,2.488571119159481,-0.4260108443047107,1.1299896340867952,1.337098221353529,1.2966861640733067,-0.342235357027376,1.3103509684859465,-0.5316126465352939,0.05814372503728934,-0.3247547400896375,-1.0572742773749786,-0.016059092013322975,-1.1344606563152901,0.9849693727176576,0.16763425925343817,-0.0011946356475947373,-2.418313507301586,-2.5029157104157673,0.9697308835781306,0.6378251664144556,-1.3002522162556878,-1.1089222733672366,0.2836612414622142,-1.1755494111954359,1.6164459146523513,-0.03430002334508363,0.6633333288845273,-0.1493066469770186,-0.4813787141591573,-0.8489578610629002,1.4039015817136995,0.36231223690004477,1.0664570078370854,0.9218677040451561,-0.9342357012361115,0.664194266570268,0.06314126032583128,0.21686118748879968,-0.11987463082409874,0.31546896509342703,0.5154734802275707,0.2897982934919796,-1.7982706986329156,0.31815406452618833,-0.9161633876798001,0.8604899355599069,0.87492875764679,0.8974658438929408,-0.2951640282886544,0.8016589375307506,-1.1259229198484024,-1.3843939837451322,1.9655853401040329,0.08560796785971792,-0.4090616635553797
Cu,-0.40488412387249934,-0.20926882079732756,2.109864279926466,1.0102170454008803,-0.870931147229899,1.556864210807013,-0.09023280641580876,-1.1600182041265625,0.9934808132685338,0.5617428275896001,0.2176942369670065,1.1799207170840023,1.6298662525078726,-0.11893263026052855,-0.5284530833064179,2.0179940458948824,0.6798852898262023,-1.4613943030757224,-0.7994482569137185,-0.39100961650017096,1.3570641140122863,0.20379279914955825,0.28270264377367244,0.05945736407100127,0.422413609895019,-1.3349048234194023,-2.4740268673031074,0.8994459164076718,1.2578911275442652,0.8735990249296516,-0.2625769041135536,-0.02740354753484968,1.3313544594104378,0.5119305586030563,0.225308182663031,2.841404344178547,1.2925274174695704,-0.08586197434923049,-0.2718629979539207,0.2518127647503791,-1.4439091160801034,1.8267332594562025,0.19075850636347183,-0.360219809821718,-0.35837404829609676,0.7304486424524848,-0.8579635807686431,1.711674008551374,0.22492347294802156,0.44944855441503256,-0.5382814179099246,-1.4120006781027894,-0.9112441920637137,-0.7204471945308432,0.32028446848706627,0.13835351577516658,1.2790273760728066,-0.7601874132007855,-0.5791029417542789,-1.03574838644153,-1.9966640268896456,1.5334398978768833,0.0607822191831102,-0.35112778380063114
Zn,0.03589981958804838,0.4961406498051281,2.0974549018506994,1.1340883807267867,0.3902915005960994,-1.2824966767203285,0.08202677281803192,-0.28329385668288715,2.17759384045608,1.579618846151764,-1.665509457738082,1.9233823444338842,2.0885816606820367,-0.44522086345892314,1.234141343966208,0.2684565074479889,-0.19379673141543344,-0.20196242545100185,1.97440509017586,-1.0355354081695662,1.1510877414476646,-0.8776214941339661,-0.5242303885710407,-0.2043078498753923,-2.068940339603825,0.3477115137309221,0.11060757543694592,1.0189656758975176,0.7007367257052463,0.03469096298783924,-0.9374297211930442,-0.4407485796187159,-1.2406022279762192,1.0076825601684336,-0.7196134397162723,1.6160452194886932,-0.10004205710200778,1.2713809470367208,-1.0951449379609084,-0.48239472260950056,-0.2873418854443721,0.25184584711437125,0.5037398952419165,-0.6671609116669457,-0.7841311014985926,1.1413081906715783,0.11478435974464761,1.3732888504097258,-0.03303343934836712,0.790717867487425,-0.013618696761211748,-1.0046358109744842,0.7331189779496151,-0.1970358150066452,-1.0079339557445817,-0.4452545433087036,1.2135963655723054,-1.9265989007608568,-0.3376412503491535,-0.34841891273215836,-1.036657839309822,0.4558878981415606,-0.6901817948812724,1.4385276922278871
Ga,-1.0512850640359073,0.40692168862358796,0.9476820417993005,0.12353416085380173,1.2511456605307263,-0.6867864217981067,-0.8196827169276125,-0.35830261494722304,1.2467299819119961,0.8205192854567694,-0.5789654531383647,1.1923788501233137,-0.13538380259315913,0.05719694458039759,1.9271388076904254,-1.526533066490166,1.0005030718248036,-0.10839947956576156,-1.450486714862101,1.4654851610094073,0.30166661754414476,-1.5579002562411401,-0.5944336955166403,-1.4112038365889787,1.009527840564083,0.5255887734704251,0.8099266459551782,-0.01598427929078659,-1.1188675927054403,-1.584998389529162,0.640262518509773,1.678605708549283,0.28415863715912104,-1.1579067554201727,1.5462984651840657,1.3923222502648773,-1.1442890576950655,1.7398218034630737,-0.6423271988088097,-0.7573919963833519,-0.8761793617898276,-0.30681359328539115,-0.4379599055290122,-0.8582518249614451,-0.8054591157978915,0.6725391917076379,2.1384832710530075,1.5256649498026207,-0.7916534514364476,-0.4271893851754716,-1.6012304907948858,-1.1358219254637896,0.0061359970507187675,0.27771955859561037,0.08738409278702673,0.46295516863728825,-0.77530818915483,-0.9019478641694229,0.3682473291223877,-0.3377970839180462,-0.8698697181733488,-0.6743267345323101,-0.2934701668545512,-0.5301627664135786
Ge,-0.2328933829614123,-1.2866221379335672,-0.40834456436860056,0.3673402259123949,0.13881809268989154,1.197852486703216,-0.29341091932788577,-1.422496436796265,0.3387935224114557,0.06181483968495876,0.455649229297951,1.2105640227926207,0.3734948205745848,0.6445648796722971,1.7857687316263722,-0.025980361644039586,1.2410487708646951,-1.7077144952429428,-0.15449885177850298,1.8669843914936537,-0.9257696503956958,0.21472910344184773,0.13216549463640573,-1.6836556651267127,1.1626752585571851,-1.3371893796137821,1.1928493161948617,2.0579595337772036,-0.5475130627126568,-1.4562376949406388,0.8264430333650911,-0.939771208577739,-2.3638001750227016,0.23075951401091005,-0.7091332399684739,-0.5814685954187077,0.11049455110794845,1.1942752420461253,0.1568753792540086,0.48433739085361893,-0.7293826278559127,-0.9976577881521451,-0.2708131963733775,0.678181190963959,1.3756463928495661,0.5172598711929066,1.4425825741945983,1.6727865255045495,-0.18106132055608848,-0.42802810515901957,-1.6350960373097672,-1.323511051376291,-0.22703228178738366,-0.17924971070924842,0.6051374713234012,0.20794208336661063,-0.15183769600067898,0.29221948976305084,0.5745552944537959,0.23666456070109873,0.5072666363449464,-0.822128264831818,0.12489220742308729,1.262332294431822
As,-0.9309130243640665,-2.1433313547340647,-0.21260571409690557,0.2545214186047706,-0.09858756586110193,-0.2965721424597037,-0.8940876300909545,0.3336375950623936,1.1905382569899396,-0.0964326330925279,-0.019765052183184216,0.9645709749274421,0.8310782920193327,0.6245293432513063,1.9834907185438797,0.23903831310677914,0.5595297039016768,0.7379095306810929,1.441218501814612,1.5646258944582503,-1.8567556272584955,-0.9203847861864909,-1.165550076393477,-0.6069043430005017,1.5255205715205256,0.7605618552284757,0.7935234745774782,1.962244559015707,-0.511405255932735,0.7112905509371106,0.9731612084426061,-1.0214378001706972,-0.22637163270999375,-1.4373008713161213,0.22254448200520002,0.095924332311603,-1.3467797760776914,0.17685795630737214,0.1408121025978713,-1.74357245208012,-1.1565378463761826,-0.25743225515665846,0.8283241431914251,0.8596059940392343,1.443580183221642,0.7738059300964613,1.3838381552628707,0.2650121915119198,0.07292637008250616,-1.118031487116424,-0.15227817229042132,0.6038677029172893,-1.8504332245877901,0.4428454277927735,2.500723925911613,-0.7698588852314787,-0.11662058792764196,0.8380746258912907,1.7561191810756125,-0.5309954189894165,-1.5302738150128863,0.147330031881508,-0.3082419174444126,0.16534176083368568
Se,-0.7948335541915212,-1.7437946640299582,-0.12525795954279526,1.86118963523961,1.1731176922016777,0.5264614880202011,-1.4793471999523513,0.872971682046626,-0.5209326918248786,-0.2585014360409918,1.5544492876104357,0.9715155453878025,-1.7238567517738739,1.8792242634560892,0.2360039240695917,0.4743504985445926,0.10506883504570477,-0.04457692651882412,-0.8670652538440727,0.7400531451088517,-1.886993132782188,-0.7559488850899949,-2.0974656503787896,-0.7608167252135764,-1.5014146211702812,-0.1298662492993436,-1.8912072560064135,1.2688553325588812,-1.148870801267668,1.5328460375054072,0.34625745910799544,-1.983552846569373,0.32404959240028713,-2.092136708968831,1.3789107166859411,0.2671206957089084,-2.3636772214287753,-0.9665385984027794,-1.3027204425855572,-0.9596557005581736,0.3182208037443369,-0.20367954400347826,0.844965342973101,-1.1430197403874802,-0.7442764524967879,0.24344647954903867,-0.1786004944056355,-0.7294482956924588,-0.1420291462756687,-0.4035040742249043,-0.9467199423406977,0.9681767359453806,-0.9199054323058051,-1.4552698813148472,0.31706936819798215,0.21058643445783135,0.8218481867602901,0.7564699776411937,1.421436291032888,0.12171544349429199,-1.4071156276548007,-2.0696714967685446,-0.6614685480997055,1.1854805646089819
Br,-0.9181334936468111,-0.7650611911690538,2.0481391990453535,1.4067885207174067,-0.5153413755944816,-1.106967255064642,-0.41530594731106957,1.3571042615769358,-0.4636391496579959,-1.9847698673364595,0.6287983730688925,0.26673624236627014,-1.8070098620281048,1.574456034370647,-0.6398054047143881,-2.028092173607311,2.4560877745319845,-1.0196220588884195,1.0567360672671957,-0.16384716995737378,-0.7718760162575673,1.2663633202710138,-1.4448194976687645,0.8256593963440473,-0.25771623015479045,-0.8820988219549537,0.034546719518076585,1.1055980171799125,-0.2891086860811121,-0.8541568901703687,-1.3753817187910864,-1.3599432807444012,1.0795909621515334,-0.21824420470446773,2.9092980283261456,-0.013503601728355224,-1.5338350875498639,-0.18212476744414713,-0.12606543834936726,-0.1501040309220673,-1.0563137874867343,-1.4977029685188323,1.3084960687050247,1.2210846847409513,-0.6207372605367991,1.9224451238381282,-0.9697586457278924,-0.1636820476801586,0.529808864533822,0.5132035348170899,0.23555395445595095,-0.5674333700581559,-1.6195557606124151,-2.111523297761977,-1.565446793080515,1.0519831307296659,2.6887828140328667,-0.1229104105739853,1.0646901770971513,1.657715078244632,-1.4364175558740018,-1.74067260496668,0.4576050052135416,0.6718908362045505
Kr,-0.14239186806824805,-0.8371416460434258,-0.29959838428381547,-0.5317103604373001,0.2910671031446599,-0.29290881016050124,-2.4289767286676245,1.3136490257679183,-0.1261334353188907,-1.342341165829029,1.36523228502298,-0.8292263720214003,-0.48804767897657003,-0.34668973059792974,0.3205930593170009,0.7249513744030366,-0.2744838704124864,-1.217583458423164,1.4183590530495274,-1.182939403860437,0.5612395714928926,0.2379652170676628,-1.0594405112555747,-0.6556226853695198,-1.0165222212257443,-0.13222721304685603,1.9267501176141688,0.2730326670552045,0.69796441712826,0.7550095334391238,0.12640510623810572,-1.1888395316495108,0.07634243229102365,-0.5901035480675596,0.4257098590722126,-0.7333164286458133,-0.8534702628993488,0.032878505010888216,1.2386645467637856,0.20838832974077662,-0.5430655302762836,0.5707820110504674,1.2322591140310026,-1.699346298167137,0.30647246380754084,-0.3743478733285024,-0.3790072679659016,-0.5435856023423459,0.7292729205855135,1.1289185337282828,-0.5622754188092672,-0.8118283175394024,-1.0163491814832384,0.5528742395425138,0.4837584297137156,0.8041464238440581,0.9051725619120661,-0.8903177348871473,-0.8436734502955102,0.18672967446823116,0.41505929931899443,-1.0065502066103866,-0.6315643936419612,-0.38016910251647706
Rb,0.3461359337832853,0.7515449301913456,0.33805529621840635,1.128539258294444,1.5701878824197715,0.9257967163195665,-1.8957576028702228,2.9241925677611023,-1.4612473188699968,-1.4311634789995142,-1.0142888528880345,-1.2618773566521413,0.25601289710401687,1.2568331502783787,1.586785100640227,0.08377288547895681,0.21218347090588788,0.6608545527435462,-0.27316332575396557,1.303019837985819,0.7901411311854093,1.7290293223828974,-0.5910679416991936,1.4622535781625974,-1.1413441652451244,-1.2300431475694322,1.0700324776119017,0.007850421955896348,1.9596479755292515,-0.9368371760778366,-0.07525500538255439,0.37776291573223253,0.8725871339605696,-0.7300333199235219,-0.6734173899865897,-0.5049089873929672,-0.17630314646400042,-1.6887336091158458,1.1808659990621646,0.9355412522849205,-1.9595667645744514,0.2167069247000601,1.771896022422947,-1.6955153519253412,-1.2697387377785525,0.22256546831263865,-0.9342692051713268,0.6700545045231716,0.6662178773519708,1.9440600183608685,0.18364079008076495,0.9332800368448276,1.115440101252783,-1.3548203525038696,1.1468812978618104,1.5769878730423814,1.4726533302914793,-0.6402192755218158,-0.418536342736923,1.219336116278135,-0.6318711726657438,-0.8799654640783406,0.18112371485990977,0.8313523682608757
Sr,1.4672085619678226,0.674495729489439,-0.27915069148841537,-0.6704535902184603,1.6376866121869045,-0.8280745579340937,-1.1296393106537588,0.3073452724616305,0.2484523925737097,-2.2654559965941736,0.21148364365482533,0.7060565952428234,0.5057393435441504,-1.1940776962990975,1.3886847743705635,-0.008475188585033445,-1.571673115958589,-1.3303976376082611,-0.7135132896928033,0.5947351883507205,-0.4837682803507148,0.11889462652374608,0.8078726890142318,0.4197541277828025,0.24964495206907855,1.1758909393319823,-0.665818640649074,-0.14199652249440686,-0.037461880529558005,0.4440320187363938,-0.4429256955498949,-0.6777773472567515,1.378822709379066,-0.45343891645482043,-0.8950666008553373,0.2513813485947637,0.7316101420798116,-0.26357345287734857,0.7267953265417754,0.05445406083787683,-1.8067600766715162,-1.9949219941432215,0.49721182766429456,-1.4618166763407963,-0.6687088910969003,-0.777587560646749,-0.5576307806886159,-1.693453578596595,1.2513268912803315,2.0587306652416406,-0.16944321680795685,0.9921398574345592,-0.5595935834622248,0.34601979203016925,-2.6898637135188808,0.9389143507488095,0.3749473492783182,0.7782354359174046,-1.2571616856655716,0.9080666828890145,1.041826924299386,0.03678412688383014,0.8473374561978217,-0.6907728293921539
Y,-0.513721428190586,0.7726387162771793,-1.3361971881769377,-0.9990123695694939,-1.9411254962847841,-1.2180124675385435,0.8581644084017598,-0.20486295772546756,1.2744338104289175,1.2760728089390496,0.6901074856694229,-0.7808188936599038,-0.7541875771025749,-1.3045764193796785,0.7140250720004516,-1.567561765023238,-0.48807111375981926,-0.055425756786764334,-0.6942550235599777,1.0858430648681532,0.31981821923040593,0.7777614443815097,0.6473098832363393,1.1769248971399342,0.5042257423242197,1.7528427536133746,-0.6721952769083099,-0.5654486801906762,-0.06596315623846578,-0.4362531153886047,1.0805687513718936,1.7723436842997993,-0.14723188809479695,-0.28170912604757525,-0.231883447889975,0.8079844627963546,1.2146259968728828,-0.6365230537094123,0.32107556450741837,-0.6973745985159998,1.152080912620336,-0.5020698462191236,-0.7333908723669593,1.2103143375961207,-1.5180034461322267,-1.0335055877346946,-0.2550498020382035,-0.7660598657195536,-0.946602933989987,0.7880652989508262,0.4232906014874509,1.439162030382953,1.8321170666058453,-0.21112353398606978,-0.8823219254009167,-0.38227524360017334,0.13619037585586694,0.75210359663063,-0.8474199759602076,-0.26379673157110023,0.16316746299275967,0.3243571593600486,1.3327151967319828,-0.1966991349641776
Zr,1.0827407035132586,-1.0288065289872397,-2.238443764035242,0.6420169099529435,-1.1986154369046667,0.5381276140000953,2.288399180093049,-0.3439312362516996,-0.3574879056958755,1.3407831502969654,0.9688340853367907,0.10464379216246204,0.3264434398088741,0.10673315578162795,-0.9447312197000759,-0.43932252782448117,0.7041139744399584,0.3575998033123409,0.0446621973112092,-0.4207765305447844,-0.8971682389977145,0.41875623937287476,-0.43233377304668724,1.2627178760540096,-0.059136862154340775,1.2740611459146303,0.6312240841157646,-1.2001987578702482,-0.8303708606392434,0.31372176334307866,2.1945994202821293,1.1800081773617956,-1.849764934845137,-1.2971107785148417,-1.372300285013019,-0.8817416681801918,1.1049325096295268,0.5338395806434589,-0.6735890573559834,-0.14347696390477704,0.06679401308100659,1.036718789995488,-0.7461736247829093,0.989592172314409,-0.618630544852093,0.12554222764026496,-0.5236587109032285,-0.6396080529598294,-0.32574033025755844,-0.23450827314794745,0.24584748282037092,-0.07426052023147497,-0.09252515994921633,0.23583099895768742,-0.07805962636436918,1.1355383372931493,-1.642263426823776,-0.2821500249928171,-1.126813061518696,0.01931947205609291,-0.272436729006128,0.9239169409573177,-0.09008850786299111,0.541836086211049
Nb,0.9281417619888537,-0.8421967945450372,-0.9660160357620545,-0.8527940533085429,0.9533887473467668,0.6172242869236431,0.8982808680103825,-0.8286359412800095,0.0542794328738587,-0.15684406356364097,-0.49061870269927477,-0.2345476708305014,1.6766814502834462,1.1837498525405392,-0.8762553839352,-1.1133105064205562,0.7134429099296928,-1.1023997507797525,-1.4702854903152118,-0.5799231363462491,0.2170920448095024,0.5136164430569344,-0.866127725993289,-0.5123462414626114,1.0903506694064375,0.8677665734237182,-1.0126687590752395,-0.5783635142416186,0.8812674377377672,1.317656691925722,1.7216231015807981,0.507378173922131,-1.269296561608323,-0.09368507089237943,-0.5510379978707086,-0.7933060307305905,1.0755073540241251,0.8628936535548496,0.08775220694177607,-0.20933444148016567,0.9721048360812178,0.8115662278029921,-0.8920715533934062,0.8851160025440998,0.1558431717676367,-0.8235568642749918,1.08556220982615,0.7219162873067636,-1.4420173725410024,-0.6592291201775189,1.9961048948313564,0.6208313410689771,0.7260611389107364,-0.01824880121460113,-1.0057203133442398,-0.8237450386640238,-1.2241958053313446,-0.7774878280030019,-0.5019154392918165,-0.43599599467626754,-0.5097647570307455,1.1915970880668108,-0.7665781957226585,0.42385080298229794
Mo,-0.7696427254464763,0.42839294186067417,-0.6669857088245373,0.5810747296428105,-0.7649005212059169,1.1642472433309314,0.786819256466882,0.09606883721019822,0.7033659427612025,1.0743412379195783,-1.3832991566337378,0.24141572927068936,-0.13323387657104818,1.3411379320148706,-1.8494414683043798,-0.6391642760783713,-0.08940661127744923,-0.391040875185467,-1.8697438925133951,0.7912336942211556,0.17155696954518532,1.0262832825381036,0.5093473646806823,0.20473944976771963,1.4153509205606132,-0.5834505911609242,1.1254492527607802,-0.46745895552531785,-0.7992110114347835,-0.3110220892341758,0.21518296600487818,-0.7202678830893071,-0.6568768902951233,1.6986426600816424,-0.1578060984544304,-0.8899558660968363,0.18847111173147452,0.7284211230160368,-1.3415613560156872,1.1973886741325923,0.02229735836588342,1.0889192355697666,-0.9374194993919891,0.8848776021502712,0.8852182602430737,-1.6839306422290858,0.0731797764698507,0.08841058490120317,-0.13038773629856448,-0.8885040471720117,2.1143524258649236,0.47801127609786537,-0.4437144720848645,1.1792308851183633,-1.0852470822267755,-0.24804849973526366,-1.9386109616398146,-0.17413104772849286,0.0886312196966799,-0.8165501438160534,-0.17424249855861856,0.8637072209597593,-0.8553970460555202,0.8767577643942162
Tc,-0.886721607380679,0.1512805767905763,-0.3571291959725921,-0.5225753952064279,-0.2962180939043417,0.9998464934582603,0.18418624274500792,-0.04742253652376184,-0.11426394277792055,-0.4421429902553103,-1.8588112450630678,1.0961736467245582,0.9828564853096472,0.9349234783717163,-0.7729961587700594,1.8569389850715088,0.46391612059669324,1.709445299419403,0.38227180508703457,-0.329394240082555,-0.1427187858891956,-0.6882213689854114,-0.5635406193756093,1.1706623127265094,1.4696202651483843,-0.05452797648435353,-0.008534523773859224,-0.6830870765179196,-2.2197416916086774,-0.6831726848688854,-0.018843879191843788,-0.3369272566626268,-1.3353383782301145,2.1008497901524628,-0.7167057769890298,0.9699651962955943,0.29099072936322345,-0.45430980221381284,-0.22303607408571433,0.48462503244524285,0.1694903012510686,0.6671000246919936,-1.6578102447907686,0.6757078095148875,1.9730205118891087,-1.3115281699630859,-0.5024451115250598,1.450428613973973,-1.050818892465881,-0.6201134795790292,1.317505042266813,1.0329545716884225,-0.06858435164601731,-0.38224391104349287,-0.7033337165853618,-0.32683445504212083,0.706821151917901,-0.19899142391325492,0.4717723186912696,-1.248399659449817,-0.5977203499624354,1.4147434842850877,-1.078955038329581,0.5532832864504875
Ru,-0.39887408792004003,-0.36674179578941485,0.5930876727059161,-0.44208716660362635,-0.9759879212781617,2.4943340910953107,-0.0944392638481091,-0.9295685640549407,0.8859950041487316,1.3598346619666943,-1.505024034541138,0.7161121722766546,-0.7241065352925801,-0.24635152895569923,-0.5084061245876481,1.3479018162666594,1.0304435813350141,1.750349267680929,1.083734426584722,-0.8933383394803653,-0.7655307769851585,-0.4770557730623749,-0.13382257177014406,1.2215238104270063,0.3900879019569306,0.3374053553702873,-1.404607031633648,0.424278859280216,-0.8907111741415408,-1.2270594310397152,-0.0034921574966920985,-0.8673487994672885,0.17279738739877185,-0.4113391959449996,-1.8198741345695577,0.5887649970349815,0.38557816767841646,-1.0160752378554385,-0.7506029796370989,0.3112454053592541,-0.1697418176808667,0.2576290687199381,-0.5230510457304298,0.2257089297297191,1.6024840437304189,0.03261304790143043,-0.1594151057741178,0.6098960019008678,0.11601090075575793,-0.9528689285664909,2.0787015867889824,0.04989956926157138,0.4406479168776386,0.46149688163142577,-0.542001680523982,-1.1630901508942766,-0.41916378701331214,-0.39422183207385625,-0.16492806988160397,-0.15418724352038635,1.010747626432938,1.7605508500993792,-1.156714778487194,2.0327767892612054
Rh,-0.29098106932072393,-1.1196759358046797,0.22525767865315285,-0.3223120934085354,0.875403945986428,1.6551870742484118,0.15474559827502074,-0.4423776252639239,1.6396119532590427,1.784911158042646,0.46641085493429263,-0.3228334379493955,-0.7219196916064198,0.9704192689406854,-0.45603180439528956,-0.4836354107675508,-0.45722418175078844,1.4292900932553492,0.9164161570316595,-0.6940570406784969,1.152688674527621,-0.5141867916528863,0.6392130989114854,0.6880997126606136,-0.5436122295955689,-1.0487629180635754,-1.3003245841206732,0.7155800563420487,-1.4759079820762668,1.249842140378373,-0.6501855795435958,-1.3770725928483354,0.2040582590849811,0.2712749547479996,-0.5882466711094114,1.3531321041615145,0.32504350630002116,0.3761697045446441,-0.1008554752201668,-1.042720826936506,-0.00802498763959203,1.4017602441570318,-1.0821357206273277,-0.31430656351752523,1.7284197469821143,-0.5869098196030014,-0.18654508817326068,2.001058467099691,-0.9181715239590394,-1.155943295786256,1.6342100963771962,0.8772984196373697,-0.10008794519506377,-0.3213065699697461,0.6886570983972158,0.001513107347171034,0.10249633787764821,-1.5233595144198244,0.3353959018636499,0.38569445934896807,1.1387542664369354,1.7157255393159623,0.051531899652000765,1.3413319647443926
Pd,-2.0687308200378243,-0.45729503551776357,-0.27673008373135255,0.168756109664232,-0.9175756798093179,0.624502310729294,0.4529586600241899,0.15179530353032883,1.5168843790239517,0.9666170988204891,-0.4711920902557752,0.6860263000976607,0.5095890449037263,1.171284862696067,-0.9516298092924698,1.5764039337768707,0.22892027533425244,-0.4090770661482011,0.7095990487069199,-1.2928948419684794,0.02093842802665495,-1.8817131993135447,0.005127560102470724,1.2401429288009844,0.23689841843491907,-2.2288154007304537,-0.5003899371051695,1.1287269150351782,-1.210224836711494,0.3165866306532953,-1.4399124961594851,-1.62383568123199,0.2092809757049692,0.362505227154567,-1.2042161404036873,-0.3407386221161748,0.04331395530155564,-0.5730102727971893,-0.9461909066755656,-0.6601045980547834,-0.9475006235643756,0.6812360084227012,0.7736880619168476,-0.43738695749614653,-0.06596417947293771,-0.8601194221403734,0.8256436737560301,-0.3380716256666415,-0.7726640771973922,-0.5634552146475547,1.1090722721204849,0.6555563820941591,2.0286670022960442,0.5608006958609628,0.055158672903171065,-0.7524887008463969,0.23574192571374933,-1.8351556921961478,-0.3246031936550454,-0.8674820356707658,-0.6202405267037554,0.28745335847497705,-0.8632985295384892,2.056727586995183
Ag,-0.9451727669794706,0.6141926484040748,-0.6778298772045263,1.8459092737105463,-1.3593155156170262,2.3602408939912953,-0.977072899521191,0.24732698874088094,0.049776785956658645,-0.4106147346673616,0.42692966041987046,1.3575944867760141,-0.33360235902054697,1.0491970031869498,-0.38162875674937213,1.4750172384989122,-0.05245875057788636,-0.4466508882558801,-0.15954167148911802,-0.4743139378063122,1.4776367845216516,-1.1734828655948795,-1.1322487566620671,0.5273677726152699,0.05479354819249896,-1.8917619397523056,-1.2432225202009393,1.6528986559859702,-0.6667183574623219,0.6179392844479797,-0.08127454461915073,-0.8087668541207148,1.5639576022259656,0.9041289914740481,-0.44811193616079525,1.4575863534082913,0.7888295317376129,0.36414269882473915,0.4646116544708625,-0.7925631110859472,-1.09772643251541,0.08398901724214129,-0.6226076153531439,-1.4012126378200223,1.1478433594192718,1.0166908834006942,-0.04632763725861006,1.1833551310953183,0.7977195198097345,0.1756572902070455,1.0876279045523476,-0.1538688653690981,1.8470814726482379,0.4489375460362961,-0.8857078588307187,-0.07625116649305419,0.4876438792970553,-1.3228901572528557,0.19439080225247163,-0.37346951110851767,-1.2370658757263404,1.3475822925038416,0.019203758864629546,1.8215488868738252
Cd,-1.9137224639965575,1.1254285343714092,-0.08768133205335324,0.7313267664466755,-0.41233479126635175,-0.8900460672684153,0.49830267310435866,0.025009274410200056,2.2464644181737925,1.4537596242541941,-1.547771955650954,-0.08774529267767196,1.4169100747989927,0.9544259645843239,0.42550823498736035,1.1439474230776148,0.32459504143728407,-0.6627904600094993,0.48433130936691315,0.7460791938928181,0.8938695396139783,-1.8793251490338614,-1.2271838322346318,-0.874383789042051,-1.5979044496796535,1.0364946221557771,-1.8481956259372483,0.2522102509586434,0.07050093770646823,0.7041164259589753,-0.08071086814126079,-0.8792091888856787,-1.3309518230805213,-1.3724037818623251,-0.04589040790995952,0.29616525765503804,0.9448675454650706,0.6380342277738097,-1.5613600873832085,-0.07423276717223078,-1.3655710720741048,0.6843635372463232,0.01254106899299878,-0.7760718507502622,0.3051954183402317,1.7462407157147595,-0.0005855182009549974,0.4616622791711167,-0.3650945967177154,1.9043563217969133,0.4782802109260893,-0.8826238804094733,-0.6557048165769893,0.20554001457208432,-1.8457746856953492,-0.6417579159484986,-0.5195038016099036,-0.8919820537361884,0.8361923917543691,1.5262891740039857,-0.2025827069915646,-0.08160143025052023,0.42447330715544823,-0.034511852913477865
In,0.5018328463876625,1.0260305191958616,-0.07058051510626866,0.8608245006291082,0.4797336584588333,-0.897579167438951,0.3667847088420409,0.12792948704333976,0.6997506661960609,-0.9571161408262938,-1.0114956561312964,0.2566022453893246,-0.4619697029211448,0.07322526504240097,-0.489427791205649,-0.25810081153059455,-0.3680146561289054,-0.845902199343417,-1.4110173685473366,0.016250189092690527,0.2792933912671563,-1.5686992957733157,-0.4055123047329309,1.1974880915840613,0.6979729312648183,-0.45300470671588644,-0.1374113653887968,0.32558675302445633,1.2573496091820495,1.3853284030720605,0.7404895860757927,1.6810935950723143,-1.3302459042253496,-1.674786972376484,0.8107449455525452,0.15476943559748763,-1.0163243143757426,0.1299497190119219,-1.040194545310328,0.1976284316600726,-0.059342884278372705,-0.7025106647144657,-0.4091603419115212,0.6948593521011661,0.38771334675905533,0.6752585678702037,1.9524768080315082,1.3554769249308185,-1.7959563756532053,-0.5469500660542069,-1.4342942718664577,1.0434458599142316,-0.7245200577072997,0.6772074025656725,-2.1705947606487785,1.6350312754547391,-0.9873616829039911,1.2019981303250646,1.05115960192032,-0.531154096150813,-0.16158991106019752,-1.6158792681171512,0.591657024364503,0.7370726249308339
Sn,1.3672591380191619,-0.2934715812393967,-1.9439145177675548,-0.03725364282842236,-0.2467425031066375,0.400118270650742,-0.2721905316128612,-1.2417985643130762,1.1013479317906698,-0.22605097430793064,0.4259420063904957,1.8653045497858987,-1.1184139041433558,0.3264359102221811,0.6369372273735044,-0.8737025732945447,1.0208814817304888,-1.4096460728514277,-2.091038483660658,0.5858406419368896,-1.516683074540728,0.09620307445158026,-0.26104539253942827,1.657167785255115,1.9344373643214896,-1.2321785762168962,1.3368655674445464,1.224797051880273,0.9226752596109632,1.002887719050174,0.7681325293710558,-0.6421806332825514,-0.5191704395724986,-0.1405149654819387,-1.2012932321724736,0.15594237421657162,-1.0144369470136634,-1.2456254596654601,-1.3174718033018944,-0.19107486331980103,5.807857782834944e-05,0.4654632431302015,-0.17841014735640465,0.49847150293842696,0.3353024151626711,0.8248633640900779,0.2488703862147461,2.07809810682905,0.5240452649470045,0.5409347995603666,0.21975306482180734,-0.1891807356451554,-0.9242531430708251,0.9631722417270479,1.0223654177208221,0.9331119108200365,-0.2020061219219623,1.7215037330800045,0.3677191509626062,1.2317138138149868,0.19279827551537554,-0.4788443407305727,-0.2536309145455076,1.3993565877103573
Sb,0.4418222466939618,-0.5449099064456848,-0.6595192004306955,-0.866533055124122,1.3236236442608438,0.40499790433456073,0.017562868463557046,-0.04900002739615293,0.628427076316095,0.5874990460386221,2.054334306687518,0.05599630816757977,-0.8101511931455687,0.3682767523488668,1.1893347258465143,-0.3868869886908106,-0.3731925757646845,-0.6743858859865434,-1.456347147228383,0.19106917486467687,-0.40033634766402776,-0.8334242790991957,-2.0034690443462004,1.9251800259761254,1.5930055597618775,0.8832659275805151,0.20297308482606546,1.5582622442951226,0.6539517031983155,-0.6894843341334292,-0.7118613335628993,-1.5089940197670968,-1.186875562731101,1.330814366162972,-1.5926816128492935,-0.3932461374195675,-0.6257714107494063,-1.3721097612555544,-0.016029690244333948,-1.6184726445143893,0.5881465378085676,-0.5249112105363981,0.7469450774224813,1.0406172042834743,1.113656722457426,1.4362428176022994,0.6765269923484896,0.373561085375814,0.0008330471928129606,0.7970173574712581,0.9535685143313818,-0.758050263601602,-1.29990099068545,1.0273685968844855,0.7731245289550949,-0.7471397692532673,-0.5779841450289637,0.6393794794042844,1.7555716860763544,0.15849555005642588,-1.111412322645562,-1.373993760229509,-0.7676365188596506,0.7735226917891961
Te,-1.7868988409222963,-1.8674277195158049,-0.5204574789076415,2.0099748964176882,1.8382959154708052,1.595259586464648,0.6993383581719186,1.19580703179207,-0.013715275665272456,-0.8998633980553749,1.40685674284167,-0.6121525522243992,-1.6237122250139313,0.6768753060647754,0.14677788049427273,-0.4792403808603205,0.07833459598762274,-0.5271128749961165,0.7986153890694403,0.7473978571635851,-0.07558198420312862,-1.3840123475420123,-2.203901727350021,0.4287871414763933,0.26386615371410616,0.021215836250049244,0.5445056104888218,1.8320102707349093,0.697702577496605,0.1802051592102856,-1.3863383629883528,-2.1402667098994175,-0.8069880312728307,-1.1575186580563908,-0.8569263300996923,-0.05470410117932088,-1.7934450526316728,-1.710085055181171,-0.81532417828406,-0.6531422934320809,0.3565778907032163,0.3577375787992345,-0.0025006494031692993,-0.5481466991941503,-0.3181032640508757,1.4488992924321467,0.7977592795182379,-0.48084959557651674,-0.45428286122340505,0.6279655166912791,0.6094261982557506,1.4316739245830366,-1.6679630486658286,-0.9804858477620737,1.0448135709344684,0.07344673604000028,1.0206449172944319,0.5694361795949286,1.1300907130905078,1.1281705375546092,-1.3745622009575134,-1.2896367693662896,0.06682778586665819,0.558340865871778
I,-1.2202934543768775,0.3179418594661541,0.600435476164796,0.05434048230050007,0.9330953161183023,0.4641082352753017,-0.4522161099911603,2.2486915600272366,-0.785873908567975,-1.8015360533631075,1.5467482036213758,-0.34061505186749025,-0.5114102145059757,1.4630617851880139,0.3421460904563356,-1.600455960933469,1.4857214983029312,0.3683548293983717,0.5933829029271227,0.649476057393036,-1.6077697281891261,-0.6843616765237938,-1.7236235359827776,0.023038507489062617,0.6558887035290091,-0.14135760041338566,0.4459982866067223,1.0374724904049022,-0.4471757995193145,1.2981682797086103,-1.2849933123004391,-1.9982735607339128,0.522218338141522,0.8474665177809177,2.1431306408549062,-0.973114130387885,-0.11798874365273541,-1.1690200063014287,-1.3798681723961124,0.4148979756116089,0.10390480883982746,-0.5238833459025548,1.527297540216005,0.2823902219420714,0.44414807445900123,2.327566225132072,-0.989111739143503,1.4900285253765186,1.4332697734348963,-0.4380842335612594,0.5530851023412362,0.9612757513036091,-0.626538687130327,-1.2807051717194402,-2.0748509256263556,0.9566510152848939,2.7253447628415053,-0.8899562174467172,0.17842386029658377,2.3953923725562665,-0.8592839440252292,-1.5269392742329508,-0.10414037157820033,0.803451581558979
Xe,0.0,0.0,0.0,0.0,0.0,0.0,0.0,0.0,0.0,0.0,0.0,0.0,0.0,0.0,0.0,0.0,0.0,0.0,0.0,0.0,0.0,0.0,0.0,0.0,0.0,0.0,0.0,0.0,0.0,0.0,0.0,0.0,0.0,0.0,0.0,0.0,0.0,0.0,0.0,0.0,0.0,0.0,0.0,0.0,0.0,0.0,0.0,0.0,0.0,0.0,0.0,0.0,0.0,0.0,0.0,0.0,0.0,0.0,0.0,0.0,0.0,0.0,0.0,0.0
Cs,-0.9485800231286903,0.3828216755737333,-0.41178226561418896,-0.23630294518006226,0.2254829646614898,-0.10528325590435175,-2.795682206811601,2.594692406372808,-1.0305309020403812,-0.6724217731661454,-0.09228601010934238,-1.5223016140713617,-0.7525376389722481,-0.03749053669486165,0.7370249822378445,-0.33221516841580245,-0.2130078346471532,-0.33213339319412766,0.4034073921737693,-0.6505694882223413,1.3850592280376848,2.1761477456203573,-1.3599970091306126,-0.1879248697626387,-0.6656897492365872,-1.7166407617863222,2.0304498190986746,-0.681161332653571,1.8009010684900724,-0.659573092795625,0.4938505995143478,-0.8831166047922322,1.1076475447177256,-1.4497423674173604,-0.5713249832359992,0.23532205160104402,-0.3699972315602893,-0.08081007537812901,0.9872576681934657,1.0344777885769667,-1.4150942742489394,0.8414167144019552,2.1262242213106424,-2.1089751762242424,-0.07685556300857628,0.4370374523187054,-2.0983786995662945,-0.047850979461105524,0.33375942121679597,2.114695502023249,-0.4007846421507464,-0.023256973541852577,0.41063420800547057,-0.6691799744755065,0.6765648527609316,2.230134645106693,1.3217007955652187,-1.5823236392085802,-0.06450159149171486,1.0715132330266846,-0.3528495452056747,-1.4220166398224643,-0.045642754259788726,-0.4071827968897318
Ba,1.0407479198521141,1.6070057851039619,-0.045188089127829414,-1.2262360377738717,1.720565322166389,-1.2873616946958457,-1.2767729130959378,-0.6799800002121301,-0.008165664533071635,-1.8257098472921112,-0.8306434270956291,-0.6661946016542286,-0.5221524184202053,-0.29252791780619114,0.9627819101216392,0.19910145467129892,-1.308831247123673,-0.9146705148004677,0.8907389523705112,-0.9628840618736523,0.5923136198457364,-0.209086536697846,1.2585066948263104,-0.10383527187845817,-0.022274846343113757,0.8347020882430902,0.49405918774346863,-0.5462947479254098,0.7907751488850661,0.3032864462796909,-1.2876826131746535,-1.0471767397657177,0.5898756336478954,-0.9371254126678852,0.5079315384186577,-0.9884869312569129,0.324940038596262,-0.8714907979058657,0.4818898002289626,-1.6494082552645892,-1.6538839153912606,-2.0768204063140168,1.02885847086557,-1.2122554856360517,-0.24365997412538018,-0.7050287770422271,-0.8467108750343896,-0.49932757341719475,0.3161073394754897,2.1762819412765304,0.5675117872532821,1.37010456634508,0.3574844271722675,0.2643550433182373,-1.4699239620672517,1.439962221770601,0.2985271048923347,0.37387943433861187,-1.0236935093984538,-0.42403508957564945,1.3499413590938412,-0.8891277747315657,0.7239853495217629,-1.0749521601955923
La,-0.15724301605871352,1.0061763780940918,-1.2206928402909538,-0.4168129215315948,-0.2743044173836692,-0.7229916231600257,-0.8798364141506317,0.1349291014931074,-0.14746403440495132,-0.43402915710322953,0.6665054815732853,-0.4903197230592378,-0.48785174240706636,-1.0861529497921043,-0.5417960323318952,-0.2121498796853337,-1.3080030813070365,-0.6865267778899541,0.8470268263946743,-0.8822012960567793,0.6045959908547421,0.45584233715674366,0.5618167748990791,0.1882023666756656,-0.782132514030053,1.062681824044292,1.4484220665396017,-0.7952293190371819,0.8719369015836124,0.8291240729493138,-0.37632112129309114,0.13807463802889422,0.6516802168181033,0.2219912516026575,0.6461698391046411,-1.3205881519003897,0.41299689564704467,-0.4748592890201174,1.4400824003704875,0.356638527775505,0.8542723148742589,-0.7890352740494311,-0.40400307425749105,0.4678990482453152,-0.9835317428846024,-0.33078726543507414,0.07040434726439833,-1.1693685772115847,0.9342515252692518,-0.14974658622428144,-0.24313697063808676,-0.9144804915313853,-0.6526794942721775,1.3312351517486567,0.35741679639857776,-0.40662805882549735,-0.7777018715722198,-1.4009980046559163,-1.4729348310206736,-0.584154464711446,0.59264683598066,-0.3396742102244965,1.0595279178388664,-1.5161586937923215
Ce,-0.19194193176674823,1.2577412330670825,-1.1236074412418275,-0.43721516189838666,-0.381998674843612,-0.6881082263719506,-0.7556119222533103,-0.22714753001272847,-0.6022835762512735,-0.010878710897027561,0.23266446589205328,-0.15700853456215144,-0.225211298940941,-0.9904447969612402,-0.5973424416344258,-0.04717732701824483,-1.431672451865751,-0.7628541226675156,0.643616473421795,-0.5018315946954626,0.4126612278023318,0.46105761044132193,0.8034149376836599,0.4021857376089623,-0.6338642205724152,1.023871891560953,0.9792815357229644,-0.806958458805746,0.7118243006020848,0.5025161231695466,-0.5975832402690543,0.80707728047795,1.1349924916097855,0.0875420429786355,0.5201585837745271,-1.3952985788763352,0.5975543152879984,-0.5909609753594516,1.1057583482832338,0.42000654370490115,0.662109273730438,-1.1486308053949565,-0.47455883256591813,0.4859946223749926,-0.765034893501534,-0.06174300226122317,0.3551641267488232,-1.0024675579809064,1.1123408853215657,-0.5410436398007409,0.009066368964259114,-0.8298781954718464,-0.4569998994832414,1.011994096426103,-0.029672285432711176,-0.7813938515522248,-1.2292964643377584,-1.822191257670084,-1.5111025109742096,-1.0017267224759396,0.35639073286138295,-0.2998908742252746,1.4452358166786239,-1.5588881783939617
Pr,-1.1036238520438426,1.031799900870401,-1.3078691122339456,0.32624408575504776,0.2495971949219523,-1.3501845272679307,-1.3974841554968152,0.0019655797821532513,0.040194119180916324,-0.7976735363277317,0.5649762528215585,0.13859942659760327,-0.17847211119905668,-1.0209851618253187,-0.513611673379502,0.08182708984883613,-0.7065807446827739,0.18523227776291867,0.9501891434789859,-1.0398474272911127,1.0383260824502307,0.5295897063243173,1.0508602002855485,-0.3051889285823582,-0.7213498768556066,0.7619159057048688,0.7826591417636396,-0.9210524655244865,1.2120060827174532,-0.8047549783083072,0.32564940432733785,0.6687353455760784,0.24941122112407593,1.4613255105785954,1.5503093548253684,-1.1635673083129068,0.7927725575878091,-0.6624252202681917,1.0311979588226097,-0.6748789806454758,0.1786410784998536,-0.9902715466831813,-0.391690459671353,0.929940924590553,-1.10483376905809,-0.4106786231552184,0.4561841569890333,-0.803096908170366,0.7669767408989003,0.6196736635170634,0.5938470598075952,-0.8956799946567602,-0.5162539316379542,1.47215491583125,0.18805272145134772,-0.7377037523794346,-0.9532104545751138,-1.6355902186104947,-0.36640212930426824,-0.2061667353718462,1.3776523661811606,0.10893294685392478,0.6372486545002063,-1.7105624941547117
Nd,-0.20510361934888963,1.3621630671852367,-1.2790126051588118,0.4742487185142929,0.3398560686567975,-0.6706482404082166,-0.6442799893520896,-0.16572387907253042,0.5999959930196729,-0.8694004493894365,0.5725121029179718,-0.07467366856784338,-0.7879720825822952,-0.9304571351515872,0.06555883824006156,0.13424820006514446,-1.365360012631685,0.10858573955036448,0.5991650927683003,-0.3427919021695741,0.9426332955097857,-0.5012364874948432,0.6059262405145157,0.08300410983313775,-0.8973708307330059,0.46715470865257136,0.9172626223253926,-0.9358724705955487,0.9436383686204407,0.9508880348912256,-0.649581618317485,-0.06609235776881044,0.9840963638163701,0.44086995082439634,1.0728143860630037,-0.15583548733660205,1.2460064683561205,-0.3602709062151646,1.3563766690048733,0.4487215482308497,1.1072458407283259,-1.3699988644382615,0.0595722658868873,0.804643040433389,-0.938759734591446,-0.5644776276371529,0.11393885036086077,-1.1616374167152559,0.514354613002964,-0.6182364949840922,-0.11337654258455106,-1.2177164763498813,-0.5127259691630117,0.5857569612721053,0.14211151886407872,-0.9124572224712493,-1.0474325152051027,-0.7445029016159385,-0.967812613878429,-1.0142292439487979,0.6885323753445853,-0.4425231840425585,1.7264353321675576,-1.0388776393826642
Pm,1.010751947986052,0.6409730272320768,-1.0464516841453864,-0.9237142070181443,-0.8275747922803182,-0.9597919978815304,-0.3468841078449666,0.3860022125396506,0.5205907687980517,-0.13962544023372156,0.16201460048450878,-1.077960919888577,-1.0522118395854267,-1.283576772737506,-0.3374765198966238,-0.15170301622361881,-1.0643572805017572,-0.21372496979685074,0.5237957760975954,-1.0185180262335822,0.9190706605123549,0.43175918999869195,1.0670627383234743,-0.08255541735072457,-0.33883103754872707,0.9181324308346872,0.9660468767740483,-1.0195617680653721,0.241757346195378,0.28978347289020645,0.24122993191001643,0.33588831182096474,0.6108993299251859,0.018565077012853475,0.16655998778297512,-0.8846229434585778,0.8921584259484694,-0.41043114370410655,1.6788261148604258,0.8926400707863231,1.0027940917107827,-0.27531525740946794,-0.6988812281557699,0.0946669867800498,-0.8955448649426311,-0.8210295108468749,-0.27856676999233565,-1.182769719616621,0.6983010062727241,0.09714908470169117,-0.21496397844566367,-0.7844785373983438,0.267543884152189,0.9055770185503585,-0.09340436233152719,-0.10308643469831696,-0.6452755376821481,-0.4826554346355483,-1.2656223438757557,-0.4167676166815871,1.1884483449808285,-0.007512939420378613,1.040852175391328,-1.3518902118504512
Sm,-0.12042564019727418,1.6206968041731977,-1.0713346329517157,-0.5718022883747348,0.033584846100432796,-1.0534715190153872,-0.04780430842347541,-0.13113848933203598,0.14978597248874587,-0.5435941488863663,0.47375453230293557,-0.8501521447775743,-1.1021882071137694,-1.3730242935888515,-0.2854599829242868,-0.25935633181655976,-1.4143396481353303,-0.08059797904304808,0.3626559780274243,-0.438444863857851,0.4688353105947161,-0.09189346357572044,1.1724844719219039,-0.09119201697562944,-0.912766075295157,0.7305824791943899,0.37547167125626396,-0.6178007903520676,1.0329482387499893,1.0874673786605866,-0.7507706342262465,0.26655041269994545,0.7314178695753258,0.30265437576099313,0.8347007317451143,-1.1115388080306656,0.9386486628215341,-0.36378661975074894,1.3292726072686234,0.557452921361827,0.553568038901293,-1.268774161413354,-0.15171986686822458,0.7506574591933051,-0.9527874260215489,-0.4916254513880508,0.07492414254535844,-0.9592561364458816,1.0800642857442972,-0.642617494295506,-0.4458244492168163,-1.0078184059102868,-0.0864085671465936,1.2536773861916088,0.5081084799844954,-0.41291803444091746,-1.0534073672119204,-1.440275112526955,-1.4868683158409675,-1.0433201814732407,0.8291998110759814,0.1782265560026346,1.2944476889404022,-1.0495458774043724
Eu,0.9878321584119557,0.5365778391507471,-0.7827078391867734,-1.0465737184613146,-0.40733191304858424,-1.572362160452943,-1.0274620250564401,0.866661549135153,-0.5477234451011728,-0.6861809066612584,0.32423132530360027,-0.4772890203425452,-0.3874102584481479,-0.6923712519019647,-0.3260194949139432,1.0161252479834253,-1.3413186862227067,-1.5623790311001229,1.6479757499983727,-0.19437255316189903,0.2060838579893539,0.39146941118268797,0.04663932839735489,-0.7132898056598846,-1.060307051770627,0.8831513406572534,1.5817478413230555,-0.5439894111013303,1.0416590397713894,0.3672047453949648,0.2807139751056874,0.04428740933957717,0.12259879764924575,0.22955011081439958,0.6888976378670286,-0.36158868754692225,1.029417170702534,-0.1347215940408134,1.5500597190805407,0.09986140877486525,0.46556592061424396,-0.32802627606857876,-0.9052121235864204,-0.6767565945470677,-0.47004889226546154,-0.8290494919119653,0.6160204068602924,-1.3788328556632237,1.3104660731318911,0.8740191281296132,-0.4696766558673228,-0.8864285859506267,0.9109088358826554,1.4508673207298588,-0.02362933588919928,0.08008469934975132,-0.210459930111157,0.016761706206181465,-1.638246667206353,0.1833778781014938,0.4439911036076503,-0.016284830753945587,0.8973402240766003,-1.5571599102276725
Gd,0.239589481078946,1.1104511160503494,-1.1107777309743614,-0.7649673720811395,-0.2400673252232164,-0.9631765413645104,-0.6070508763671877,-0.20912889883646862,0.3509004351536081,-0.3999314896933654,0.6707880062283078,-0.8841560808626366,-0.9518266060049646,-1.4633128776284623,-0.36476977521408604,-0.05061691926206011,-1.2343768525247163,-0.18872670166990704,0.7804847690422787,-0.9692759964860957,0.9470229494962684,-0.08543240264728579,0.7857805341966341,-0.09367378386296762,-0.8277816493146968,0.9252863928764558,1.0875014307864008,-0.7541759964938426,0.8740067121191186,0.8590060823400367,-0.24716246321428806,0.22737743287698406,0.42932225836470517,0.11349159366610861,0.6120747755835825,-1.0915800706812573,0.8282527557252908,-0.17820932360945443,1.4103723138373523,0.5875878291121279,0.6047702846794906,-0.5175111518694591,-0.28755655545723985,0.34244024251452326,-1.0777263819580987,-0.6127676187570984,-0.00956553494333085,-1.1265631770064821,0.8678319390528944,-0.20999436778659755,-0.3686594665598822,-1.0635794356833634,-0.34542219823196335,1.2402936678360035,0.11038529040030252,-0.4840863526582201,-0.6529340221236677,-1.0926629751991126,-1.5235248415456863,-1.006550398171516,0.8045996035998206,0.007275909652073763,1.24425097614837,-1.2683819035330954
Tb,1.0743274706359573,1.222924059446604,-0.5791583598491478,-1.1254900468510736,-0.06256625437309617,-0.8127833456710991,0.12518888656204635,0.39188688016024176,0.4998517378249849,0.14354514336593635,0.06576781962119921,-1.2542117487718072,-0.7666917265250905,-1.4436138017137372,-0.2472455616503817,-0.9604921325657125,-0.7925215318722957,-0.6155917276358944,0.4054393249168827,-0.6042259777843383,0.5277805859386763,-0.2608691075241367,1.107748374539675,0.12736029428933077,-0.3379169463206892,0.48412184990644175,0.49115779844401053,-0.694545548340848,1.163330859489429,0.3986818681687305,-0.40940670334916335,0.18232672222884708,1.3719115642695503,-0.5144000023837265,0.6442040489378551,-0.6406498440066533,0.5382229758993988,-0.15876752170497715,0.9220458337203101,-0.05808230777913844,1.360796043991011,-0.3660227145037858,-0.5248820728194001,1.1352002736479687,-0.7419482062995769,0.022334970164694,-0.4520002359055424,-0.38190346576101675,1.0708394073242644,-0.724224635959909,-0.3100317588656423,-1.378040691953859,0.5586144537684999,1.1798524384526332,0.8917771494763594,-1.2521967945284087,-0.7135583181802759,-1.2165399281424565,-0.8348815381641806,-0.3656103172196216,1.4186487495257323,0.39047070454880495,1.8305570095667945,-1.4776577074127855
Dy,0.03964859624633315,1.3024101923977465,-0.5955609575598525,-0.38433765508060963,-0.7569729440806562,-0.9329526567371385,0.6755871738512834,0.2088133200694167,-0.4646480019004753,0.47435868287399713,0.08466815998713036,-0.985473561512191,-0.9237851199466217,-1.0529371245368655,-0.9102372605379636,-0.6007002114660178,-1.159871019283244,0.7886749205796069,0.9667709762676208,-0.9615646775201313,0.30771435102362665,1.1675833589991962,1.374186162913712,0.22518727776224493,-0.4462968530887589,1.0142459746971653,0.955700772296941,-0.5157306300578127,0.3432973641385161,0.8431380169079844,0.04703964410758302,1.2373523378609375,0.8697840629476353,0.7685438776966735,0.22647494145816446,-0.8648837724283368,0.819392670031858,-1.1429738526427042,0.6057376683337332,0.1653872656965891,1.3321039790443432,-0.3139390378576712,-1.292836075148559,1.010611225930674,-0.9217074215428187,-0.3742131545197363,0.16022107892306495,-1.348074300999536,0.7041527409868779,0.0646994736585117,-0.6441739480673544,-1.107978644808715,-0.06646471603553056,0.4772741091814489,0.36910748472059046,-0.6567661635326052,-1.3514944720114082,-0.28199453200324565,-1.150397700575616,-0.6556070570583706,0.220440506434107,-0.2364559591405399,1.1433826009098222,-1.6886595427948992
Ho,0.647389770722552,0.9345197998727759,-0.21049778565437915,-1.0922057453139913,-0.6642194958221661,-0.36399279278136676,0.2074740609068032,0.13023152576581917,0.046223215587204436,0.011556328367538152,-0.07255648042039434,-0.7446479526897464,-1.7373153153558145,-1.4014552800290356,-0.9296507040887059,-1.2515895496531735,-0.9927209754540093,0.8501503761240055,0.42716637386891043,-0.8406779312523823,0.18156917766897093,0.7268718578153678,1.0131883213326682,-0.008614009540298246,-0.1913807533495882,0.8763725869153367,0.9484268374711137,-1.2817027103251306,0.3472114425420027,0.09435601943092928,-0.016720051408035636,0.31168134310913737,0.5723755392606934,0.3369548416533374,-0.13511503896933,-0.5503909314591451,1.4124352358557648,-0.9531450672067231,0.7755722462028656,0.22096701623474935,1.5005541660876733,-0.5485574873409047,-0.9079478842712837,0.8657031094522729,-1.5843901442899297,-0.9248168767907345,0.17628473784955392,-0.8935079930959476,0.5042407294086435,-0.32533664596280404,-1.0524419243571859,-0.8969458323514546,0.6459509775372706,0.6868083774380499,0.1489935040522771,-1.0747227444804544,-0.7904154040476559,-0.09470048200167212,-1.1985933524859624,-0.4812376155715879,0.6428285850191277,0.1462352943836711,1.6620163143724425,-1.4614107454591723
Er,0.5065169895650125,1.1936645656563898,-0.21773920445089154,-1.0401985560471596,-0.9092573002464587,-0.4175614266726706,0.6525108175132516,0.24064425827858762,0.08726135420696846,-0.028869739910724394,-0.03915472015488416,-0.4622958860219508,-1.801910845772044,-0.9968205818260443,-0.3957777238390683,-0.8922410768493699,-1.2151762205608245,0.6324746697008149,0.31633760784727444,-1.157792678006012,0.27443692729676655,0.8934002131593813,1.1956445052060876,-0.13985086889267376,-0.599435536509301,1.2739446169575501,0.6944428445900747,-0.9897152952894316,0.46240053805416237,0.1734918291802561,0.18553231262782144,0.4059871145767484,0.9044375444359722,0.40369915174667614,-0.0659178883703229,-0.6215794532584716,1.2338076826505597,-0.9743280825574923,0.8249405997844812,0.5828059842305585,1.191137027795692,-0.3837651182182776,-1.0072519321104452,1.2835525058825878,-1.6508115960916878,-1.0918799629710036,0.17361022606555068,-0.9206590069031115,0.541864107998654,-0.5302859092477082,-0.7575174421795076,-0.917410341578211,0.7585692670383533,0.8704074087584763,0.45302703836402375,-0.9778882491459852,-0.8977218209213766,0.07948424096970831,-1.389221790991127,-0.4066736338165353,0.4187076910943685,-0.1816314332105605,1.4639980894392044,-1.313663823216775
Tm,1.6641057182575336,0.5050031232382448,-0.8178683713418556,-1.5446659867630321,-1.0930826508615497,-0.09784671884420804,0.7741981190968373,-0.09858276697940277,0.5232685746115545,1.2078333240833932,-0.81872442408326,-1.1671154969726587,-1.5633378604570871,-0.4919816597241208,-0.08928684946561202,-0.25530324363090257,-1.2024045155609355,0.03095804154883191,-0.2742873275581481,-0.4411549752174106,-0.0030550299418852585,-0.2042662117840904,1.4748460300531903,-0.4997909342484828,-0.07909937582613247,0.06866644311724786,0.21688168925391138,-1.0982640431669979,0.23589150958513624,0.4402257366539708,1.0222168933214115,1.4017442001615885,0.3741817280249613,1.1692648953318723,-0.5682570689765626,-0.6659740970265632,0.2475072099569207,-0.1504193886583564,1.3671731106168212,0.9617236489120294,0.6280525909830779,-0.3717729522979253,-1.397289882913108,1.363125963716584,-1.3687993410459056,0.01805201432483465,-0.7505999199339388,-1.227209781506524,0.7333461671518091,-0.5603197511678215,-1.0831187339301471,-0.371084672759001,-0.35117451777543157,1.1023041555260789,0.08953911729540712,-0.9867481768183709,-0.5585538144638483,-0.5163229290301445,-0.34922495821924515,0.5567329570054207,1.395303881314617,0.3672075367214368,0.8086344774951433,-1.226210574955183
Yb,1.7676212832569813,1.2676832471076134,-0.06363133684130874,0.7166761951495217,0.686950493604305,-1.9613684106761025,-0.6280806434214252,0.3180558932785646,-0.48026037484017425,-0.2758396707769504,0.7282729017543613,-1.2681420996009873,-0.8015203701870081,-1.2404369061214193,0.6588230664613387,0.8993119172466097,-1.237864302423274,-1.0949106636428807,1.295886033743159,0.4639747868721647,-0.12307574981541661,1.2498575015002904,1.4769719119179079,0.525410319193556,-0.22447798135376376,0.2293840244954472,0.2721597657814291,-0.816075373976191,0.38106337644248106,-0.6875451940194703,-0.8693727820821963,-0.16168123462230719,0.1959856519694604,0.2597680898159947,1.1640448893679314,-0.24407223912201356,0.9221567992067513,0.4207631215132878,0.7295679971875341,0.9107004379621821,0.19849892269759306,-0.5997648486022403,-1.2319400043922415,0.288210760261464,-0.48508779314570927,0.40038230667587427,1.1604345613315799,-1.2636122893379444,1.0757837663192225,0.24961328123930832,-0.3830388455915144,-0.5238775710547591,1.8232720426076892,1.1697715420470562,-0.7669643026056151,-0.4851630207856821,-0.859685819788285,0.5353599163535181,-1.0972777878555662,1.1486236036369215,0.7872436126709108,0.12925248387333865,1.4113041470587804,-1.5953422393762564
Lu,-0.5033671482181447,0.7680590552629735,-1.135880313325183,-1.922621349360201,-0.9968853561362514,-0.6421006013641026,1.2380973421675034,-0.6214492980046379,1.1315947246996965,-0.3187730286019586,-0.164170710313354,-0.43420667361205006,0.19620688914979248,-1.7355416181745356,-0.24155191886304037,-0.34286299660052466,-1.363569411037848,1.720541327297866,-0.882858565185997,-0.5401437797812336,0.014123238943765468,1.0690815655128085,0.6174760264548376,0.938702730776888,0.4626949519924914,-0.07820589389947975,-0.5874537449464718,-1.0973527853726415,1.2046035012319039,-1.8454646128864252,-0.8511387653141015,1.0146149005376857,0.7942502925807771,-0.34036287731271575,0.5911991150870008,-1.0649895233352675,0.781516419940185,0.9173657852441394,1.3423535438927845,-0.8043640166689078,0.7331596247918613,-0.017943041924151068,-1.413897552833953,0.4503061929121434,-1.5576849993240378,0.9805629375698944,0.6180900169108831,-1.0809563362056767,-1.065137476555713,-0.3566679040033306,-0.21021566398172287,0.6203612431821862,-0.21951913181003635,1.1030588623514592,-1.573969070377807,0.8567115822575484,0.3247458413044758,0.19354959078735048,0.3458803108102758,-0.7771094912649757,-0.19458808703989663,0.5667725377917457,0.1264046129467421,0.034058950581267
Hf,1.5014044027977271,-1.570014762114236,-1.4486476451075663,0.7747417488483335,-0.8014946068323358,0.9605335419175834,1.5412384514284259,-1.5183971138975167,0.6155045203246198,0.8266674731626174,-0.5179049308739162,-1.4493810822294773,0.08756726664949993,0.6132570836540919,-1.0084061913388063,-1.1357411945601474,0.6161158635156345,0.3097309554511607,0.11680983311344051,0.13182909922375505,-0.40280144694805026,0.59540101512625,0.6216583199045239,1.0881804517651539,0.09982279308486079,1.543144485156795,0.7793290431144171,-1.4168895008454079,-0.11269336960742456,-0.8914181218535079,1.1805312969100188,1.0853705408066119,-1.604170685176702,1.4845227211298113,-1.384388131126137,1.0749302503978144,0.8520878798173831,0.08161083162962027,-0.9739214798944691,-0.376502284637082,0.6117248463794976,-0.0944495443292717,-0.9608511285504535,-0.4560689036295776,-0.48243065414170877,0.0668301620466379,0.658559359590516,-0.8642930381996838,-0.40745947205692085,-1.4816659437163693,1.0872899519597459,1.7719047768566758,1.0309167795428495,1.0120639877215913,0.7882453394992501,0.5883914046282597,-0.531652806930043,0.16497096683924384,-0.8413201120076576,-0.3856958179330756,0.6100663245260273,-0.08679747598356162,-0.34598667473747496,0.17754114350305314
Ta,1.6414590649507355,-1.5621170537583755,-1.5991532795971188,-1.037720760263189,0.3981716467247069,-1.025482313117752,1.7560960066432234,-1.1938505522670078,-0.8066212236611008,0.02726104538415012,-0.9259262228111922,-0.2272432910930971,-0.01978238948711479,0.3726412478479448,-1.9204759858862985,-0.4791096485913792,0.5297265211801978,0.4513754360565555,0.44579723783370495,-0.9583005242412899,0.7546386652608897,0.010686154942590188,-0.8558237125972332,1.6513733486307298,2.0563307616775237,1.21082461606189,-0.8244533488013869,-0.963874681774045,0.1648056036972843,1.229300584582041,-0.223811904108636,0.6587413290539049,-0.9154803614800096,1.1609445508968737,0.6469726425156124,-0.5245435468187851,0.7046083653742451,0.7774105624426165,0.009044339214133649,0.3971688893414357,0.9956224913220099,-0.511723744251717,-0.024881866634867574,0.004611025882265327,0.7774161510959011,-0.37135010140931873,1.034255467928871,-0.6128584456578433,-0.7797172211009811,-0.831429284234248,1.2905713475022074,1.1141434728143091,1.7422180308455402,0.12918850032736023,0.6829523723267461,-0.11734759077603443,-1.442774510948502,0.09427552093909235,-0.103494971206384,-0.37544894191265094,0.11071090806733527,0.8911446674997948,-0.44131647754527653,0.7293244316076782
W,-1.3169903115114745,-0.4355945823349551,-0.2956114945782918,-0.8357476736512598,0.7470412698946765,-0.09239036727456582,0.8162425120122881,-1.4679659601252764,0.18436588606153412,0.8016925476378807,-2.1704184282078707,-0.24189853529751756,0.4467845961117511,1.165093735695197,-1.9372097395727506,0.07443042555049964,0.6013765244422284,1.3166334192891789,0.4701463280545991,0.8058538361576443,0.5129752125791499,0.5413715503144572,-0.5852595141347526,-0.003018675928261486,1.4042767668464688,-0.2077012855641486,0.05553429168921509,-0.06194926312580476,-0.9283965519193736,0.7922926917304339,0.018780100917886202,-0.44067921240965624,1.2619481534762145,0.522840387434666,0.19641844440864453,0.20585113681229733,0.21747524745133026,1.1129738932439583,-0.35491842917695376,0.7758839655863268,-0.13947705371554253,1.6365470353308005,-1.9457032606870617,1.1339931896874034,0.39779963544017755,-0.37609425415294045,1.0819636027820483,-0.40774816448465473,-0.6010317806497787,-0.06607146121786503,1.5493631866274775,0.5097128259423738,0.6578069445224698,0.7075044547880822,0.9471366230253953,-0.36412592139717953,-0.44773815642952247,1.2692931664215814,-0.4274886571704176,-1.9856137729398047,0.20071069760599078,0.655741044703747,-1.1359659187473572,-0.15651384570767407
Re,0.12797066094286128,-0.03567640893080917,-0.4251790198986629,1.310755939052448,0.8998361005689222,1.0438133634705014,0.6637034001398353,-1.0920923273919803,-0.36176536072692567,0.7462070456937561,-1.9069933353894755,0.6098855409086713,0.9199675004486624,-0.03854866351702561,-0.6650533340814777,1.2085347803795872,-0.22382596049720102,1.4391203176381904,-0.8279688537367154,-0.9646700422344378,-0.879429036043185,0.1873885047965789,-0.45468244935185204,1.0587524853543953,1.0791532639477275,-1.066750589742042,0.06056179154486286,-0.8280962091098878,-0.38983328324680344,-1.3905748622107994,-0.5144936369299226,0.545725062089055,0.8774382480576692,0.15938455963112846,0.8970593391819717,-0.20240176358101888,0.6010615120052267,1.1916966952144596,-1.387807170200007,-0.014670239116617795,0.10780834051981412,0.41626165656771935,-1.6203919128225002,0.6854561037359426,1.966158953598883,-1.075114291472947,0.4269771913850711,0.5711252932607032,-0.5859311053280307,-0.9085619176747501,0.91860548458973,1.0480214686292633,-0.6017095794243045,-1.024768545841124,-0.3920641951103716,-1.7644221292529128,0.5521405338894497,-0.3956877139810635,0.2875391021083025,-1.1573690973363147,0.7627970981120055,1.4775419472377218,-1.432309168601115,0.09638270821623271
Os,0.3993008576015393,-1.705296775817823,0.6754416365826656,-0.8888000421794099,0.42478008773602166,0.8788529280896931,-0.004105559622312583,-1.1451842485132193,0.718454318908388,0.5608455321453585,-0.30668286380156157,-1.351327391917706,-1.53076047319211,-0.3339367064860504,-0.7039879583493239,1.6799141051847823,0.45284958445315815,0.10732783212609527,0.5812246347288553,-0.18920333275752113,-0.29803353621916534,-1.5358343472928542,-0.03661800658028962,0.37281353015316765,-0.9510264725862916,-1.4777330129927877,-0.2117889733750569,-0.02322571447504543,-1.2953672454837453,-1.0412543012273503,-0.7917986199846268,-1.3363318697829343,0.9211166494219657,-1.4361937597199788,-0.7804964522144642,0.2165570668020397,0.6791856357324696,0.07657897032177476,-1.0185741604439105,0.4899209602703328,-0.12117845701920517,1.4186877679294352,-0.6088327634816002,1.0331791366573975,1.6514201364607874,0.6920918750454579,0.22043519378271448,0.4939233794320727,-0.09103438394786298,0.042218786792488125,2.2339619337140135,0.1713174776594142,1.1645349093897555,-0.2085316596277333,0.7184664185317984,-1.7558113025609705,-0.34479238915470095,0.3287832209772351,-0.012585704698810703,-0.7387253340588131,0.7142874033134462,0.45280795283936187,-1.5845682831132553,1.572378617874585
Ir,-1.2783131624753992,-1.5062094645776456,0.07184950361320107,0.954324154465619,0.7616367555648543,1.2589316634065,0.17744977956936722,-1.0611942324905947,1.1115227213386911,0.3515818370586348,0.3764000199293697,-0.8327685521963961,-1.4407914167877574,0.6508624183694665,0.15968006488653308,2.031082857352191,-0.7461693959176904,-0.0425739216790037,0.9915512609246013,-0.2702107832569119,0.896257555613112,-1.5035045204919764,1.0137545280495774,0.8926152563699338,0.3324231333292306,-0.9923159813112344,-0.3636905915846468,0.9853102096894463,-0.6470274618499279,0.8458197152953645,0.920591630735142,-0.41307160512464997,0.7421966042736776,-1.2673027203095504,-1.8167917192602736,-0.03839409932477269,0.09307463364948831,0.18168373859248552,-0.7365774966277249,-0.4649107266395324,-0.18302007828731773,-0.017791315856310153,-0.8249861941866747,0.37614597174798703,1.1121804600648393,-0.2451008739583397,0.2822700552396806,1.1471231486248727,-0.5807801082422908,-0.21763860719896302,1.732242226662782,0.7837501970500215,0.2878706465707791,0.41788092694102813,-0.03899909729655263,-0.9422065609460318,1.0301984516054186,-0.601213277642828,1.095760813965542,-0.8330835749571286,1.8435798844560989,0.8247399494144677,-1.6688034326823746,1.1955703633239738
Pt,0.19664703618337573,-1.04652580471294,-0.4757787877332552,1.4827716889121763,-0.09367388788376306,0.16204108197837608,0.8069876120231034,0.4730218006003733,0.007766980596987246,1.4361938126895597,-0.40575660127947727,-0.5877238514533557,0.09414907665155775,1.2623346529143642,-1.6425299707095529,0.28603666935789357,-1.3353615226057582,0.34727439932026455,-0.3280341317178864,-1.339461913339673,-0.23685111344732113,-1.410400676546854,-0.7214821386777955,2.000126685764977,-1.1723467497638889,-1.2672409727494804,0.4729567218587003,1.1416057571782592,-1.6488133716082378,-1.0420697660890224,-0.1368382454855903,-1.5957792314966976,1.1492942733362301,-0.5537151216861713,-1.2851975216660267,0.027746491475940587,1.0690228349738786,0.684281553375718,-0.9442454170405266,-0.4001869773533283,-1.2624420803067888,0.3910034458146954,0.5549073030778685,-0.3277464391730802,1.3479971719750554,0.17252008736803104,0.9869318339508314,0.5347718195501889,-1.1317809640815124,-0.7717760886086816,1.0002228474897015,-0.5275300642164644,0.5050517484426502,0.2865978866380323,1.7519690469208793,-1.4305137391959144,1.0512678102912423,0.6722423501128998,0.7271346001515987,-1.4179626334949225,0.8826360931684353,0.412555130843943,-0.8285192072806257,1.05016520926813
Au,-1.2042708582508541,0.6299590830948303,0.3000894423286374,2.108854032613246,0.6529900065781871,1.8635784313704096,-0.8544468380608767,0.5249041496472123,-0.8753894831734926,0.8676630041967763,0.05408648940880428,-0.47701207845224397,0.3923403286521875,1.508484534418759,-1.8675067234930003,0.7954271727264937,-0.15119981815346686,-0.5262251756213917,1.1629529153527116,-0.9157154992733259,1.2090586368699867,-1.495826277472588,-0.3569446754694016,1.1615821639266273,-0.8681934795453911,-1.1139275241530147,0.17143673446753904,1.3066832329576752,-0.8510378857769194,0.5551523012280146,-2.195471944285423,-1.7299035079306055,0.725407774651201,-1.5273668093852861,0.7971976858375545,1.6391938739751237,0.9768648714075326,0.4333422418376837,0.43739773700710377,-0.7778055046531887,-0.24464426586738355,1.7149338393417888,0.6187725844772134,-1.4381521449735677,0.7966974406103947,1.5896866591122047,0.47108575027607597,0.7317803153646822,-0.025023603300968936,1.0831239239443349,-0.2966084654993343,1.2570647543491096,-0.4167977847621781,0.316649513190356,0.4438462220278645,-1.2117078099989165,0.006920681243458625,0.1769431787314732,-0.35610119306834914,-0.719278667289774,0.7881104643940983,-0.19921271103599278,-0.725665115337768,2.1243120191563367
Hg,-1.8904112740384535,0.6099931557097512,1.220937682630574,1.4010699382296474,0.5882581917395586,0.32710325339292823,-0.28620486074254636,-1.0407568881235656,1.792508533407697,-0.13198355382286087,-1.7410399277444184,1.5409062019802704,-0.6603936753230357,0.6459893501865607,-2.2197852249750443,-0.7832026689289432,-0.9497610259252555,-2.0057047625780027,0.7515634946410124,0.7573917508638731,-0.09458967020258169,0.18135694221368096,-1.6239929696204214,-0.012918056092866264,-1.3233545606307093,-0.3564337215733405,-0.9538552698203769,0.8195609016225457,1.0193535691562596,0.32338104043645177,0.16527646850136965,0.3991688674556853,-0.05071068009472568,-0.19108011094193794,1.0256256139027533,0.9008089305320588,-0.45930056854288237,-0.09002020381345448,-0.8872481969569068,-0.6058229507450397,-1.1339413844310904,1.7102417975554096,0.8022926539394925,-0.4234217203327405,0.7152875066256429,2.432207065644062,-0.7809667177855689,0.059389112113122144,-0.6996056335378138,0.8993502222247101,-1.1675383030988313,1.4292899791868083,0.2834432572151388,0.16618288011142596,-0.8419352680170877,-1.7489058728094184,1.196408235336555,0.5019548751481648,-0.04853726517670979,1.2901156605376485,0.6206489539049159,0.01744697319555603,0.15277401468373553,0.7424807102790542
Tl,-0.371715644190199,0.9366412642669957,-0.09601594625695767,-0.7540653698138421,-0.3204532050904628,-1.6669329161276276,-0.4366673930286866,0.4175761814896263,-0.4092255216862186,-0.7168225262721626,0.4255882038502742,1.0191856936119434,0.14821396677717966,0.03231228090169078,-0.9854842476492942,-2.016144613778482,-0.6341942888405776,-0.9874292659451545,-0.9700712528888954,-0.28576686627471043,-1.2447532329043753,-1.3550136902919745,-0.2037076347668202,0.7046026609852843,0.575460906743108,-0.8135320335956118,0.026366561843102963,-0.4767530302439899,0.3957023738888905,1.0493679271500778,2.118700883743525,0.8914369150434848,1.2985376963748736,0.05983917368623709,-0.5414688132587374,1.731120272661389,-1.154970051755185,0.7965966789257909,-1.1025333687366965,-0.4244312361608471,-0.19464461042535228,-0.5055877886553193,-0.6301837390614823,-0.2923180493739888,-0.1980203668013847,1.9253794660044377,1.716143796711319,1.0615037626099966,-1.4305611507523093,1.0748957901897205,-1.4210831093099099,-0.05122372014931706,-0.522187591598267,1.1237916243060504,-1.3550605426153965,-0.0700201038418553,-0.6067523373033649,-0.6639701269226871,0.39135355465689964,-0.0978481094513759,0.08559987551484409,-1.642760566874045,-0.5700928759405388,0.9371425984238944
Pb,0.9990178773013996,-0.610894201687923,-1.4675156505649543,0.9422824219483708,-0.07628874551737307,0.4757386020458267,-0.5897882269793235,-1.043779405806268,-0.7535365864846264,-1.2251501178444764,-0.18903670609836554,0.09206517621413539,0.45583439030053613,1.0219624372300287,-0.5288153285940678,-0.8686714624621966,0.4168627160019059,-0.5952489047242554,-0.7434614649381455,-0.5862243559176482,-1.5980003139790182,-0.9832824717279973,-0.9492549931687202,1.0547622284869584,0.2348607321661162,0.9537743765287258,1.6033362031918328,1.0451331681110025,2.2052470009341203,-0.9071471847110979,0.8356318429973051,-0.6963090605183346,1.0023846031328336,1.5702919296753939,0.754044519817073,0.08922386154927968,0.10957321283161264,-1.2479579098569622,-1.2653076175614966,0.10475015175327955,0.2684931087213331,0.5638879777396133,-0.4879360863791882,1.077487844067828,-0.017934544068675146,1.0168720128745754,1.1145465428108234,1.7259833769965056,-0.7170620693221346,1.2250348526907624,-0.9096447066559153,-0.6929302360182655,-0.6067913884263689,1.2614478959440691,-0.0793278086630289,0.6911636773918597,-0.18476146382398145,-0.5300698613471888,0.6555438842195884,-0.47321377389543723,0.7073987010604381,-1.051594520178645,0.40287901756581834,-0.2336703135802094
Bi,-0.22682901971696054,-0.023817540200887832,-0.053482962235549866,-0.43657535599364733,1.3362542985526338,0.6443868457117494,-0.8932043613057111,-0.5153195003105471,-0.7181177657805001,-0.6988887398760237,1.0558068101450249,-0.2819450041214777,0.5937762833018928,1.0732044407480092,-1.328885176138674,-0.5289629683132576,0.05861926876724782,-0.6955179505896383,-1.505426482874991,-0.44344916483765334,-1.4239457533454263,-1.325484982848216,-1.2605763610705303,0.710090772757339,1.8920278617405741,0.2406297526476183,1.2896096692280652,0.6620377111461915,1.8709873899181908,-1.00771314055787,1.7286622769156124,-0.9067342227508135,1.020055375587752,0.12780077070616558,-0.681163507175173,0.20165174431615068,-1.0801607880272794,-0.7028492469693817,-0.9544177528269155,-0.3763419905882194,1.2338966307191914,-0.43359653966281997,0.7531741642905332,0.5445910969320035,0.22814332585688357,1.8378072644452295,1.4772417268613385,1.4448335062115791,-0.6165917934919055,0.48670871724581705,0.27373387210411576,0.13428976957886277,-0.5965042438002425,1.3358960136198044,1.6274119434246952,-0.6389658589257582,-1.159760739458305,0.8227756484994043,-0.44681293886490886,0.15996231483269494,-1.3855287446443616,-0.5156803272503804,0.909238322216865,-0.4143532504518722
Po,0.0,0.0,0.0,0.0,0.0,0.0,0.0,0.0,0.0,0.0,0.0,0.0,0.0,0.0,0.0,0.0,0.0,0.0,0.0,0.0,0.0,0.0,0.0,0.0,0.0,0.0,0.0,0.0,0.0,0.0,0.0,0.0,0.0,0.0,0.0,0.0,0.0,0.0,0.0,0.0,0.0,0.0,0.0,0.0,0.0,0.0,0.0,0.0,0.0,0.0,0.0,0.0,0.0,0.0,0.0,0.0,0.0,0.0,0.0,0.0,0.0,0.0,0.0,0.0
At,0.0,0.0,0.0,0.0,0.0,0.0,0.0,0.0,0.0,0.0,0.0,0.0,0.0,0.0,0.0,0.0,0.0,0.0,0.0,0.0,0.0,0.0,0.0,0.0,0.0,0.0,0.0,0.0,0.0,0.0,0.0,0.0,0.0,0.0,0.0,0.0,0.0,0.0,0.0,0.0,0.0,0.0,0.0,0.0,0.0,0.0,0.0,0.0,0.0,0.0,0.0,0.0,0.0,0.0,0.0,0.0,0.0,0.0,0.0,0.0,0.0,0.0,0.0,0.0
Rn,0.0,0.0,0.0,0.0,0.0,0.0,0.0,0.0,0.0,0.0,0.0,0.0,0.0,0.0,0.0,0.0,0.0,0.0,0.0,0.0,0.0,0.0,0.0,0.0,0.0,0.0,0.0,0.0,0.0,0.0,0.0,0.0,0.0,0.0,0.0,0.0,0.0,0.0,0.0,0.0,0.0,0.0,0.0,0.0,0.0,0.0,0.0,0.0,0.0,0.0,0.0,0.0,0.0,0.0,0.0,0.0,0.0,0.0,0.0,0.0,0.0,0.0,0.0,0.0
Fr,0.0,0.0,0.0,0.0,0.0,0.0,0.0,0.0,0.0,0.0,0.0,0.0,0.0,0.0,0.0,0.0,0.0,0.0,0.0,0.0,0.0,0.0,0.0,0.0,0.0,0.0,0.0,0.0,0.0,0.0,0.0,0.0,0.0,0.0,0.0,0.0,0.0,0.0,0.0,0.0,0.0,0.0,0.0,0.0,0.0,0.0,0.0,0.0,0.0,0.0,0.0,0.0,0.0,0.0,0.0,0.0,0.0,0.0,0.0,0.0,0.0,0.0,0.0,0.0
Ra,0.0,0.0,0.0,0.0,0.0,0.0,0.0,0.0,0.0,0.0,0.0,0.0,0.0,0.0,0.0,0.0,0.0,0.0,0.0,0.0,0.0,0.0,0.0,0.0,0.0,0.0,0.0,0.0,0.0,0.0,0.0,0.0,0.0,0.0,0.0,0.0,0.0,0.0,0.0,0.0,0.0,0.0,0.0,0.0,0.0,0.0,0.0,0.0,0.0,0.0,0.0,0.0,0.0,0.0,0.0,0.0,0.0,0.0,0.0,0.0,0.0,0.0,0.0,0.0
Ac,-0.1867288693542368,-0.2509800824116342,-0.6857234111205492,0.15042338814545686,-0.6743952109666447,-0.45319398449746046,-1.658983694109856,0.022286386051457985,0.45147920167688377,-1.6729177954050867,1.354964844831923,-1.5244650325666094,0.3322126334486142,-0.9624351647570026,0.27725622653296766,-0.7242979607490951,-0.8415702462993906,-0.9433228412964092,-0.14630048944128088,-1.6526498080727765,1.0092830200202456,0.5317789164689068,0.9398334443049979,-0.1953796062728716,-0.46591706255919496,0.738002221390777,1.0441005597816488,-0.8928454418079075,1.1755084196919197,0.07877520140301127,-0.6885386932313197,-0.15663533605868718,-0.6452403949155032,0.5997995195282266,0.6755913406656402,-2.109925805045354,-0.3816861072610763,-0.5838488118340143,1.5792199234652244,-0.5820240678015017,0.5564607576283779,-0.051209509298285306,-0.24680927161205435,-0.8947070188978884,-0.6642307556483902,-1.501873029269746,-0.04004838709902175,-1.3013981813668003,1.0385572930645435,1.4077179238427586,0.20930759511080205,-0.9974018041428757,-1.2816871946351107,1.0611572010816082,-0.09436893440481427,-0.40421946161528516,0.10693813468519055,-1.1032861055778067,-1.6176597927679746,-1.139821726580628,1.0298230221300053,-0.2401092001480217,0.5251461909941741,-1.0898651980371066
Th,0.6200683553597804,0.9792583332008417,0.397799882760216,0.3254498233580076,-1.3617833413249774,0.31047116637480204,0.39359679256995783,0.09690347397682333,0.10303832585993075,-0.7462626323461123,0.8483467262146902,-0.41247515358846765,-0.23694214935097221,-1.0249418645980908,-0.14841452587097323,-1.052877481938711,-0.15143600464898513,0.1705295259287243,-0.04305494206580262,-1.664726737917514,1.152007758657856,-0.2944116939783088,1.642880481073239,-0.03372475772471613,-0.023277662024598095,1.1537834539748684,0.6182097897019712,-1.0676415454652564,-0.12398967880448085,1.4083367111944665,0.7845146799101053,0.28388642720219065,-0.7413374990262173,-0.9613376412045241,-0.6923688612399641,-1.387375010153869,0.5327449455499492,-1.3666282410410957,1.3032055050415072,-0.11762923057812692,1.3455977051789476,-0.08342613212649147,-0.9956957329967145,1.15208584224513,-1.4759278239491849,-1.1036984892911261,0.20143255148685527,-1.3885834562717194,1.2650765256736427,0.3838209923279517,-0.4287787017483944,-1.446963888529024,-0.31253714380007536,-0.17301059036204164,0.42856429743210056,-0.9083625669995907,-1.0984792140206965,0.6165324736078633,-0.39459905398787326,-0.4629470985250296,1.1845312886422574,0.19323487049213958,1.808742666686498,-0.4005387170557961
Pa,1.0878705685236485,-0.0070003896783699645,-0.45483072935779717,-0.2871719886505989,-1.8396906036599618,-0.37977801746951767,0.2826963203538849,0.0028561295657214434,0.1923938441399041,-0.22870055262774183,0.7419625845905043,-0.8170013304951557,-0.11498958325145404,-0.8872710818198399,0.16142126730347545,-0.8154725463408294,-0.5179769237127089,-0.2366639397058109,0.37362888919673776,-1.6852623571236747,1.1747465464773845,0.25295933522676345,0.8919856094333252,-0.3109557360646437,-0.25326782698212885,0.9895868184209069,0.40038461340656617,-1.5505736997168238,-0.3177480615221372,1.0331468147951068,0.8460997304393398,0.24969598599223947,-0.9215075823953591,-0.6843043902558333,-1.00515759149588,-1.4020217337483507,0.041093882691966906,-0.840698893672512,1.8196459678603958,0.7127138156432968,1.214624771060392,0.03741654550781753,-0.7966818096392759,1.002158642549166,-1.0896173619105978,-1.361465057858506,-0.3630521701482283,-1.4750912952634976,0.5831663037263998,0.2804655739228116,-0.5277829602597507,-1.107006868205492,-0.5554702134577809,0.533792866782281,0.38673598909432294,-0.3672129069930701,-0.5234769111591054,0.5314229441962245,-0.6492750048823743,-0.5094465428976862,1.432792422068384,0.5047805164589237,0.6386402952410433,-0.023300271436995406
U,0.9169182643977241,0.36517236152712473,0.03708017764627037,1.1166120470723981,-1.6162326331253265,-0.7458828606190697,-0.02440808082736111,-0.9366248859537549,-0.48337364678424377,0.38687781241940267,-0.6207241200746766,-0.7575755787338457,0.7044977755533406,-0.9940309352396628,0.34236293144004587,-0.8483626006562246,-0.16805065628944924,0.9489124937658839,-1.285891968051225,-0.48653300482679085,1.5613910254304153,-0.234432228397154,0.9986123884682055,-0.4588632211654787,0.5875284478798026,1.3595505999440072,-1.6415041149962208,-1.2012880240480568,-0.856704599373654,0.2050614227748455,0.3610253619782173,-0.18924027422842898,-1.2387294876497636,-1.4007694823704582,0.574971543661359,-0.7307763246624767,0.07510845577148578,-0.46100243538808183,1.3400697543326916,1.0801220237644056,1.7725315519160092,-0.6694157926872728,-0.8005374943649111,0.9854778456093024,-1.114378572543096,-0.5383192306680165,0.8288584189125298,-0.042578093497466746,0.8213265881606135,0.37398400346466154,-0.9101894928918721,-1.1781035725962026,-1.3082057024803895,1.066277071016314,-0.41201207064619966,-0.8345536274190598,-1.2135456298011142,-0.11597610696183887,-1.0563012072212759,-1.0160019965479046,1.754148520571902,-0.06102381015259577,0.5241764729418917,-0.5966238457004631
Np,0.5022871555631189,0.9510302107229156,0.22493392877560178,0.34306628056596516,-1.4049895578954044,0.18841727117751503,0.25292717622484334,0.3170707988337228,-0.11857132619934727,-0.7493818915000707,0.9648258913389318,-1.0505558817298755,-0.5097143665209313,-0.778854896607527,0.20206080697444476,-0.8510854526766757,-0.36964033373717053,0.24185802969663533,0.24720864778887822,-1.5257719675421366,1.3076158364121366,0.17933598514598548,1.6614502575611991,-0.4622711301778511,-0.05058033695547444,1.3435829399430745,0.26216095641566894,-1.061960170685983,0.16175938563018966,1.0009448959566631,0.6569039942888484,0.27776081776702005,-0.6812601870713373,-0.9381530562944396,-0.5645653427788784,-1.5528648620010195,0.3802329302731092,-1.3126658127949788,1.012587060338687,-0.05976552800204051,1.4645598891185494,-0.45817780575989525,-0.7059810883976552,1.3632033204726206,-1.7470495832223096,-0.8306329342495083,-0.11343995597370504,-1.520850631374746,1.2633543633460098,0.3022549922671807,-0.498094892756639,-0.9452474875722466,-0.5660443731260242,-0.23478447093053023,0.07698790936093032,-0.8426152269993928,-0.9648411932536972,0.6776378527180248,-0.8533045398017853,-0.6005124579063649,1.1546487501479408,0.4086656778158211,1.8084655356412163,-0.3404439430228197
Pu,1.3847771157003705,0.6002581695304063,-0.040759343453559665,0.4972824964848954,-1.8135136521255688,-0.1461186338374081,0.7453931044948219,-0.2877757790987077,0.034371351671168504,-0.3152566997750463,0.7116236126110891,-1.0975241811144754,-0.1573824658743062,-0.9796236878036122,-0.20264417086673558,-1.0075502985182634,-0.6462302223427531,0.3211953004471122,0.022735318215401906,-0.9154573046805786,1.1467634958330772,0.6967197148879716,1.519206548562372,-0.7041844912542733,0.180309927660844,1.434884137313699,-0.4370246306937663,-1.556213265874199,-0.4142943011236083,0.6985042858802063,0.5766362286284542,0.19802623668168734,-0.3758067446717161,-0.9514172951656829,-0.6704976786973328,-0.6167194904057385,0.3657389504740581,-1.2062944460239078,1.7756541565133037,1.0262188940634995,1.4198755187139342,-0.6506936890099092,-1.056298191382815,1.446260323337023,-1.3085789255888867,-1.0662863951732138,-0.5087186452396645,-1.5727773833645888,1.329964772762908,0.13598270704652196,-0.6377187559658685,-1.21261184167749,0.09120117111891414,-0.31772317809361383,0.24044873413877524,-0.6288769097655108,-0.569237015438481,0.13021014564158148,-0.15506067600353793,-0.7974027391360275,1.367556035289163,0.15993883899290767,1.3542492748564559,0.01773851832360759
Am,0.0,0.0,0.0,0.0,0.0,0.0,0.0,0.0,0.0,0.0,0.0,0.0,0.0,0.0,0.0,0.0,0.0,0.0,0.0,0.0,0.0,0.0,0.0,0.0,0.0,0.0,0.0,0.0,0.0,0.0,0.0,0.0,0.0,0.0,0.0,0.0,0.0,0.0,0.0,0.0,0.0,0.0,0.0,0.0,0.0,0.0,0.0,0.0,0.0,0.0,0.0,0.0,0.0,0.0,0.0,0.0,0.0,0.0,0.0,0.0,0.0,0.0,0.0,0.0
Cm,0.0,0.0,0.0,0.0,0.0,0.0,0.0,0.0,0.0,0.0,0.0,0.0,0.0,0.0,0.0,0.0,0.0,0.0,0.0,0.0,0.0,0.0,0.0,0.0,0.0,0.0,0.0,0.0,0.0,0.0,0.0,0.0,0.0,0.0,0.0,0.0,0.0,0.0,0.0,0.0,0.0,0.0,0.0,0.0,0.0,0.0,0.0,0.0,0.0,0.0,0.0,0.0,0.0,0.0,0.0,0.0,0.0,0.0,0.0,0.0,0.0,0.0,0.0,0.0
Bk,0.0,0.0,0.0,0.0,0.0,0.0,0.0,0.0,0.0,0.0,0.0,0.0,0.0,0.0,0.0,0.0,0.0,0.0,0.0,0.0,0.0,0.0,0.0,0.0,0.0,0.0,0.0,0.0,0.0,0.0,0.0,0.0,0.0,0.0,0.0,0.0,0.0,0.0,0.0,0.0,0.0,0.0,0.0,0.0,0.0,0.0,0.0,0.0,0.0,0.0,0.0,0.0,0.0,0.0,0.0,0.0,0.0,0.0,0.0,0.0,0.0,0.0,0.0,0.0
Cf,0.0,0.0,0.0,0.0,0.0,0.0,0.0,0.0,0.0,0.0,0.0,0.0,0.0,0.0,0.0,0.0,0.0,0.0,0.0,0.0,0.0,0.0,0.0,0.0,0.0,0.0,0.0,0.0,0.0,0.0,0.0,0.0,0.0,0.0,0.0,0.0,0.0,0.0,0.0,0.0,0.0,0.0,0.0,0.0,0.0,0.0,0.0,0.0,0.0,0.0,0.0,0.0,0.0,0.0,0.0,0.0,0.0,0.0,0.0,0.0,0.0,0.0,0.0,0.0
Es,0.0,0.0,0.0,0.0,0.0,0.0,0.0,0.0,0.0,0.0,0.0,0.0,0.0,0.0,0.0,0.0,0.0,0.0,0.0,0.0,0.0,0.0,0.0,0.0,0.0,0.0,0.0,0.0,0.0,0.0,0.0,0.0,0.0,0.0,0.0,0.0,0.0,0.0,0.0,0.0,0.0,0.0,0.0,0.0,0.0,0.0,0.0,0.0,0.0,0.0,0.0,0.0,0.0,0.0,0.0,0.0,0.0,0.0,0.0,0.0,0.0,0.0,0.0,0.0
Fm,0.0,0.0,0.0,0.0,0.0,0.0,0.0,0.0,0.0,0.0,0.0,0.0,0.0,0.0,0.0,0.0,0.0,0.0,0.0,0.0,0.0,0.0,0.0,0.0,0.0,0.0,0.0,0.0,0.0,0.0,0.0,0.0,0.0,0.0,0.0,0.0,0.0,0.0,0.0,0.0,0.0,0.0,0.0,0.0,0.0,0.0,0.0,0.0,0.0,0.0,0.0,0.0,0.0,0.0,0.0,0.0,0.0,0.0,0.0,0.0,0.0,0.0,0.0,0.0
Md,0.0,0.0,0.0,0.0,0.0,0.0,0.0,0.0,0.0,0.0,0.0,0.0,0.0,0.0,0.0,0.0,0.0,0.0,0.0,0.0,0.0,0.0,0.0,0.0,0.0,0.0,0.0,0.0,0.0,0.0,0.0,0.0,0.0,0.0,0.0,0.0,0.0,0.0,0.0,0.0,0.0,0.0,0.0,0.0,0.0,0.0,0.0,0.0,0.0,0.0,0.0,0.0,0.0,0.0,0.0,0.0,0.0,0.0,0.0,0.0,0.0,0.0,0.0,0.0
No,0.0,0.0,0.0,0.0,0.0,0.0,0.0,0.0,0.0,0.0,0.0,0.0,0.0,0.0,0.0,0.0,0.0,0.0,0.0,0.0,0.0,0.0,0.0,0.0,0.0,0.0,0.0,0.0,0.0,0.0,0.0,0.0,0.0,0.0,0.0,0.0,0.0,0.0,0.0,0.0,0.0,0.0,0.0,0.0,0.0,0.0,0.0,0.0,0.0,0.0,0.0,0.0,0.0,0.0,0.0,0.0,0.0,0.0,0.0,0.0,0.0,0.0,0.0,0.0
Lr,0.0,0.0,0.0,0.0,0.0,0.0,0.0,0.0,0.0,0.0,0.0,0.0,0.0,0.0,0.0,0.0,0.0,0.0,0.0,0.0,0.0,0.0,0.0,0.0,0.0,0.0,0.0,0.0,0.0,0.0,0.0,0.0,0.0,0.0,0.0,0.0,0.0,0.0,0.0,0.0,0.0,0.0,0.0,0.0,0.0,0.0,0.0,0.0,0.0,0.0,0.0,0.0,0.0,0.0,0.0,0.0,0.0,0.0,0.0,0.0,0.0,0.0,0.0,0.0
