element,0,1,2,3,4,5,6,7,8,9,10,11,12,13,14,15,16,17,18,19,20,21,22,23,24,25,26,27,28,29,30,31,32,33,34,35,36,37,38,39,40,41,42,43,44,45,46,47,48,49,50,51,52,53,54,55,56,57,58,59,60,61,62,63
H,1.3274174955044329,1.0251237101078678,-2.5949414293669384,-1.548173488295912,0.22566405372205794,0.6562821394318984,1.035381837286699,1.0284732490473834,1.2499015209126851,-0.7513913984491233,0.4649969395330998,-0.6795375573715166,-1.0868575480249687,-0.9986200558536338,-2.2945915437702977,0.8322716396224523,-0.7540493771294025,-2.2334650179425,-1.1140794926236863,-1.1551375174697671,0.41853739466050566,-0.9242153770246588,-0.33758409744541634,-0.5650317873611289,-1.6863208579544209,-0.08425432618974683,1.227345683236933,-0.03756100186964323,0.11618093699579736,1.6927089876156656,2.921446207805609,0.8300011309175406,2.014165401160955,2.9459776430850826,0.5007813797624378,-1.4327570639221967,-0.37026464123519687,-1.4684651470403682,-1.2306423950422642,0.3653830185409757,-0.9385329650735738,-0.14916743112630768,-0.15441081947870702,-0.1361766731228736,-1.4639579269902907,-0.05786854686941197,-0.9052927911449217,-0.894600791617141,0.51506701041503,0.3018613955776133,-0.40311783055137484,-0.6502377074143781,0.13494962291419868,0.36778295272306205,0.18538394238756722,-0.39187717608437433,-0.7021525740838597,-0.20944773135529385,-0.3296054614113564,-0.3046848527343687,-0.17220306522564321,-0.07772282828655758,0.7312264047950883,-0.0375794004008311
He,0.0,0.0,0.0,0.0,0.0,0.0,0.0,0.0,0.0,0.0,0.0,0.0,0.0,0.0,0.0,0.0,0.0,0.0,0.0,0.0,0.0,0.0,0.0,0.0,0.0,0.0,0.0,0.0,0.0,0.0,0.0,0.0,0.0,0.0,0.0,0.0,0.0,0.0,0.0,0.0,0.0,0.0,0.0,0.0,0.0,0.0,0.0,0.0,0.0,0.0,0.0,0.0,0.0,0.0,0.0,0.0,0.0,0.0,0.0,0.0,0.0,0.0,0.0,0.0
Li,0.6214139107474064,1.3763756355289827,-0.8543381611613493,-2.3613140961161547,-0.9105227026590428,-0.3466113376495462,1.1529577092953245,0.7947184168292974,1.3893186636812154,-0.23832782549026876,-0.08307324556092452,-1.6130652766694404,0.1436728831378778,0.33195512751699907,-0.9707383549964214,-0.3802156531690502,1.3446344370618306,-1.4012879464397048,1.6662121068275801,1.1542626607596742,0.023592907758303867,0.23360284623894811,1.7247338367779423,-1.1991639997589938,-0.5844124731720637,0.7882075358392541,1.456419224381767,-0.08580202247436042,-0.3283840316564546,0.46863222510819397,-1.4247332508376371,-1.24545192156512,-2.1944183012401184,-0.3836635910645871,0.41037480433022805,1.4852240297799533,1.39678777408156,0.38025561938142605,-0.6876467623940369,-2.37032786276126,-0.6105520160388288,0.9662991808873976,1.7223837471079595,0.3346221005129834,0.8821189886867967,0.6560074136695442,0.2680368074326345,0.1279692219805196,0.09984339740858968,-1.501894809502283,0.6496709261777932,2.670234221754008,0.8079730070299472,0.22395442960455816,1.479673282712927,0.1170266100727245,0.5842238857834368,0.486184392786194,-0.4880662602317887,0.4586384325123853,1.2215279283377325,0.39259860344405195,1.2871033605649702,1.8206615488286313
Be,0.3921130921110714,0.13980919350435675,-1.2579933588962204,-1.7737338131150147,-0.9531682131263036,-3.3347071753117925,-0.24171484294824908,-0.0968715021703758,-1.3010760813484883,-0.057239398792531634,-1.2795885170674572,0.39431428806087493,-0.6054001432093429,0.7969215435868514,0.793334077124101,-1.531212356721471,-0.7720394796155041,-0.46370265092325735,-0.9169340212456614,-2.5625186601214542,2.897926951840292,-0.3591040079343126,-0.08845106693239396,0.32700762433292513,-0.1812639361139001,-0.7134557689108861,-0.124111709723484,-0.472049533442093,-0.775085705827407,0.9100042180113287,1.2618620534537306,-0.07074469076175215,-0.30049216032303266,-0.7146211346400044,1.3326171778229325,1.0424948839241142,2.0263813316978956,1.8565236894650334,0.5773850552706168,-2.058674602630287,-0.44220924286004376,-1.2315772242618643,-1.0359254549937769,0.9895272016725432,-0.16119548906123715,0.5432612625501677,-0.5679239590661497,-0.2934068326498745,-0.7251941925392823,0.17594414478564144,0.42954548382965335,-0.6252490869988783,0.6003528626529389,-0.46805963331543216,-1.324147676384507,-0.7619399175236473,0.22101617747854777,-0.3899269785986142,-0.23238640837201655,-0.32001400374024497,0.17746636820587997,-0.7264065848265514,-1.1525351175211933,-0.9608240318062076
B,0.9405051134981901,-0.5836620653094681,-2.0386061128820026,-0.2772802761599453,-0.775066370758961,-1.8487931768039916,0.2676202934973716,2.4343232451630747,0.17424772961423088,0.2093114400645384,-0.20659229665552273,0.8091409844571883,-0.5760027014909285,1.9015854121109281,1.8499601482233912,1.8759430798618084,0.9965702567766327,0.24635507703896029,-0.5930200815564046,0.16697381851997767,2.1875909358662575,-1.4287089794890035,-1.1337986980931105,1.2149369705200352,-0.35696717273104217,-0.10800049563988688,-0.2089960119611433,0.3634707563918112,-0.713420321074711,-0.5267805502984759,-2.06019949820168,-0.7171512620136116,1.5368631898225278,0.009558484677926492,-0.4066575584276532,-0.05489555707807886,-1.6579122566934044,0.008564582432294831,-0.17441104077703218,2.2201507715519577,0.9254360834868485,0.3862018626014522,-0.18347447179521972,-1.305895584968858,0.18177293620824742,1.3633656104951903,0.8547765071094591,-0.12131531854610751,0.05103864721228649,-1.7725359417301396,0.08988817995669973,1.2571758094756842,-0.24897688930711584,1.7819864372922187,-0.15174475594813852,1.462863098960197,0.27854646653089327,-0.5631602892291415,0.28908319624068646,-0.20400624266699968,-1.131438746136415,-0.39322846512126997,-0.45343150727502796,1.0988166524484253
C,1.1001633391488284,-0.34427888583524635,-2.039257325777027,0.7920272738441916,-0.025860577074397352,-2.3016949093944423,0.36004200263148944,0.8327807608714571,0.931891411590383,0.412050440536478,-0.30569987300685186,1.7489824810512522,0.7400107667260261,0.3457563888517977,0.20630699964787647,-0.2784285666122618,2.2257550196333953,0.8620284538815203,0.019103990180999897,-0.15035655932440367,-0.2401425259342352,-2.1370480981482003,-0.7979541670139347,0.05908610881081881,2.1456560517628467,2.2905625430683747,-1.6442997791778882,-0.38910321915654833,-1.7790399331502955,-0.680574307256209,-0.05609864911128527,1.512069509372247,-1.5178490231667054,0.33976225767223645,1.1970773272834925,0.7042951590190054,-0.11506335570309764,-1.1823767325394379,0.8497766211795541,0.4973709919249575,-1.5789667778999925,1.7938541522823932,0.6871223153137661,0.7760146411117794,0.10538312298957866,-1.7162293243647466,-0.003624343889230666,0.35998510937374434,-0.6902146876631506,1.6588302924150367,-0.36137911414357676,-1.292326020635212,0.6264812195079771,-0.906386058663789,0.3675820396308021,-0.5715867218952623,-0.4628358541456772,0.2832247286315806,0.05659475166916715,-0.10529807189639084,0.2626303742775814,0.9214752017658048,0.9053271288112827,-0.24593924871946346
N,1.3279384425870728,0.12626544621393648,-1.7756785377240614,1.0331958299125843,1.1001418374068963,-2.1336340374536706,0.35973193206837645,0.4199376503190668,-0.17050260920547952,-0.2489803649831761,-0.08125392586590464,0.8114358192655106,-1.4695982195037,0.19822020167354057,1.934930447236977,-1.0148989475780934,0.7226767747093307,-0.3324044298982124,-0.0801988035462998,1.5285270888801958,-2.6528683543766314,1.0986640665388943,-1.781240702069024,-2.0920385705011495,1.1488585478287219,1.7808341373412828,0.8173976083620816,2.0168635080793154,1.8092878179101655,-0.15070064943451744,0.3623791551875645,-2.9393846100537235,0.22658640279576348,1.706432312975159,-1.519937699100719,-1.1337876820870547,0.8853856310153478,0.44873866846807564,-1.049027320797729,-0.9961454358459799,0.8081566956596722,-0.6044400623437954,0.11069451060339033,-1.5787691946245983,0.337142838764927,0.3277870565410483,0.1049276001031949,-0.3747278278951837,0.503758057196441,0.5750531149504012,-0.03126016912627855,-0.47250827929144695,0.07409230161431962,-0.8369649516256172,0.37306673743633584,-0.09350407880356128,-0.4701932287147528,0.4995693960261289,-0.07526923682893034,0.09141185274073677,0.3706922166028892,-0.5656036094665746,-0.4467988085950676,-0.7663853549430806
O,1.4698760248409735,0.3635093711906088,-2.372980511005953,0.8679793117701046,1.76893251199868,-0.4459587940422444,0.14798366112043412,0.42154430515918995,-0.7932546133299831,-0.35808896602074075,0.6064937625770915,0.7275323655057708,-1.0535835890540377,-3.225955303047628,-0.013896383020947365,0.7035116714717231,1.6871000130843106,-0.23810817690101546,0.3856127530233863,0.17075246290806273,0.2337575919868613,2.08532191390839,1.500377429500823,-0.7194141870649242,1.2418129312607287,-1.2795242049333437,0.14567984931485684,-0.029817992626257346,2.9653752141536938,2.2124733039353117,-1.9218919626463882,1.8942555313183949,-0.6603860901747763,-1.845466609452913,1.9103918513693983,0.19172543329376934,-0.6867890204567395,0.33814628480704495,0.4292087490712796,0.35195957889703117,0.752956036929775,-0.4333079238187183,-1.291884830162009,1.3158895362015122,-0.9088198588879066,-0.9554773756608237,-0.46324555236434123,1.1186312010713535,0.1452523538700242,-0.735246883052519,0.2055276557392202,-0.03430916587141036,-1.0526677673413836,0.7400047541730305,-0.7286943810138002,-0.25295837849985764,1.0663381543909793,-0.25804873396900285,0.3639906464141263,0.5128394576873155,-0.6565711645912098,0.05990797605150667,0.44235563000853223,0.22469192705554575
F,1.7344669496112401,0.9629661382082829,-2.126138226641123,0.6050400856383975,1.5055768907365243,1.172445809293809,-0.5696152592432038,-0.28391067237172257,-1.1246245871697411,-1.514780870799256,0.0011116262769746367,0.5861992183161752,-0.0266126657495636,-1.0678667667976656,0.5557785413940209,0.20917710857892213,0.9834194082190663,-1.982068894194601,-0.4128729182807994,0.019037542609570506,0.7205065884589384,1.9597670959826599,1.9219153648404697,1.6508070660263998,-0.2915396298155231,-0.07658718080410408,-1.3234338753223955,-2.428914677103907,-2.804723258103244,-2.7794507338026815,1.1811367970497704,0.8621814723794611,-0.48739394574282746,-0.47489495932268916,-2.7871867138924005,-0.40658206818569437,-0.35011392304051814,1.0498398328856542,0.22790646167283715,-0.6081538647938552,0.9575729288931294,-0.5495495234514793,0.3855980295647549,-1.1555665676290872,1.1709676417652934,0.9574728803830717,0.6872683611433008,0.11644608868823711,0.7722254126374054,0.34740811411667744,-0.4253330074932109,0.5339254037670755,-0.026722158181008464,-0.9714209828098362,0.29160998295386614,0.12886341816840377,-0.1317138469852298,-0.0004708308220066547,-0.1766127757259315,0.13501556646393273,0.5653335241335992,0.13811516807331758,-0.44019903439622077,-0.0006700340626882935
Ne,0.0,0.0,0.0,0.0,0.0,0.0,0.0,0.0,0.0,0.0,0.0,0.0,0.0,0.0,0.0,0.0,0.0,0.0,0.0,0.0,0.0,0.0,0.0,0.0,0.0,0.0,0.0,0.0,0.0,0.0,0.0,0.0,0.0,0.0,0.0,0.0,0.0,0.0,0.0,0.0,0.0,0.0,0.0,0.0,0.0,0.0,0.0,0.0,0.0,0.0,0.0,0.0,0.0,0.0,0.0,0.0,0.0,0.0,0.0,0.0,0.0,0.0,0.0,0.0
Na,0.32808992147231203,1.8754035628414978,-0.12414557472853814,-1.5973407714119552,-0.8723037225594539,0.6472037766097841,1.518001727906479,0.19544904183469897,1.8062780771036355,-0.10299910836207182,-0.11318586000801036,-0.793813651967975,0.2674553168688161,0.2611812368662234,0.4953067274448914,-0.8110661280214551,-0.5947822753487152,-0.3742661491637802,3.056091742987781,-0.05077473206048449,0.35273204137307845,0.08549773867021071,0.5335928402451974,-0.9232937160575992,-0.35153536125343393,1.03985688621858,1.0443036565200898,1.862235131373134,-1.1082847580015343,0.18296650805507583,-0.15076104241941057,1.2992368213841066,-1.7326058197481544,-0.9916877714227922,-1.2038365581520605,-0.9525648739410293,-0.9811892022053772,-1.221883520298157,0.9258327344263441,0.6516854475080274,1.4434502768169941,-0.45223676908402316,0.2190177656688627,-0.8900929314017827,1.21759707416116,-1.5962913367172744,-0.4054532590799424,-0.3689852861519546,-0.23590218889128034,0.6859605628047077,0.4637666538376254,-1.7591502930796887,-0.8035540051817613,-0.4748511551472896,-1.4978481634896998,0.8860253038086873,0.7528828486439986,-0.9666715133125974,1.5600489998148341,-1.3158074662061172,-1.1503387231091027,0.0651752923026888,-2.1284783589663263,-2.028138548454252
Mg,-0.13946295606273643,0.6243383421406687,-1.3090773660515838,-0.7724706191971967,-0.9819820081357766,0.6130435479414698,1.2462590729969114,-0.15139205490691476,-0.02894006215625388,1.633417138691637,-1.3221906238711094,0.03998446116677305,0.9657055761411656,-1.2962461401988554,0.22256314562000368,-2.9797912379708666,-2.9946123092975294,0.8031792553873843,0.03600843071616721,-2.0402798547809704,0.9970117537668588,2.961786605094359,-0.899778941509372,0.5698305740748421,-0.3684677348429892,0.6946811121206116,-0.296328116159643,-0.10982412441099655,0.2013734383851581,-0.16310270355803566,-2.5145236800519775,-0.9167505347744931,0.4445472587950087,0.7543242307851872,-1.2524759537317889,0.6002164535037877,0.17940878235259058,0.630239836508139,-0.17542804119774677,1.7925575751765142,-1.4387624086233501,1.4655775149790433,-0.546649278422003,0.3063495399662666,-0.6786779621875279,-0.7739630101972855,1.2521200655758604,0.976705910669802,-0.03942931752440081,1.0026585371085641,-0.7040554604531573,0.11370816251994605,0.27562535642923647,-0.13378659151644753,0.8798148768388208,0.997166089636625,0.3557677101852307,-0.6279378787999054,0.19999865902668745,-0.08098445591426337,0.12639841903734148,0.6861047236705203,0.69306060483378,0.5953925860847045
Al,0.4597652058819655,-0.2196205223717742,-0.7209369383991562,-0.10246354319226142,-2.337042389170563,-0.9105493911762749,-0.7682349274579165,1.1263006383351213,-0.7143986807732686,-1.615255147646902,1.6017454001882212,-1.135786904320939,1.914907621897795,0.9687397647919341,0.5314038998272028,0.28343061669373837,-2.290228729002956,0.6810601831792165,0.9342506973739854,0.8441098361273672,0.2574768469347478,0.7842766041648762,0.7560442255517741,-0.38969100862843614,0.42698668096880377,-0.690992309450252,-1.6630682378873305,0.39427627541167587,1.0686101708860316,-0.6818530517304809,-0.01603738930390534,1.326667654946495,0.3449022799604342,-0.45145647035691644,-0.5764953539691344,-1.7231028496080176,1.0439769992552852,-0.9297327353447107,-1.4716048566466298,0.5810893979541842,1.4413224970731662,-0.42761436183739227,-1.1800162946670152,-0.8715743402714837,0.2852062642114824,0.41875860599131187,-2.597867239495565,0.48120426960843127,-0.4271152031793133,-0.03686647763067066,-2.052864606487796,-1.0325111556942979,2.0693387331458797,0.4422110914926548,0.5530967356693544,-0.539614201258081,1.101651156324246,1.1758316434228961,-1.400022211252352,0.616707872867584,0.581173959034654,0.030606522445983827,-0.22517346787468068,1.153389996003873
Si,0.6831047581696991,-0.5668086668853436,-0.7295699569151577,0.7468347337579607,-2.009550931349877,-1.239793963060659,-0.26942604348348337,-0.3787452803929345,0.8193029221455057,0.5667031830054002,0.18601619047202247,0.38782266646739044,2.9369321972620503,0.31054530070575465,-2.2882000031128245,-1.4560171151495311,0.7613576558771418,0.5631712457945416,0.7509966113788257,-0.09090958498058366,-0.7089724173954529,-0.40552450194553213,0.2740162968459265,0.3587112244019863,0.6446567851926083,-1.8899418841605335,-0.024224392023551755,0.7198187801060117,1.0897258006017136,-0.5840122195693478,0.44451095591982137,0.618568905552485,-0.2666846054301338,-0.3013845746461768,-1.8846320736251378,-0.05905832399333986,0.9830017295760152,-0.7382549638180905,0.4554908871963363,0.9953484062500871,-0.06658364684149613,-1.9971719118474995,0.39612087490655407,0.04154773672760576,-0.1754124375860668,2.075434683381525,1.3841789873825878,0.10143715091437011,1.2036494539280822,-1.5778120479467144,2.040046150041435,0.03322693800254873,-1.731355989301951,0.2320571249106332,-1.366050794151424,-0.22552159820316117,-1.1910328978344837,-0.7544130061169114,-0.287705902011308,0.017091142024378746,0.11000797115277765,-1.888115579770365,1.3749668125574257,0.19679867473955295
P,1.2967987172907394,0.04545003980488188,-0.46785472409084794,1.572011746185218,-0.5754898800967264,-0.9980515038237863,0.1690657365803343,0.13959510235728115,2.0030657897685997,-0.014487670108257626,-1.1808335774567627,-0.9697085844799048,-1.9483809075914922,-0.0492056455202997,-0.4494571010871693,-0.8642338764018507,-3.0717418106638195,0.380706680451123,-1.0917333224431776,0.7896003635145956,-2.171911262834542,-1.622847574259355,0.2418303812497465,0.35043606671036975,-0.9264853517793256,-0.49227594809595077,-1.1431488508975924,-0.7287316401451591,0.7688886264444038,-0.6484124777487666,0.1811274213828061,0.22165111671101562,0.04264329739324785,-0.9637839717617543,-0.3121460226891825,-0.22039327617840426,-0.2135328201561915,0.6159191117263544,1.0381599310183753,-0.3468785056421894,1.6091434587317703,0.1052171141605088,-0.042757198730622725,2.109752738264058,-0.271065739586342,-0.7187720725328333,-0.08416544709875057,0.2325982835041929,0.18418798480892182,-0.2664482616305186,1.019273695444087,0.7863802675281083,-1.3170318512683745,-0.3173042328013141,-0.13896563785933927,0.7667527078830084,-0.12783111535538397,0.9390014490532985,0.322853470005342,0.5773109824761853,2.6902817424112078,1.6540978187063844,-1.3405504230655731,0.6323039697882719
S,1.65262525035033,0.7586297314908215,-0.7347907818348455,1.5177523732532536,0.7139287343039852,-0.1077929459647348,-0.5207997118235397,0.24911840794675894,-0.6407113424048825,0.21132979527639306,-1.2127651328184583,-1.8481986073692926,-0.06615916965416231,-1.4319598172196795,-1.0342498238946223,-0.9049268078197029,-1.7419787511324871,3.3344222720832426,0.6304353964223436,-0.06648612223777979,0.03486837552207603,-3.1893208966612567,0.8528815617864086,-0.3188307164132167,-0.048802406551360505,-1.209799024329425,0.3997852088985432,0.3706243977083845,-0.13360207423622,-1.225313501713851,-0.40302100540822067,0.5475152260772047,-0.6588996146461793,-0.4115509298043956,0.36130189665735096,0.004630403935841505,-0.9883549213391128,-0.28712199813417966,-0.47632622814074665,-1.7899738891264259,-0.15250920963575415,0.8803357999017121,0.1949993978047763,-1.2389456563577905,-0.2891743970367506,-0.10547085687254332,0.7462705865924414,-1.4261658236107564,0.15613904638033937,-0.5970988760754844,-1.5088531404926373,0.44708385521520955,0.39306811230253125,0.9894122369489243,1.2881505956701693,-0.7633269188340839,-0.5098216175662568,0.6315534252103356,0.4708796809409478,-0.24889000786900659,-1.5615155030968053,-0.24175206720612524,0.6010320253325103,-1.1138794280942215
Cl,1.4807379822161775,1.842953282273785,-0.7158995003683783,0.8219333967881117,1.6626398568061678,1.0408704088638498,-1.341552666643984,-0.7431994903791674,-0.4622114465758596,-1.0094698904284325,-0.8264194911146747,0.4272388280908155,2.15062310575369,1.4700728127164129,0.5853260636182829,-1.0882691697071667,-0.7644889441767995,-1.3114350801617938,1.0913419071826114,0.7444783325600477,0.4036580042576079,0.0949298286835674,0.2149837702094434,0.3470614120713493,-0.17598695445010967,-1.2017065807014686,0.4903584073646874,1.5180129509765805,1.540999048439518,0.9131537840577622,0.8928540503406535,-0.5546288446257557,1.7932512773204246,0.20541655789454485,-0.694840641245833,0.23779032077762052,-0.5537048482264768,-0.2568856501939796,2.7856860465913993,0.9557273333485399,-0.7393619923791305,1.7073019018418667,1.0844482763735306,1.1445831854024109,0.24615448279468496,0.7353309837214996,0.74236793787492,0.02481938636755685,-1.4162883796362833,1.4730362971974962,-0.40264044911953284,0.743809333534726,0.6587609441326371,-0.07644579262539285,-0.4053701254707809,-1.3451568415872284,-0.6690720370628562,-0.811108285839286,-0.11291874884952799,0.26516674680725516,-0.9339193033245524,0.5815549206889282,0.5232395725625266,0.74710557430823
Ar,0.0,0.0,0.0,0.0,0.0,0.0,0.0,0.0,0.0,0.0,0.0,0.0,0.0,0.0,0.0,0.0,0.0,0.0,0.0,0.0,0.0,0.0,0.0,0.0,0.0,0.0,0.0,0.0,0.0,0.0,0.0,0.0,0.0,0.0,0.0,0.0,0.0,0.0,0.0,0.0,0.0,0.0,0.0,0.0,0.0,0.0,0.0,0.0,0.0,0.0,0.0,0.0,0.0,0.0,0.0,0.0,0.0,0.0,0.0,0.0,0.0,0.0,0.0,0.0
K,0.651055452738475,2.132955733161593,0.21260288931699103,-1.9374903146218503,0.09886904151088084,0.772652871085287,1.0156088560863934,-0.7372090551663378,0.9868222699451897,0.6962714142034456,1.5156498128817988,0.32037040886428186,-0.5715370624372828,0.8657248236173706,0.25870888098505085,0.4535480671387505,0.47913069595237634,1.8087250926332243,-0.33420963660923186,0.5331112442344049,-1.2349139201417945,0.9749673190885088,-1.114031171484807,0.14931207681630124,0.37267509177121777,-0.1693077479717072,-0.4860415361930278,0.16107710355436372,-0.3025592335715429,-0.6614877546403577,1.2051901786674672,0.21296724886798832,0.30702686794507633,-0.6656503292052472,1.9190262966724094,0.5592109244228228,-0.5275337588685525,-1.4100054477440396,1.1587323898347175,-0.8719169564922944,0.684249903222026,-2.438231775823645,-2.4449332657736864,1.288696444720115,-0.2870193954662259,2.6329936391729167,3.2255620842127986,1.1428834633946696,-1.8595542605060928,0.47930128372206476,-1.1432715152204442,-0.4333282767762964,1.1323276375216702,0.5002917422755894,2.2125194514491042,0.490124160992484,-0.17849242708444582,0.010914695031769762,0.1444786302514642,-0.2626595407275151,0.16096069322120735,-0.374312154448566,-0.07311132469431492,0.3656468323339414
Ca,-0.610903575895018,1.217053244044377,-0.20193518785097953,-1.204289764500685,-1.1138999689049547,0.03192837765454606,-0.22048675033282508,-0.08639132251855605,-0.5912752023367105,2.035295020022916,-2.3269171715027146,-0.5570612779400154,0.6144619373824219,-0.7971027728548992,0.7071430059350813,1.2399763372000048,-0.6633771047460265,0.5119768804696573,-1.3965606624571336,0.8676248521800815,-0.5558025900535559,1.0170040397372628,-0.01799418980876617,-0.5155574142096275,0.9779930490305093,1.0549888465852344,0.29194693126825955,0.6170345093966826,-0.1492635824890505,0.8550757117781856,1.8370621693314,2.1311431559050322,-0.395690991248146,-0.19618312947707772,-0.2655094725313419,0.8125172625570655,-2.149652847232294,2.37009145045985,-2.69019558119576,1.9742593251266725,-0.5122463866261129,-1.5355610569316995,0.5951472756500208,-0.18168948478226524,0.9289250788248424,-0.10029505322181444,0.8525939364969307,-0.6421760492259686,-0.7402719238036618,0.04228450161266538,0.8789164331069523,0.4852791682888409,-0.6039980236612803,-0.3475021175043533,-0.06313141425607494,-1.0122266759879306,-0.6786432902817637,2.2016986274337733,-0.3032701932776388,1.405893586047336,0.22682171431696874,-0.7224462571174003,-0.12994743770802308,-0.5253535453936019
Sc,-0.7134331442993141,-0.4994885622501325,-1.3424257960767672,-0.005843687131658079,-0.7068013240832073,1.5778005443688994,0.05869749174255991,-0.30388374789458117,-2.2637728430617714,1.3114680784371464,0.4646119560880502,0.5023546907554343,-1.3161463970116292,0.5074476542712608,-0.43754709824755916,0.8303756465175677,-1.5130518907010648,-0.47930247791946196,1.4405745822944094,0.478773915112614,-0.4800432708890429,0.19280244698962062,-1.5500480301075108,-0.7638660477451072,-0.917144332405982,0.5163898490569431,-0.514886151494173,0.6112932043923306,-1.74707685382496,1.0598387936382212,-0.6844930486436284,0.45243022801225224,-0.9541291019137086,-0.4117821228030187,0.06151902846229654,1.4643399071226357,-0.22600837728742293,-0.8195735534194689,1.988403422523245,-1.4386088739364633,-0.167142296935077,0.8619018352738401,-1.5098131594375706,-3.3749136121389336,-1.4774782982979617,-0.22034459731331424,-0.12228302428988327,0.6284648407957698,-0.047883056800672084,-1.4108163162248475,-0.2972208408012387,-0.21828994157052484,-1.2702663691826348,-0.3992975389095554,-0.8337526192870702,-1.728742384043432,-0.9802991586617975,0.2761337530138449,-1.0054542817410645,2.2209768759082897,0.7213983278759819,-0.6533658773929987,-0.7565299775625748,1.4665354241219448
Ti,-0.17576653906908607,-1.3177233256164052,-1.2171293473944793,-0.2935252039859351,-0.2031061336720598,0.5515047251232404,0.20021374600530878,-1.6932004362016246,-1.2514220657238875,1.7282899275638948,-0.23500031584852438,-0.8699835954030831,-0.07823427417443383,1.8097082262912452,-2.162739207438205,-0.019680982172248035,1.4813358569074657,-0.004292749933927233,0.5306702447640802,1.0611798870833615,0.8343222564198809,-0.22131866535009193,-0.08441618759852929,-0.04277594390311704,-0.435079683647891,1.3065819773088447,-0.5208210267629882,-1.0095187183233023,0.8670942475006783,0.26237334318368183,-0.17306049307593896,-0.5545780693556015,0.44886962866172736,-0.5608392517809943,-0.28357890925576074,-3.350590354294175,0.3624720260414992,1.437663873370236,-0.28716719793620854,0.8320859560819501,-0.7468438263465708,-0.7914169963837372,-0.6343863678534,1.326530094791494,0.10114137426305024,-0.9551123901191204,1.0432602878768233,-1.6082306018557484,-0.5850016311503311,-2.2005269461181807,-1.4455950808973892,-0.3741602985551865,-0.5908583329886334,-1.4213707810947775,0.7664701333470936,-0.9539624909427229,-0.1119688345074756,-0.17912973912474783,2.3674223115043365,-0.2732310300243063,-0.5032315126201168,2.3140557173986034,-0.9974968041987112,1.046560706522179
V,0.09577098962111084,-1.536629052001735,-0.17224781441420348,-0.7168799312363108,-0.15960054670488275,0.03373563362185511,-0.14200604802225236,-1.520596632985078,0.4544042454810197,-0.9936647741566025,-0.1345351711538106,-1.7357985889429302,-0.3641576123545883,0.06579410707215727,0.3238706139399808,-0.4434983418971105,-0.1275367743788991,0.37274735048453533,-0.22979591917761374,1.0517527078031452,-0.45892589031304865,1.3055116278533028,-0.2867868897596268,-1.0568239814234972,1.5131976670742915,-0.08765646100687509,-1.149605243810911,-0.6130720595562611,-1.9055114423711106,-0.2973829724474574,-0.6797740928298478,2.3247819790228936,2.95678498957064,1.789953564028167,1.46765194880297,-1.024773328584482,2.4090361867803147,-0.5084644815860856,0.59104100553377,-0.6341418916984978,0.5753369947688918,0.15210662551824342,1.8090419308234562,0.36904389036062607,0.8816291460650105,-1.7567575377285094,1.2075513199906538,0.2665149834737936,-0.7094755451017415,0.282193372855639,1.3052406340699116,1.3910989922070334,-0.6581192055212048,1.3557364877027176,-0.755129885898622,0.448076984328693,-0.3460948606485881,-0.620182127249447,-1.0719072680660044,1.112964504801153,-0.11192494089939167,-0.3845672987046887,-0.8329651427353657,0.17461666660735956
Cr,0.01222716974690213,-1.4760733588136172,-0.5793699916616837,-1.074698209590754,-0.10881246930274671,0.7188307516126762,-0.8574049445348279,-1.7501777280938071,0.6480316956022383,-1.131544155836838,0.393904950262213,-1.1650597126168873,-0.3337224775879908,-1.4688256895426723,-0.19237758799356322,1.255824987750161,0.7099930023807964,1.3895996188092299,-0.39600234436541304,-0.4512374251050107,0.8320189714557753,0.266010664894247,-1.0427840714894572,0.46996316084716583,0.5508077400251694,0.11621811269873132,-1.5484417829215733,1.3982549343774304,0.24626867979826417,0.3259475822290009,0.7520325551610785,-1.041496344720624,-2.095742127303385,0.63100812452266,-0.7261679865550167,0.8570217605762441,0.43339707933777466,-0.15378711491508842,0.4705281614722229,1.978930648370044,1.4869639291719263,0.6198127146870868,1.553789566691727,0.23628991918779454,-2.593653341082011,-0.27512724926274956,1.184684217531168,-1.3087253042328835,0.5235230105595668,0.6186855461099192,0.6045123015278209,1.2591501720284095,1.3999142294089106,0.7579322131146555,0.5002175208333214,-1.6852575413839581,1.9805983032675862,0.030927807202310687,0.10230708370881422,-1.4751142719050292,0.6420307283794232,-0.8711571007584984,-2.123851316020779,0.1896780777590447
Mn,0.3445872081398471,-1.4355760606046701,-0.6608213930904457,-1.3261967536477701,0.04631858097209942,0.3986902617509169,-1.468454934814048,-1.9515996985730553,0.21434130988588207,-0.9227774620294297,-1.0525917134045533,-0.22169816033813775,0.892917781402527,-0.7586544174100722,0.2967966351193635,0.7870022952014147,-0.004384931756106671,-0.620180691366097,0.02812211220547802,-0.9021560146836716,-1.0009791974634723,-0.09095477578311312,-2.6022171965272256,0.17893136815741073,-0.25909917320996106,0.6785592535819657,2.6526285882529055,-1.5717766594617484,0.3549518221044111,-0.8601685737537713,-0.5908774678578432,-0.46010049126318353,-1.805693279610138,-0.8921434740602648,0.2817515734335121,0.6299198269582341,0.21307403931721372,-1.836676118617673,-0.5826779213550742,0.780985543001572,0.7917601733646411,0.17960053408119067,0.13912596225969576,1.5023570075758017,1.9450392842140083,0.5902802131752334,-0.3496460348041625,-0.6821808849796017,0.3419027786775752,-0.33261253925001383,-1.8722710584610098,-1.378334566398542,-0.2536800786068192,1.4677548213321179,-1.672023215854003,-0.45052973305086913,-1.2369863998411954,0.8000618293216231,-1.6323217121065619,-0.5164861685048752,-0.15524604880684856,0.7598713603196631,0.9056804134722343,0.9599273439996654
Fe,0.23882850886426388,-1.4002298952167755,-0.25294130695323197,-1.6010761396355973,0.11574453134217036,0.35891903778911444,-0.9416029669576667,-1.5108813697197045,-0.3291931180166547,0.22292902233871853,-0.9911123314651997,0.3754095450094529,-0.19261969600215542,0.47388368240804574,0.5171014789732373,1.92865711521395,1.2764597552132917,0.8092164449323299,0.5528315634707571,-2.1695511884208147,-0.957648181942642,-0.08775505762530557,1.248228182208941,-1.9469635827747471,-2.368710341435703,0.9073018818666857,-0.11691324615484693,1.0934068265953245,1.0300348179647054,-1.4107492705828932,-0.7653823659626919,1.0624053117552372,0.4661914209323832,1.049051746749065,-1.6724886730296293,0.28421067774042946,-0.03264411104430629,0.6505621295197838,2.6569134536964327,-0.13209603340488102,0.09707646165788103,0.4113758913491727,-0.6113838897535036,1.5648635225758671,-0.8518101715607737,0.7536249842305939,-1.5749488001132173,-0.2905805349579151,-0.02091423698693934,-0.04716889667261955,-0.1020134679117356,0.34774988528166134,0.39127531530182075,0.1516151130899497,-0.07968459747242167,1.5607173407438402,-0.6697512498265275,1.0938910406952047,0.008163035020104252,1.0903279595319357,0.9263644941802405,-0.7059638023125975,0.2749081949045885,-2.193684780159143
Co,0.2799298055271821,-1.2742817154304016,-0.15351958416607353,-1.5448733973403221,0.07209724310987496,0.3045338402551976,-1.4431058073838017,-1.3954342885546798,1.096664274107065,-0.3144628727175044,-0.13983867863060256,1.0440144451306295,-1.3171439595786665,0.3603454278548261,1.2381721970955117,0.5467573940419327,-1.1177994712434753,1.8300565545198029,1.2494393342838195,-0.2968599334667304,-0.11629449832516574,-1.118664173499623,2.2282151118707665,0.8849096953433099,1.0401043313325036,0.5319323312056773,0.721124586316097,-1.7791087554119922,0.4659648252092024,1.75999965284278,1.3245866236106314,-1.2772738673264354,1.119793971925663,0.5968503296614337,-1.5832870019280547,0.2906095929227041,0.3403901805067842,0.6806554581685423,0.49890718844097465,-0.37782929097615386,0.5098317978730312,-0.15919727643497344,-0.7651345201868505,-0.32167070479179954,1.1212484384635955,-1.7806590405081133,0.3794279763650095,2.0195642494519768,0.8374160772028197,-1.4686454176089223,0.929865935689875,-2.338107092224967,0.9469233871035503,-1.0000443472106688,1.2437519782161452,0.22841478879068644,1.2106617781913325,0.26907368117883496,0.4472867733471443,-0.11363110510824607,-1.265549015489645,-0.7030939530772576,1.8625878883147544,1.2481657280189298
Ni,0.4754440830450191,-1.0957890981884904,0.23107725399273032,-1.464860973332024,1.0055699587737432,0.04421867755323762,-1.7080577366084773,-0.8684785505061693,1.2063664180015108,1.4441619655886664,-0.543135120392187,2.3350496056012426,-1.2692832544613155,-0.5417233906694826,0.045433006104486334,0.6861531361532665,-1.4116833830723814,0.08796590821998893,0.21122488308881793,1.7241324177117994,1.0290223105542684,0.02246092740245729,0.7647174599881796,2.889101611297974,-0.35211077891633014,-1.081790698533748,0.7979838591050075,1.494980454393527,0.5881341747624683,-1.16765422768353,-1.1365449450673888,0.2929878449119257,-0.903416323508278,1.0716176198385772,0.9157487677992707,-1.2907895573588344,-0.1591149545993399,-1.671251885612936,-2.0292962161423933,-0.775556868249978,-0.480926494994986,0.9738285662254926,-0.1473876426314869,-0.30586801863749025,0.7496517537554979,1.5154058494340636,-0.1677255422216937,-0.6135713581076412,-2.091508299836251,0.5389875511230718,1.1773737815531802,1.026795074044675,0.03678448029832926,-1.896498122496186,-1.2714997714926382,0.02456799057189903,1.205378305071386,0.42536659703319457,0.044683109121724254,1.5175376791643573,0.08365302376550554,0.5384970102595309,0.32533381374560943,-1.216207935247691
Cu,0.4846886861488371,-0.563741458484155,0.7223591898058742,-1.8110435101937539,-0.04303598097482308,0.5178683214134812,-2.419354867793969,-0.6073778907622494,0.9870037787721051,0.7033961631006932,-0.42035291151553855,2.314010323128138,-0.8059053190297967,-1.155344573158154,0.48061934556238356,-1.4372181739216905,0.24219011060630138,0.4255928494675939,-0.2697341399155673,1.594925550781198,1.6492537656258133,-0.7768449733673048,-0.29108617846420687,-2.108061294665043,-0.484282548868033,-1.2968327601469574,-0.2644584616658471,-0.2687609908623035,0.4443036703400095,-0.3023098459669184,0.7316055452762332,-0.4724512582322149,0.10810652059676046,-1.7252702278249255,0.23544751829927296,0.9415916979832558,0.6864493674242224,0.12116597804999253,-0.8991537336838273,0.3905125409776143,0.08963620733180097,-1.364662319073091,1.5243014275367146,-1.8131013276117698,-1.2375297578168485,-0.4802383813920045,-1.2065619071185003,0.46776154624868826,1.3443727519701858,1.6496315930638739,-1.5230825608024186,0.3535897500899458,-1.327005172510782,0.36071048514383963,1.4740197406978381,0.7587535179262109,-2.1567867450854528,-2.159058395997236,0.30609213387365924,-0.42631839331712074,0.3199633610174518,0.8058517961047326,-0.7888219061991626,1.2917407416929503
Zn,0.44809011787869896,-0.4113989298966333,1.0402658535880926,-1.6619531475382887,-0.9258032646721319,0.23228722364492602,-2.2662546103074566,0.6766353223411287,-0.9462338989185639,0.6712761143806446,0.34182194755838186,-1.0027938459381416,-0.9413986300411126,0.15813078646000936,0.25205132702325045,-1.2808453930016586,0.7339782886567885,-0.7985064464686438,0.2589119981766914,-1.6072769344333202,-0.7810017443646469,1.3903951133872843,-0.9986819732191377,0.8552670584952455,1.7899172966545944,0.5730727326286591,-0.9271909406322053,1.6011844237151436,-0.7375280931597681,0.6140232497942851,-0.0496725280967777,0.8426356875999654,2.281778189657832,-1.968849353407357,0.4570605512384508,-1.6159485596763234,-1.2260918519705986,-1.0726021391450742,-1.0070999987955431,-2.0185925158414406,0.462003451484683,2.3793697937673386,0.8443832149262365,0.5183039521965171,-0.24549473399685542,1.399264345560551,-0.6691778430498387,0.2136924154209909,1.9129540060972703,-0.41171962916565163,0.6021952405733842,0.35464890806239924,-0.6256959967449311,0.03135817901492083,0.4850342774368762,0.044106153696516895,0.19742543662689463,0.8047843791381678,1.6243072805498282,-1.8275673726011779,-0.16228336475846455,0.5424441209846985,0.8366652834959031,-0.18940415430368845
Ga,0.4102354366481191,-0.09679928451678806,-0.2933121468375253,0.12118653369139545,-2.876773399338775,-0.27592017225666515,-1.8535593223416855,-0.06211573883851463,-0.6012506942169497,-0.9066408573253887,2.0375937531272497,-0.7806386210387506,0.5145873139852839,0.8371094509820253,-0.1433113505202287,1.2987457300024112,-0.17768812357637956,-0.17517876027230067,-0.1254373185347875,1.4081396850313004,0.21687383261511578,0.9055668351203244,1.257138120097881,-0.38385581766098176,-0.1584436880012862,-0.016086758124585758,-0.18080827226926707,-0.4165380381380209,0.7013405847344428,-0.492860825462283,-0.435453056755637,-1.1860283218701484,-0.7306934539318505,0.8886852472375432,1.6929845851183711,0.270976485185422,-1.6155938205021936,0.018942930885140354,-0.30470585692891533,0.4107409220278207,-2.0731841882430366,0.3544015851474567,-1.2540373914485472,0.7387931680622821,-0.08480458762343872,-2.188644554922547,1.0216461528319454,0.486379310904443,2.2870747608142503,1.0792853953962862,-1.2022166519518593,1.6379164491137834,0.5816419736984125,-1.4695909388421315,-0.20336780275457575,1.8054153947311284,-1.6840473306984527,-0.3051216628324289,-0.38350591339127743,0.1063613029358784,-0.20259955882092048,-0.7046225831656264,-0.030058539453497148,-2.2508683288303963
Ge,0.8054396839998669,-0.4500546022476047,0.18257526560009057,0.9721960990207488,-1.6765849249242506,-0.7674348979924438,-0.5781848596880536,-1.1624787165270245,1.4172075992208952,1.7658025442218996,0.588556449253217,0.7741802085643023,1.704165389513642,-0.3340156608667921,-2.864324589657344,0.7848636987689691,1.0117317799806584,-0.9065058176933656,-0.035906199704141155,0.8750663575139915,-0.4084119731780925,1.0758833025848593,-0.5392982367023285,1.103541340831438,-0.22167666596621874,-0.32780436309940164,-0.08538471074103593,0.062167155942069174,-0.9993729603411587,0.30373073029623,0.14651214761209594,-0.41661873268287847,0.11073819749694472,1.0399660700833182,0.501445333769145,0.5182436512397204,-0.26931100263955704,1.3264378772887528,0.4634427813330098,-0.2826059649928958,1.3477258052238132,0.9559655507406459,-0.6228080884420217,-0.6851105638385528,0.7792352986437882,-0.46863665526313925,-2.327275968755027,0.9155099690877742,-1.7670770930333244,1.1068725893341584,0.18796482801305237,-0.9850038587274361,-1.9406514601131146,-0.6510236146389058,2.0200023732548096,-0.9455295190942429,0.7361143690136701,-0.3940343672362863,-0.5528098930390184,-1.0974519473792401,0.1304403755482858,-0.7062884448652175,0.4252513685967407,-0.043570214106560076
As,1.105768319095467,-0.25960294951317725,0.5823569705237506,1.2132796475771215,-0.951369378630528,-0.943651000904406,-0.3822274315308134,-0.815394563729404,1.518676015960147,1.0569230566074064,-0.18892062995161346,-2.3266537143893986,-1.9786265711089104,1.5799157331685743,-0.6773509701769274,1.0743800576598241,-0.2534651446663686,-0.9518712914525026,-1.0927757863642575,0.9300872826015892,-0.8611202131346456,1.525794990874804,-0.16923527453032022,-0.13381781348150754,-0.7633924218859572,-0.3025185878831034,-0.6885693580618342,-1.3479988148957738,0.11713491293552072,0.04779289804752787,0.4654098678125108,-1.0751393970989753,-0.7398500551232722,-0.9561636468255323,-0.7305546036952536,1.2668882565673423,-1.1669795307678235,0.16606452119744397,-0.11265482077040608,-0.6359854239497539,-1.0046020358593222,0.5335474398620884,0.6965907902235108,-0.6528426298805622,-1.2629145341312609,1.260160496702549,0.6701894679534478,1.0957998694585065,0.19106604335820293,1.2125217530071064,-0.17951745599190871,-1.5827725808378486,0.751076105425731,1.2263205209342876,-2.9042266367626617,-0.16950225143226383,1.5529081562844076,-1.2943185059601598,0.8712733037460381,-0.05145688434410162,-1.7768936436467098,0.7850325629560726,0.38457623602640656,-0.27565677913358
Se,1.5842981346825056,0.8820293857792391,0.4942172703007658,1.338437801621439,0.5235492920011843,0.16941631730627527,-1.0830870974662006,0.12862826282209608,-1.0158306923960747,1.0865515649202673,0.5392817021203257,-2.1892882943489904,-0.8301470059557248,-1.613760615404322,-1.2588555431943502,1.1304143212841333,0.7772406388436467,2.6842835206624645,0.9866679791828569,-0.45201361319728006,0.9066508071607163,0.6404136119330002,-1.1524881534857383,-0.27644726981463,0.05800817209202785,0.9075776577590633,1.2981528967765754,-0.703676705311954,-1.4054734216255949,-0.39739794602097955,-0.8380668597054972,-0.6705246458717495,1.9674792516672446,-0.3636582660532631,-0.4005974440878373,0.5106527974315515,0.311635765282996,-0.19738240426506834,0.34908243635150976,0.03489041929734808,-1.0298807035160857,-1.2582107882815101,-0.13741887124957633,-0.3646574413574039,0.8753945353482991,0.6001427252434052,-1.5986793155560504,-2.0128633905070306,-0.2750259676604196,0.2261492557145592,1.718857820879037,-0.4233174769721427,0.8811768673483936,-0.6240455476314059,0.4586244019752037,0.8112269132439093,-0.2457033768475397,-2.184824847743157,-0.4626858149474628,0.6169763652604997,0.16865639260856471,-0.40120518180332176,0.6568122647506189,-0.5834420637351878
Br,1.4395497695086472,1.7677447221335554,0.10654259785373,0.8613320584158733,1.4877138094749796,1.2981655668577436,-2.1551827763509763,-1.3289415373451694,-0.2681496370291881,-0.455421555460195,-0.8371071654944329,0.5068060294959253,1.1623969178855436,1.8323237442306093,0.7216472331528316,-0.28069180740814187,-0.3733802923994467,-0.46754722997284803,0.3694889858588109,0.755139465361893,-0.3693392460630202,-0.28097054109411274,-0.19014056584702807,0.4752181422086892,-0.3395046128362247,0.2608898993644924,-0.6977915571154826,1.1591841314765543,-1.3886591532222337,0.6889464752446418,0.6432191611594262,-1.224725597871838,0.27348501125118213,-0.3239553557767547,2.202979208145215,0.3040298026703502,-0.7468799397910941,0.7605244505388483,0.2043497177473463,0.1509116542290044,-1.9015936115701533,-1.1412239818636996,-0.06252517744985418,-0.32567769453315953,0.29756084948706096,-1.818689753913032,-0.691799673096028,-0.10585538307779052,0.15345713606477018,-1.7799544523238529,0.32879836466343865,0.2182255068256411,-0.5789148096194078,2.0081683237983174,-0.7366590757775953,0.8999748191310489,1.182001391113077,1.8806215538289197,-0.42066202212885995,-1.6066347506548821,0.8793561193553383,-0.669665298158529,-0.5937934502289005,0.05425973953661548
Kr,0.5997403742716424,1.7161394943614774,2.5491401233765694,-0.21679490456135564,0.002036382857672199,-3.9716555525814705,0.6052066447604338,-2.8762327540055854,-2.524767944581941,-0.9838913707056116,0.35515447545652407,0.20031812166365867,-0.3612183961787695,-0.41450615281256104,-0.6408862770346464,-0.2760015363095967,-0.5356716201791607,-0.8150528388654148,0.0049753184381710796,0.06610157783495339,0.32276189128510124,-0.4916409361236816,-0.16102268249822912,-0.15365568132319712,-0.20943946005488753,0.026914365863625795,0.11046591392208796,0.15812816897161577,-0.08524655365809965,0.08854160154500364,-0.08090870546257148,0.15251931474380037,-0.16320654619696137,0.24147390344271635,-0.18267166042304117,-0.11603733087824088,-0.3383332977292484,-0.08329663630106417,0.0541209877687542,0.10025494705932919,0.224846767799011,-0.04065721730612329,0.1513060203766484,-0.03549246761521323,0.007223639227100869,0.05825728377356655,0.019231702168657015,-0.008526841709774607,0.0365180042920445,0.08181970202681002,-0.07347898524473045,-0.01962220118503056,0.053681382237741083,-0.010571569981427427,0.14294714033350334,0.17026672103393747,0.04001722376746743,-0.057465761709268766,-0.007499819589506173,0.008278505328557874,-0.01936761184724596,0.07103646789060904,0.10344190374236033,0.018212000143561696
Rb,0.6677899834611768,2.049082913540818,0.4976348417245824,-1.5005845459768656,0.23097456550107986,1.0273441751612598,1.6664784233534915,-0.28879479893626553,0.8401279121450295,0.28493160681066476,2.4221480820268155,0.5905963110759419,-0.024506639531781966,1.1956553454616694,0.4620976191196898,0.355379027724453,0.3781569344917885,1.4249930092466947,-0.8467453547238155,-0.3562503351217317,-1.0150029482967249,-0.5361003026397808,-0.8806839415743721,0.4086745010512157,1.3155217404950097,-1.2074095216252683,0.6672387834598474,-0.8076061608092046,0.1767907531852231,-1.3037304929698135,-0.27188004749474576,0.2563321244129995,0.4369968486586936,-1.0185589416758791,-0.07277783848357985,0.07452160554551378,1.171379975726655,2.8980307260229323,0.08580978751577352,0.5115350239341553,-0.09935799872895754,1.098987396269765,0.056755357998544816,0.08181668749192948,-1.0584373364718689,-0.010104378441458608,-2.197262348004396,-1.5687699637340273,1.3552995251407993,0.02743790988385055,-0.9336799485634311,0.9284230287978288,-0.2782792099694902,-1.7159341616438655,-2.908503846292298,-1.06700197700487,0.08075137607193252,0.8814278589761418,-0.33054723539064185,-0.16784604360078192,-0.840459487745057,0.5507568064443189,0.3720457750100068,0.5141141666329736
Sr,-0.6393439599026601,1.3033800874093924,0.4250712509273709,-0.8088661247047167,-0.8906246521297685,0.14716870110471658,1.1581448278852045,0.2355805518435095,-0.9724714429155752,1.845929659830966,-1.4486200920389294,-0.5722367871826902,1.3582384194331534,-1.6658931690553964,1.8881722057255954,1.0717910984229193,0.3949852084512238,-0.02519005177484891,-0.7820447597419267,0.34481804519689707,-0.5155642507699367,-0.13606709801295547,0.42325208919123586,0.19018328744392887,0.44351533966851636,-0.5181785970313129,-1.3057845249480688,-0.9121813843237909,1.880876097072867,-1.2863064423897546,1.9361510113743663,-0.9759078626881034,-0.4124848286986015,1.2136428866697255,0.9418562639682776,-0.5086539652577923,-0.11208844145270276,-0.5826156949456774,1.91241597240387,0.0822175683792956,-0.5505457168449814,1.5751253893909585,-0.11960510542856531,-1.3411344392032476,-0.2818275962003211,0.8171104871264264,-1.9086217651698911,0.46348550719616094,0.5775265889991477,-1.6932605170702875,1.5464466656521705,0.23254553077580195,-0.03879496610072747,0.32626497337057675,0.9458633846848139,0.4388146349468045,0.3895678488434426,-0.8282772171548337,0.16788530891905512,-1.9183826606024714,1.2695545351618822,0.8210365246538053,0.311755248500554,-0.3910135482883874
Y,-1.0846795464413923,-0.21636836284768932,-0.8578081983893273,0.31905595485723276,-0.06875871434739328,1.4352364830565427,-0.016426531984534705,0.3613994839244921,-1.4360949361034776,1.1922894054870123,0.18093450889914123,-0.1654282327348234,-0.2783314794612491,1.2339466590218207,0.2215997612285057,1.2455267082314037,-0.7021827756514778,-1.6142392906589005,1.3668029192504771,-0.10843060146230872,-0.06758017805894596,-1.9230991655653928,-1.5315807264321493,-0.8969993959947344,1.5790188682675506,-2.157892419105504,-1.320120694968291,-0.3435667083615751,1.0380172766342268,0.5588751059623737,0.46632559091026193,1.7756059547344796,-1.216001365459794,1.218043047187666,-0.5619868735877939,1.461819441148927,0.4425436921267863,0.40588600614013437,0.019374582028328948,-1.141325840646504,0.5947243698801412,-0.11330057092918597,0.21649616362885013,0.8893626627843062,1.2891167198356739,0.5329182704428379,0.41757078580348356,-0.624332865199004,1.1379677206921188,1.8950908295334457,1.4294389467404636,0.15547580324282248,-0.18997442919638882,-0.9010480119085186,1.2304442574486378,1.783186550608175,-0.06511807347779851,0.2929885206177627,0.7531908152795266,-0.45634112093194523,-2.516214410692658,0.3223043774095803,-0.3831622847230981,0.610703064845693
Zr,-0.4791768386643788,-0.8226429345779968,-0.694396241337766,0.7727831588892354,-0.023243579498936767,1.3430143550191942,1.703310485438289,-0.8942700526971399,-1.2923573256938654,0.7321863862576588,1.1374350914058105,0.14173312635086568,-1.2532145338024994,0.12292707556521322,-0.3510296567643738,-0.7813816090581117,-0.8454283791661268,-0.28791897841792086,0.6181980367954519,-0.07796621176586596,0.6364784650088695,-1.1544192738523995,1.2077976289352936,0.13495040097924493,0.788396261835431,2.8144363897178812,-0.16045457762857337,-0.14317991779946135,1.08940026420627,-1.1923206190900164,2.4462847310440603,-0.6392054282462197,0.01917656216607833,-2.177138244764724,1.2897488348535229,0.007130391960861396,1.7223133910318393,-1.0963223765536911,-0.45851969693074,1.7818687414286336,0.08776304208054282,-0.025097022731401648,0.44126703807235856,-0.8022958773819823,0.9335131533413568,0.3041974022452338,-0.1175606800210898,1.525702854685659,-0.7113612418015208,-0.3051865521792897,0.4930903526449919,2.2365196973651704,0.46524104168416297,0.3387899994589446,-1.069531657014384,-0.6371105007419214,0.0938354907909794,-0.7352936235108002,-1.1762421280247242,-0.8074780700471633,-0.6510019274738341,-0.26257623569670396,1.2266651325920275,-1.834553267836307
Nb,-0.173017493817633,-1.3507076179178725,-0.011767602758000165,0.34888467136534906,-0.43455890797787017,0.8182852441890817,1.5243409431239625,-1.4237303769074676,0.2987744911009396,-0.6012835555287382,-0.020722246189081597,-0.949307285114002,-0.6668671389111859,0.046794741715996443,1.3016198935105006,-1.660687177029303,0.5335457345713778,-0.6052072534301225,-1.2485049961936365,0.6193559323010653,0.22270651173411682,-0.4357127363452158,1.6891944496170619,-0.9031931603210972,1.5799457213142227,-1.2925433436562483,1.2609086591647254,0.3643251715550471,-0.8934938204382753,-0.6429046279160057,-0.324321481417878,0.5892119447261448,0.5721043099629178,1.4022938902416355,1.156189087943338,1.4797707180932875,0.624549937930312,-0.6815262290439682,0.20083182923844325,1.6113357363508425,-1.4355067870372689,0.28695839245934196,-0.8816627834764089,-0.7629136107835941,1.1509585264503335,2.188952395705102,-0.16422641500694757,-0.2530928562659729,0.9866338262264618,-0.6822506739923945,-1.9233236069515112,-1.551255237046196,-2.3464880650114273,0.32850825769797953,0.30352298055328714,0.6658361570655104,0.8645001423323453,0.1532493645283006,1.9310995507305613,0.9349431018630634,0.9061799473962172,0.4992818976643455,-0.3371894441452137,-1.0243840002055984
Mo,-0.036326521554200596,-1.3512842227984554,0.1466410224990809,0.19980873518984102,0.4968048190983093,0.9571889898982787,1.9593025619474636,-0.32451658959886204,0.7435239910364289,-0.7491648611363909,0.7763479853199552,-0.8114879169004278,0.5053756856312605,-1.499305587478292,0.7985051138645906,0.46200721803075456,-0.5500432647757819,0.01915471963322316,-1.1707895197341125,0.07044694329148664,1.608415408740347,-0.7287270178997851,-0.13326916953547202,0.2943733958359775,0.6507025399311488,-0.3628355976727237,-1.1935883987657185,3.2025984422975453,-1.6390747085140118,0.3331138493504924,0.5982039857499133,-1.9441215479543246,-0.5432425521093281,-1.0409513133639636,-0.5803553088166412,-0.7454008527225665,-1.8458438107380142,0.6893622578803277,-0.18748406851744442,-1.3928930254979277,-0.27065336204128004,0.31730913062321586,-1.305240793263876,2.351860111779495,1.1882815521984342,-0.0041414282815263916,0.42605700141583386,-0.16000827697721634,2.2180544134592606,-0.06863138156377016,0.29435864224244673,-1.175808735051677,-0.9706344822478654,-1.0168978256098369,0.09436905804348845,-0.5505661449531748,-0.5349712008767206,-1.1170168594010155,-2.333940984009917,0.6808766322339125,0.6578910138579883,-0.10916474488764522,0.9534001282600395,0.5325877716914742
Tc,0.4298476472602068,-1.5366385445780921,-0.010274727224954197,-0.5022295275572837,0.8818688170774871,0.2140456438724091,1.3273617662509576,-0.008669056632939914,0.5772718956757469,-1.2544440729499957,-0.17752683347922013,-0.8267098542714607,1.7985024989705927,-0.5648927547154674,0.25339292984277184,0.46785336477661055,-1.5562873042107483,-1.7531006454123939,-0.606148549569054,0.48205045867893015,-0.4278349201167425,-0.8111010665645095,-2.232005555214139,0.8432336448375103,0.626216750834107,0.7683048880848343,1.1388835229509517,-1.505044969433199,0.912187677316121,-0.5971057762970954,-0.6322001830653888,-0.637889791528517,1.175450369200134,-1.315745152541247,0.9247122882149378,1.0218744247534886,-0.8105724682238261,0.3555958406258291,0.4719402828285152,-0.2820578046482549,1.0669136118379032,-0.17603523666724247,-1.6963207554422037,-0.5377529471718848,0.38836429417518487,-1.1599927164123363,-0.7933877174646827,-1.2971853832207152,-1.2448453869090468,-0.029850177162042,0.7591549690286847,1.2926608552207244,-0.2756872547164036,-0.6273154368901643,0.5622469350885896,1.3865047851556884,0.2483870931672668,-0.854666980276628,1.4769117810424852,-0.3776724988685203,0.3390909983572278,-1.8999938072040015,-0.47310043918947575,0.4614075750279755
Ru,0.3914685870219649,-1.597697220404977,0.6681149544425928,-0.49305757332477423,1.323635503249696,-0.4100804169118924,0.9225619634883206,0.1690177437899358,0.24160019969689087,0.6202003582515172,0.33024986307193815,0.7140786894008123,1.210192511090738,0.12275336002623351,0.002736732020118147,1.2123394833632857,-0.6863452178476014,-0.7001787138021183,-0.02206969034481388,-1.9965637028371797,-1.1621545224996557,-0.1834513624612058,1.58604340921253,-1.9942864815952157,-1.1880624739476149,-0.21257012566971617,-1.3142289620197594,0.7018213091739408,0.24571184000624563,-2.1959112364432443,-0.7399433825097635,-0.28201712912231286,1.1563770429930964,0.20346758704683324,0.2941860288289021,0.3020461118651899,-0.1992281080708415,0.6580059585785896,-1.7365284563642502,-1.1002292132320783,-0.7536384236632861,-0.3243911967227846,-0.41908041472995883,-1.1481293777579797,-0.027646791502702096,-1.3418051210833628,1.6953623532312343,0.3397982853529704,-0.3423476489054377,0.8511634165950113,0.11928882225747735,0.13694117235806655,-0.7762351609380006,1.0890976161072508,-0.9778987019897587,-2.419161054821219,0.6739299303632749,-0.7782593188125452,1.7650259759084321,-1.0212422330739677,-0.17577980973208945,-1.4534777329082003,1.2122828736762856,0.6543872560434868
Rh,0.45479889339475293,-1.3573468928410706,0.9447463326902605,-0.5486770147016121,1.2333837190857133,-0.2871079712876799,0.39914543473929287,0.473726376598338,-0.12217014419237894,0.7884601398038893,0.6066141178920436,0.5620830947702268,1.6784808587592115,-0.24008161009004103,0.3677905977295358,0.10758679875506999,-0.9272017838105336,0.8419220674791388,1.2747564204454613,-0.3961657034753809,-0.9947817474631767,-0.6115009870147535,1.7862901479021316,-1.3314534395359359,2.198789703835441,0.38275420117373044,0.3534143082591841,-2.515043042264924,-1.6765878292013114,2.3759303679077557,-0.5313074805536674,-0.7350952516191182,-0.99693538329385,1.7275441559474252,-0.7261465379387803,-1.737216463259445,-1.9465540174798863,0.08676075592436357,-0.24958485136531475,-0.254174987839765,-1.0867265266498607,-1.0382192826120817,-0.9352922498057257,0.21224694703029937,-0.6679540054143505,2.0308691600414526,-0.830181016146192,0.01631275524386361,-0.48126598748014104,1.5162917666157747,0.3426680302900544,1.7285890771309773,0.12966783762750084,1.4580175448445112,-1.4399572833416625,0.1453603085601854,-0.08417372525408387,-0.5901607734972755,-0.8128414343433701,-0.9312556463743881,0.6636284107556008,1.5415934632743935,-1.5195835061558025,0.9802485399545268
Pd,0.6776781887727974,-0.9857282864350819,1.6341676159406944,-0.6807800432384661,0.8485919528384714,0.026567314326400242,0.45617126501946753,1.2794292963007996,0.22913673723705424,0.583754131081651,0.9775924817557198,-0.9704822540090751,-0.5449947909675767,-0.013125914333989526,0.5430130888230809,0.0717446770907064,-1.0653299198536395,-1.4777513413858046,-0.02184684276164524,0.8891257630376862,0.37756798593695484,-0.45476164615140957,0.3173293025069174,2.1545954013984048,0.9426479881236501,1.9948092555451575,-0.32372731402475097,0.11598869912343746,1.8652651437906091,-0.392877265018808,-1.3595112199587998,1.6831871098112898,-0.19228744454168847,0.39928056108366655,-0.38264778249898557,0.23699737350170064,-0.5495526132394224,0.6459652172622447,1.7385067112207409,-0.36391656631455327,-2.672566539073017,-1.6640812687073678,3.4256492508755008,0.22248540660245042,-1.0624797142069387,0.6006917557095078,-0.3600695476798628,-0.0544381544626605,0.06161918625548391,-0.65932767458945,-1.1633840977118202,-2.246770154000711,0.47481997782920404,-0.11336554494417607,0.8155462303761443,-0.6368138511576584,-0.7945153291630802,0.0714657951627713,-0.8592116460502004,0.35832031958773425,0.3577369450786879,-1.876214030378469,-0.3522489128522243,0.8806015237523742
Ag,0.6614704054367901,-0.5820918884733101,1.7711283801274793,-0.9609727008226034,0.6396274814993481,0.5347457721903012,-0.1254177018371525,1.1345405907146047,0.5908939755554623,0.9157096692984715,0.968256333901396,1.12862066895339,1.0633369794782663,-1.429780249446167,-0.6387528392090717,-0.8834436578583413,-0.2185791357540493,-1.7120359857193441,-0.7702458398774255,2.1430292375704587,1.3778860646132973,-0.39535377618834616,-0.9304096751083102,-2.6202694811366354,-0.8016251938868126,-0.37645049166846384,-1.6093641379809047,-0.6657769440370455,0.09237878757466052,0.06681152148267765,-1.0853388873526404,-0.02011881390596537,0.28995875330832904,-0.5351993194278352,0.032769267415229994,-0.5514466992660771,0.7743984522895068,1.622961409612025,1.0860089990940953,0.21489317132268093,0.8164967179427463,0.6816213521421128,-0.683642559160516,-0.5563951636111907,1.0062612802959612,0.15421234427359787,1.6499891450344786,-1.565417446785991,-0.13331464177779256,-0.9981940677998014,0.9299760023378936,-1.6774908874462817,2.57802073383565,1.1128109863507578,-0.0902521392881153,-0.08569888350505783,0.37120233661358387,1.2591832669753047,-0.98521216105563,0.19881650770136586,-0.6090551240591308,1.254171621890766,0.7612114824343735,-2.489463816348474
Cd,0.4250476297070927,-0.3433950982741114,1.1353260300053993,-0.9091742322828442,-1.3090359256850503,0.7869433469993063,-1.1866592183206481,1.3314629770827822,-1.0577208063801262,0.8286171045507281,0.6896226102186791,-1.1750233666692944,-0.7020113561561756,0.12136542902582159,0.10388824022849069,-1.945638965663163,1.9352839008305196,-2.0179343829986705,-0.8870979931125856,-1.8795540650865135,-0.8191570433222529,-1.2359212702115654,1.0388678820519244,1.0306036189453196,2.158356501176394,-1.181511425052911,1.1613865913280872,0.3672848598918165,0.5517731890478702,-0.6756260803950735,-0.38583716215793085,-1.5753412297666651,0.31156234135741745,-0.20913656153077664,-1.5984135552025878,0.9359932163880504,-1.2164722317678025,-0.8969082915683435,0.39037407156895515,0.07911419525287015,0.892906078615042,-1.1658524794083653,-1.2528451593433174,-0.29074407602121904,-0.43414932372276294,-2.466660453805197,0.2530796188182597,-0.18983582910640673,-2.3454200852235108,0.4876900155557816,0.232118196213202,0.6916713824894046,0.4114502454403804,0.6108873845842353,0.16973282403549164,-1.2286200351423642,-1.2424253587648153,0.7359606725659494,-0.3642442450282265,1.3789587175258673,0.3523666154305057,0.7833850030894256,-0.3745647020138696,-0.636645357272012
In,0.1854323213483741,-0.02206906933903238,0.07011373316556545,1.075240506569581,-2.60414639488346,0.9663369672731803,0.03176997164630232,0.7092459499184149,-1.8096776426854493,-0.30433814634111206,1.2001583722327969,1.0889390397390852,0.36081764208291806,-0.8573708793286945,2.0892805377241794,1.142019654408453,-0.6900813421795219,0.045841293025522444,-0.4367033705458887,-0.09913459882335253,0.15183218455794553,-0.7104375625723873,-0.06828343130761147,-0.9749250991876661,-1.0255298010632372,-0.11067833710946035,1.860895326048253,-0.027541256549348584,-0.5888290262771216,-0.23928381889114095,-0.26236978128640304,-0.5205457619630186,-0.022835250054995586,0.09970689209297891,0.37685663992082197,-1.5603575269067371,0.5109855299969809,0.2912587492099183,0.36948116347552157,-1.3481754936185941,0.5380565905529854,-0.7830001278559425,2.563093065778649,1.3637225998988376,-1.9983290294054545,-0.16967139305940757,1.4689546895072816,-0.07453115431420088,-2.60925067036115,0.06848687604280532,-0.609482032256654,-0.338977185314958,-2.5532033769166897,-1.3031448579542273,-0.13030138573750244,0.9006604824555978,1.8405275678812703,-0.5858088025016097,-1.2712797550429422,-1.3617135011763872,-0.44418997320319065,0.513004286961949,0.9397754959797137,-0.2528899867203452
Sn,0.5848463236774479,-0.26265505685028767,0.6068957943204483,1.8079708565529715,-1.1939412751188088,0.41311503587596865,1.211651919380388,-0.699514802603181,1.0414769257720844,1.417996066788133,0.5796448402080929,2.4184223310247126,0.864285605134113,-2.0328194315742025,-0.800216749489443,0.22477904578606048,-0.07729142620168453,-0.7561172985925066,-0.19956906398221175,-0.6613785257945876,-0.255744379961526,-0.48152660986958457,-0.2158466689801529,0.8314279782930271,-0.0233222118231782,0.655091097819431,0.9201314939554038,0.9152242570293962,-1.0275333534209823,0.005827964884753372,0.3915963367240771,-0.172315959082357,1.1280829473848135,0.36546806525682674,-0.21950799867329976,0.32253745559103897,0.4156903499250887,0.04633857230562286,-0.08350492910854508,-1.183367970251183,0.25140163332636184,-0.0765834056550983,0.7428774300149673,1.3624558609570963,-0.10922375125361665,0.25314787605260936,-1.0257303721579056,2.2025107577171386,1.1200685622988158,-1.5062320010351875,-1.6607281693210785,1.549632210533578,2.4240576631632385,0.8933905887191947,0.03202665622649463,0.25074449962949147,-0.33895649832071434,0.8835502902107478,1.4673097913623085,1.3580749302143085,-2.0367698423136478,-0.4881437895452153,-3.201089017630643,-0.33354175126890656
Sb,0.6866173376002561,-0.03765836418247277,1.2795194250061621,2.094290540771012,-0.3226594370294879,-0.09761763596158927,0.6007481705307823,-0.5464639709028406,1.3748665283015769,1.4477774766606153,-0.33703564932418806,0.3270014697826598,-1.5016095018847853,0.7010127842864334,1.6377928555746135,0.7332370777087103,-0.27821274355626296,-1.6347281085080583,-0.3352350192879878,-1.425917520661787,0.2866538744266105,0.6605825909192357,-0.710401504740016,-0.9121943454167277,0.0939988499299291,-1.428103796729417,-0.06016150949395174,-0.15857940637041312,-1.4313783928566048,0.5118621980233541,0.5884857271209668,0.4782732272114328,-1.545489125632476,-1.4216796820992146,-0.8098820537999618,-1.9649813186944987,0.882846617641726,-1.6949796411596338,0.445477529059981,1.7365329311523063,-0.867349042768998,-0.9986153573306082,-0.2906876241437127,0.12639578949205582,-0.5550088767941257,-1.4674834943721151,-0.9899849153450418,-0.8602689283776843,0.006095188660395382,0.17854736057590595,0.40601003493336435,1.042760692244341,1.1779447127264482,0.8508719538388121,1.427844629817208,0.7467364140752183,0.7060978278051872,0.4975734669665741,0.0921191062137029,1.4058973949342348,0.2048224572607172,-0.14431104582957396,2.8999780970153206,0.6984786118866722
Te,1.2293464018702016,0.5416627088040626,1.352321000016423,1.7559746862906396,0.5888969030773592,0.49129293223917975,-0.058295451016678164,0.2137159479092107,0.03918520080463042,1.1940964595927015,-0.1123722493276221,-2.1019619748250435,-0.06222428468636496,-0.18396146683039188,-0.01737631136048373,1.9946522065127268,0.7208792638852611,0.04119912315085992,0.3247096688929256,-1.986197493114285,2.4874041093799866,-0.4965184006894866,-0.40595012086377924,-0.326868863678015,0.4741801286417212,-0.9134031619101417,0.9694855692150248,0.41198428724651753,1.3739466697460583,0.726510901477824,-0.5538740298510888,-0.6564842121344688,0.21910832832214422,0.9070537614278602,0.6393283612963193,-0.1277287679979576,1.7284967803574172,0.4701764213843459,-0.44144688735741844,0.5807383299488312,0.5916807539567027,0.32290764256179133,0.6482271172162555,-1.2665682343880798,2.181843613270111,0.22562986849979633,1.3249046322696465,2.551167492173409,0.011276552901166716,1.0579017861761444,-0.5818952649515429,-0.6510931138869217,-0.0617510064394964,-1.0136874783014187,-0.6286259116503649,-0.002456904913412948,-0.1564405073917218,1.831500035480673,-0.36976319376238076,-0.6019164922805421,2.0821265577444494,0.6119572914608924,-1.8069124322738304,0.6800461193018396
I,1.473451721872122,1.461196782885336,0.8360175064508991,0.7368495412623167,1.050906374939348,1.5970909618415106,-0.6372176325314971,-0.4157494252928419,-1.0764562548541259,0.014902226512726536,-0.9210371541413769,-0.15300266073317934,2.0161164708402595,1.5188574746563002,0.27574382727659946,0.3619912074012968,-0.21691556438305407,-0.8446583415807091,-1.7818765971163424,-0.21544881747826114,-0.37764653571924245,-0.8314603188395505,1.158347287563654,0.11049822344692718,0.3493535826512732,2.0832500063524613,-0.7839717500407655,0.038644500724183406,-0.46616830423646016,0.7701947132344918,-1.7039216982743575,-0.07637632850442651,-0.978239305266999,0.39866394158279655,0.07374795982982953,1.1058119720642154,2.6566105157879853,-1.3202568515656585,-3.063489239639241,0.21949902429848792,1.5206087015416727,0.34370617502943424,-1.0138840000962148,0.99493117981075,-2.9860843365254537,0.7207516090656029,-0.19694044421411383,-0.20300978344598344,0.5881208099309588,-0.5968798535465649,1.1938615367659087,-1.5554001370864559,-0.16815727864998223,-0.7835636847024556,0.6724491528810382,0.7388090475541704,-0.20044734933122563,-1.2259154355396569,0.6260953915307951,1.102816225997934,-0.36204565421315904,-0.11514530963646213,-0.17509966513055208,-0.30210859663702166
Xe,0.0,0.0,0.0,0.0,0.0,0.0,0.0,0.0,0.0,0.0,0.0,0.0,0.0,0.0,0.0,0.0,0.0,0.0,0.0,0.0,0.0,0.0,0.0,0.0,0.0,0.0,0.0,0.0,0.0,0.0,0.0,0.0,0.0,0.0,0.0,0.0,0.0,0.0,0.0,0.0,0.0,0.0,0.0,0.0,0.0,0.0,0.0,0.0,0.0,0.0,0.0,0.0,0.0,0.0,0.0,0.0,0.0,0.0,0.0,0.0,0.0,0.0,0.0,0.0
Cs,0.44286285475556975,2.225972828316697,0.6440104706778581,-1.6736885831185626,0.6737449696245179,0.4139608747649161,1.551525344546639,-0.6717536135526737,-0.3167157755889646,-1.2895030838308386,1.9176026662339678,1.5831202151625503,-0.9818346397533263,1.4953106776582317,-1.3603247150510347,0.3029672421978945,0.25795608868686815,1.4191903045036829,-0.8881872336614745,-0.8960553416661124,-0.21769457408510262,-0.5811639455313847,-0.8690711351070189,0.416516167380752,-0.3025937099919142,-1.5952984442301101,-0.17209211310782527,-0.6544791788491388,0.25796854905707084,-0.21745003579644664,-1.393854517902124,-0.03870153585984449,-0.42146219183894884,0.48457825860293785,-0.9346457896618294,-0.8364132856846757,-0.4868830923846135,-0.09501030262576814,-1.0472395482409458,0.7491028167172286,-0.5153072981982053,0.8919448774385985,1.321778048061045,-0.4339310334495281,0.6786674624823237,-1.5914064427683474,0.029408661839250262,1.4867985670377872,-0.017255117213849484,-0.3163908805244521,1.3739046315432815,-0.47163356400557394,-0.8522349272885762,0.9825573326130522,0.9012570646890589,0.3136882476039273,-0.4254852407031165,-0.1472441788307984,-0.18727718767558751,0.898362398395744,0.9141307363862996,-0.4108274115199607,-0.35098261880973586,-0.5263616841231697
Ba,-0.6253706469236555,1.3587688745891502,0.7361688319168331,-0.6339930625403976,-0.8037273956964011,0.05291351139735472,1.3300409145890228,0.7747094625396455,-0.4536953428899334,0.8267793493863982,-2.4593554645121434,-0.11327304576693996,0.5663983370141641,-1.3296956473819441,1.2956535652653187,0.5841287673726759,1.4991060708588764,0.6474040425285286,0.428673696238589,0.634175845823159,-0.9240207627994167,0.7070266778182435,0.4434768907120867,1.65319398136175,-0.803224409526624,-0.9775786617592047,-1.812513227652471,-1.5973747372736582,0.7643396174494251,-0.05418156069068775,0.42641990442252314,-1.4644432678517292,0.4767276764938928,0.5619544066939378,0.4969728921471509,-0.41913812790355137,0.601957254200195,-1.803151019449268,-0.3627603953651777,-1.2743624641780789,0.5205576084978935,-0.13243233064513163,0.8577945561430105,0.47344325593286296,0.9247029622279053,-1.8198712639846824,0.08466161531985242,-1.435821979315332,0.2629691322601798,0.21591142102261437,-1.4753509880311668,-0.8688019645008944,-0.1946688972704147,0.6207297715490773,-1.4003286476206862,-0.015881168408455944,-0.412671402499424,-0.7315238699061563,-0.25335450516587,1.6611133626134513,-1.6524264405051288,-0.8170431583291626,-0.49593262020087925,0.7217249723381307
La,-1.55122900781391,0.6912839913895675,0.6688873486034588,0.5033961207634896,0.23480360743260809,-0.696621475493476,-0.1660116171618595,-0.6440884225383872,-0.09855488101246564,-1.4401707066029812,-0.38587368893054524,-0.24312503328525584,-0.6860795933861983,-0.8407468413037436,-0.7732653793570565,0.7393726267810918,-0.15103691053679735,-1.4730698063063599,0.18358355058819703,-0.2380131659458016,0.4338506411313219,-0.5812046905393645,0.419649019786246,0.10159157345671754,0.43468435580912435,0.41382325594333474,0.32957107141825287,-1.0137574477574762,0.007507454770833052,-1.1141617100185184,-0.37684041809993607,0.9473152839364273,-0.44712051441009876,-0.1208501212405746,-1.0363082762477933,0.03448186008225694,-1.1281810915435637,0.3702625978012283,-0.8562851346234466,-0.3229917423233395,0.7221111234544337,0.42705848720814904,0.008327563832721232,-0.21314281973131316,-0.6423480787239809,0.11092892574661553,0.8175868595823459,0.323979003494513,-1.0109418611410679,-0.30896844552808395,-1.5575567951249987,-0.1185413246502005,0.015805359465306118,0.24324668934537122,1.1010706647682649,0.5693505906373172,-0.3061698524362677,0.1838687558694751,0.7860597517430806,-1.955674390109705,0.6749429198824413,-0.49573781215558593,0.46513742389836393,-0.39183222426005393
Ce,-1.4802579784803982,0.4804872148662662,0.19902785891707364,0.24134583425115133,0.1585193372661951,0.09354262024667535,-0.4135681650191477,0.6505583735825139,1.3950102669022106,-1.1573592040651914,-0.5693215985305905,-0.33005399573693006,-0.4287347839699935,-0.0774737661485256,-0.23844423920552224,0.48741868029040253,-0.051800940922900725,-0.017010391928660443,0.32512918173705346,0.48025627962945666,0.3692108155564933,0.04577746457405486,0.5051579109886721,-0.014044012122835741,1.0431398239397036,0.5644216502231191,0.3382767063570899,-0.019479254360122784,0.2198553409509861,-0.8754763071598569,0.27279776885284374,0.20339005986247577,0.6157707749156941,-0.4003208508936876,0.4346932714084835,-0.02754087100554784,-0.24121461236530706,0.5984523588771415,0.11005762148006085,0.44957385446718506,0.4737840104313205,0.61552782795614,-0.7609754105630007,-0.38589084322747663,-1.9413517113392535,0.2323977742035013,-0.35247651741818103,1.0474392818894978,-1.3112257502205338,-0.44978142016765066,1.3437032847615464,-0.5980896099167023,0.7733644784328022,-0.4932685922346296,-0.7015301138029421,-0.18182742041853162,-1.969628309284688,-1.5341247190688294,-0.4242800400596599,0.37836199228751044,-0.13982419694944953,1.6077276680221873,-1.0387503553793151,-0.16823553294693505
Pr,-1.3242396759890558,0.5788910625538907,0.41366340742659763,0.12239180441517587,0.023238018840833218,-0.15919310456761931,0.01341060407149896,0.6398428102138125,1.8439341435190373,-1.1024233134998005,-1.1060307016686408,-0.41075110963170247,-0.38430774984290655,-0.3362358299223901,-0.0530988136667902,-0.0022189615661020513,0.5526346956154812,-0.20747781560884546,1.6631193673846605,0.25439216500508655,-0.030366594211841097,-0.16910431646709262,0.5176355690202881,0.4600937777192374,0.31299947805173817,0.5068559408457214,-0.3562788696713884,0.058148757767715636,-0.65810841035021,0.02730229192157994,-1.0502370808708834,-0.9090405158087239,1.4766815409273393,-0.8505433791084333,-0.13387118781296295,0.6815756230676286,0.964939843429525,1.0230879907450956,-0.13692929563296174,0.9568353705512699,-0.7252898595642379,-1.5332725389094626,-0.46985588742554546,0.18373136744577123,-1.4218137806948112,0.6782697634377539,-1.1255466500052944,-0.2727440505161084,0.1306589608807093,1.2236010642951,-0.4437696901941505,0.23043132416577503,-2.058706928452447,0.4344329713329292,1.581421222061771,-0.2421926315723277,1.6254396893724767,2.194414793234986,-1.5763501458754179,-0.14850144839923726,-2.188697550203071,-0.48248691431104296,-0.026837631692651215,-1.2220489985305198
Nd,-1.3877431721277775,0.5494313077307487,0.5759958625598532,0.4818292084413821,0.256102281508549,-0.18214264049081835,-0.7346870460931259,0.8158220044947406,0.4968644218854957,-0.3387734076504761,-0.7372957020577883,-0.3716136792179204,0.2408637051522336,-0.20133893055114777,-0.09820325667160995,0.36280500255604636,0.3379149970581032,0.31939084694677145,0.5972456835751114,0.06597223760666436,0.4324589751044108,0.08068684908371059,-0.1603072801120302,-0.7761610901887334,0.42663347037953786,0.2649107883118158,1.6654675919274113,0.28663939860027665,-0.8179585274367278,-1.763018378277946,1.1332856708670531,-0.1136576654922916,0.022992069298714706,0.5170906356996102,0.5601909502557313,-0.879287863082621,0.9992879393006301,1.4640954779810853,0.5490722337210027,0.003902828651195517,0.3645291711202469,1.652024425949503,-1.2178733005676368,0.05268240124081681,-1.0977821865355102,0.24695218657926218,0.9644310928426636,0.40141977471007906,0.2844423342846123,1.246422390022274,-0.27862686883991017,0.5969956146722685,-0.1698174950950265,0.10030675290486213,-0.20863333939092618,-0.46000603530138195,-0.016884212159581365,1.6239717092825936,0.8432101065199716,1.251016620042447,-1.2119601625936915,-0.533801212176212,1.2870882021089458,2.140177937297988
Pm,-1.6855804450960448,0.4144811448305732,0.12067363433311594,-0.04718888972942831,0.643110121066086,-0.9398236241655782,0.329663585994226,-0.8915197101318862,-1.2532594827917782,-0.2782383221191144,0.35200802881103926,0.5886082876488228,0.09077666225312386,-0.19275436552824096,-0.8840841334016019,0.5617961452421796,-0.191016046963656,0.1538940533409503,-0.01119698257912066,0.5825625546853072,-0.5051510255945908,0.5838529657496765,-0.014865414553350048,0.1946509276271,1.6946066374004047,-0.5102057763144336,0.71818943375749,0.6885370101205139,0.10019074647290108,-0.5276037587677282,-0.028770123292887823,-0.16662382803859552,0.27170516758183433,-0.007648659984167302,-0.6238502350963495,0.212192674579994,0.37779782751888247,-0.6886989920452381,0.4746475928012446,-0.6676294001456371,-0.8580616397510686,0.9061715738124362,-0.8201855217612176,-0.4868301946359427,0.033003119741418015,-0.41189097700287525,-0.11651072580572608,-1.111611889096317,0.2088859188777745,0.31379190612684,-1.0680156645510621,-0.9925425080931533,0.1717521913749637,0.9399370173009494,0.03696113120769717,0.18524440923629798,1.9360317445260986,-0.4488007305142459,0.2085859203479102,0.2498642007996778,0.7777948451079598,0.5442001722981133,-0.5612594338716054,-0.07982615552959273
Sm,-1.5360073404439771,0.5244237784246574,0.2367156583823076,0.331051479307747,0.24022376289040953,-0.14199572651350764,-0.8259675019183425,0.7346205990362463,0.799740298772335,-0.4520363392330652,-0.845951670944793,-0.04561895081030119,0.16329941544674872,-0.038778076146987896,-0.1707124079448151,0.27708305423577,0.18782557791072518,-0.22318661659834463,0.45351464222749227,0.03161147472722383,0.16626232013330344,0.1991450355115517,-0.017302002991036187,-0.59535250958606,0.7735767648177458,0.07717539517790489,1.1986771595026033,0.49961124720993016,-0.449844394028887,-1.2674913457111197,0.6193001561800887,-0.20275355347250534,0.049813105041657216,-0.3448772303588499,0.527472154998794,-1.1151633460841894,-0.07337140916985792,1.099078679881936,-0.18515093143181302,0.09981522985685692,-0.09922687674991287,0.7064975960493286,-0.3017492705378475,0.4078147578862067,-0.826183586047891,-0.07628981938982238,0.6154507948813833,1.091830116889,0.08710135271313162,-0.8975449828577865,0.9025156721423128,-1.3988446645753536,0.5312515636339665,-0.07625418664479523,-0.49225334179871305,1.0058599772741503,-1.4725009247263972,-1.2849490225343356,-0.8245531346660653,0.8198318306023799,0.14480421711518238,0.39364448827390175,-0.368604347757262,0.4401868188212648
Eu,-1.3864073437514657,0.8037297323006676,0.543762666403235,-0.3496961123270403,-0.24808925062729895,-0.6571102262108084,0.209886299221496,-0.6283577735065599,-0.6520981704279731,-0.9806068345246475,-0.5617709474881006,0.38980939128778475,-0.3525778045398509,-0.057186957491481435,-1.5405538181238536,0.7942095054870556,-0.6796829837346243,0.09388378147802035,-2.489636501016154,0.8958152237048855,0.49197616349600215,-0.598693703416911,0.8539515718070924,-0.24382674054364703,0.5175835741998998,1.5043882637854349,-0.46843926448053225,0.9514117840291921,0.254021096866683,1.8159982377908612,-0.8349750349342181,0.12000633512018866,0.540609921927698,-0.2049265571813869,-1.1410085440474573,0.803909958074868,0.08851115841323191,-0.9050533104168282,0.6538630930517776,0.010995140881521459,0.7590456035844938,-0.1766009523530403,-0.2726766518250677,-0.36468302265628433,1.556405658558212,-0.038049359835971,-0.11938847414830893,-0.4860505322786387,0.36456802238669306,1.414211722800938,-0.303948065632642,1.5318037336560202,0.1653280190309172,-0.10547861564437762,-0.4068556976911225,0.09335897760893284,-0.2399724216407447,-0.38992494992261056,-0.32895804727880046,-0.4087901893226891,-1.3570925713475803,0.1675742044985971,0.8081829949261752,0.9566717064365848
Gd,-1.6987554044346942,0.4515265643577378,0.6478685401868277,0.11713379747498419,0.06517721120570709,-1.0864933682269895,-0.3852767206576244,-0.5947864593089334,-0.5674403863314634,-0.7763553296168841,-0.5545634082550187,0.34066495043225126,-0.14716006707401277,-0.20206570843677574,-0.5122693736454826,0.27300592031444126,-0.11044836384196091,-0.7017975390828861,0.7233630118305098,-0.2767201834163927,0.334430633335387,-0.26367219155171023,-0.31787413529862885,-0.6119090347907651,0.34428556691681284,-0.3155851568372988,0.47169992594885385,0.39707751974898997,-0.01277636575805572,-0.4296328361768344,0.40005877842514276,0.3984090716842376,-0.6825243579799467,0.03402313219569831,0.5946609825557682,-1.166466716600146,-1.053878821452729,0.4938845605005473,-0.3552514714963627,0.6629851032985193,-0.19589961241950996,1.0162811556759048,0.43496705448230105,0.2679853497244671,-0.20937914282418343,0.0006702239477807432,0.13750189856717265,0.5935127820822285,-0.10351026949610664,-1.5986941651263173,0.7581216490162389,-0.69848314693518,0.002516597847929064,1.5174514411354292,0.0028244939411715135,0.5914572855686583,-0.05342736327337126,-0.7169118780255115,-0.18465974769697624,0.7755479734528984,-0.26622212578172233,-0.8491564127552427,-0.041295702608163995,0.7855263785714733
Tb,-1.4574245720087373,0.3336422885944181,0.10643424068304781,0.5722085734815915,0.4719341704067661,-0.17688026368339257,-0.8821842371551041,0.8902452937518482,0.9637984520596629,-0.1302874821444902,-0.1690642381879341,0.995618260822321,0.4261580090497278,0.16276912978582875,-0.6356059802075394,0.17122057541535368,-0.3180448463068884,-0.022354246165488322,-0.3057808558023892,-0.6163143237463318,-0.06471716955195402,0.7555413713401822,0.302445870870947,-0.7733114895563326,1.0742734444548694,-0.875808344433433,0.5206659950277915,0.22964329449762563,-0.20988134177609624,-0.09983456586490626,0.21959422534358233,0.15688243431947832,-0.21190555077792939,-0.7932404684242154,0.6778865420495597,-0.65742395980239,0.4001663055602583,-1.126815673547834,0.7014950462711468,0.06301192619755812,-0.8701123028090267,-0.8828065045618192,0.5516825039687752,-0.3405949008386721,-0.09994601600362885,-0.3866811139201559,0.5087379724935939,-2.0999575788327944,0.3606162443631169,-0.22705626677764704,-0.7733406545423354,0.4833133746107948,1.6843172088336684,-2.710764680048474,-0.3032850478952005,-0.11975557313336783,1.0635160345025847,-0.6800847375068926,1.926689846643654,-0.03554258722255274,2.1717174865120956,-1.9536170879082007,-0.5457031419304997,1.042149376778853
Dy,-1.5535031307875813,0.29152618784195117,-0.49272891785014394,0.4547675830352201,0.44666258448054047,0.4117912306882873,-0.2815397745936631,0.5091300654525218,0.9884947658910911,-0.7379783015401146,0.23515694128417927,-0.09695640894761501,-0.42609678854668864,0.97447206951884,-0.812508337921064,-0.11825375901841888,-0.5684380530229182,0.06846814621833207,-0.2705879614053582,-0.5475845304280792,1.047529060362637,0.32547321681178176,-0.22525365779855022,0.189818295137247,0.6460297935865794,0.4736550172635766,-1.1196567022169543,-1.0610055762603403,1.3030397206290276,-0.1529256293511831,-0.2676161423821986,-0.47259503200436687,0.3727123194769897,0.8788968165368316,0.2747054867157271,1.1424504528700017,-0.45675135888312307,-0.33795752880134283,0.61827389358195,-0.5117920536019626,0.2597052331271013,-0.18361151476535223,0.36959264606510445,-0.268525319246638,0.2094632459595063,0.5300613361543255,-0.5205612185106983,-0.3040713841646447,-0.023163271832456866,0.09530500841212625,-0.06766501525653058,0.3753438018313358,-0.8511771935358678,-0.5211931138514259,-0.29326224854449373,-0.07216812995103392,0.7103655935167946,0.3369326418826119,-0.23066328717651102,0.707872799291061,0.21694015013492415,0.1848769543795963,1.303584644874936,-1.0483984196209366
Ho,-1.6116463668167815,0.3005475946455619,-0.5090580126393996,0.5510771955699916,0.6502300381078309,0.2860321343566429,-0.7539140204205447,0.6461368675770882,0.35002385899181204,-0.07719353623220347,-0.0495810534477603,0.26984319092227826,0.10191721493614968,1.1319235819391562,-0.6547546106881297,-0.37238607140992064,-0.2180006750571057,0.22021238511207114,-0.31217694663276396,-1.0412039578106909,0.6773496433558865,0.5706833919708959,-0.6574197797051431,-0.3693350603066601,0.17239151716970633,-0.07867730499868399,-0.4471146144224265,-0.42502940137523254,0.358475396574706,-0.5750545304629084,-0.029728729440260667,-0.7212108788809567,-0.8241466487007979,1.0292418731175637,0.3530924811419223,-0.2640572452488032,-0.7752762580846483,-0.29583351656378126,0.35717758141612704,-0.4127001477713394,0.04979202636352552,-1.0052774623862712,0.6802395643944129,0.4874488017387459,0.43372182916617835,0.3345230128130578,-0.8964341151289553,-0.1241731286543499,0.03534109046484173,-0.3110660762032492,-0.19014166461232296,0.38673334254420433,-0.751945092058806,0.9700298350897179,1.3633327165307423,-1.4246905350992196,1.1135881101784058,-0.5253937252856905,-0.2209937842207145,1.134503499020555,0.17034307747107402,1.5783560211936163,-0.3026648643314304,-0.9730154788654066
Er,-1.6178787147007063,0.29278869276871894,-0.550181216244235,0.5668927608577582,0.6637332097284935,0.3500275921125645,-0.7573106032627176,0.6492626629068868,0.44864282344929185,-0.05825829843486407,-0.008996734961002747,0.24508942154956406,-0.0004705066692242172,1.069893644098269,-0.583077054300629,-0.33369688163834377,-0.24185326529152618,0.23360335285813047,-0.2948959733787061,-0.9461747825370401,0.6624055167725186,0.6170024260945624,-0.5323591294564622,-0.3704140397461714,0.38066237986285545,-0.11135287614062259,-0.31380941420083064,-0.22067088562450063,0.2641974412091014,-0.5929951815239832,-0.07642522464117583,-1.2923788566161105,-0.8289991712309002,1.0382698601658542,0.050887407103596946,-0.17012789659211336,-0.37485256031968067,-0.27598198691305326,-0.2805489696367188,-1.164067628730372,0.7578814480073847,-1.3932526659747866,0.6402968997387195,0.864984386542753,0.7699180974752695,-0.36625975944578626,-0.3857335831336874,0.07996224405229896,0.694172302275419,-1.4513183542607582,-0.34171980481167774,0.2939847213285988,-0.5827322163472132,0.8420607299340495,0.19504729006801882,-1.1560987908454152,0.9283650298072951,-0.9243861817273213,-0.4513284111443822,0.7845348916769461,-0.7037358727847273,0.2657586406834166,-0.7282684783449808,-1.4857444229741414
Tm,-1.3846862975608982,-0.10324245750335602,-1.0187355707698442,0.4686646489605542,0.4880230584676137,0.16337964508997607,-0.38711282524782303,1.0840682102635977,-0.10508021254839105,0.25672886162273467,0.4385448444193662,1.23498276967954,-0.38252820881216193,-0.7505570235780001,-1.9279898295460114,-0.3282537760592151,-0.8807042140135165,0.0819866926038813,-0.8260838981901133,-0.8166351589355312,-0.5579594106166639,1.1757162207822842,0.36458515132956787,-0.13184278786223871,0.04135319478279944,-0.25668819956130046,-0.37444595753272897,-0.8971539386629729,-0.30843889562432836,-0.19840676733625856,-0.6785606343082153,-1.4019755773424951,-0.09218556840903225,-0.5304961023602086,0.24152629288886465,0.03171999512911762,0.750601403889508,-1.5974940559540372,0.33137350767819124,-0.10266024528541516,-0.8628927119888171,-0.4098724311717814,0.372580878125107,-0.27816170727898587,-0.05711628406142066,0.22446549000329344,0.5861073983437542,-0.39910580329153783,0.16066667445132285,-0.2466277995996459,1.20474402048811,-1.28967242697575,0.01698945384251402,-0.4432341532078948,-1.1927426991356957,2.3250893205517915,-1.54222515246412,3.450876696212021,-0.3439155676112336,-2.454761754256459,-0.4465103889049689,-0.5083345585855218,-0.664140890404504,0.2839497089778069
Yb,-1.277276406392268,0.6651060379014586,-0.09843592768426479,-0.08377918180089225,-0.11495818112211424,0.4435537991846735,-0.28372014650371774,1.045544960763958,-0.0037552761032409654,0.2816559306615764,-1.5039162368155874,0.36605224944718073,0.41722837747404196,0.5424877226660351,-0.43487097502132777,1.383927820830567,0.39262845002026403,1.0465889292831065,-3.3210117891719375,0.9364457816684076,-0.41500341265932705,-0.4762057889650983,0.7846532658723455,-0.17888324720390653,-0.30962305855095495,0.7822101963021632,0.841959327203691,1.0568058818675066,-0.3614302002236821,1.6055798419020708,-1.1786074783070255,0.8856412552260383,0.6570116236239357,-1.469379773854655,-1.7318670288217448,-0.9225182838494431,0.890125713180851,-0.5397670115999676,1.729847115881812,-0.7059922194651297,-0.014891125674110224,-0.5487615397684268,0.14656599831289605,-0.36686913274732447,1.142763521790385,-0.09403905165101815,-0.15943644421196462,1.3636629232437565,0.2119679336509622,0.39988354984950286,-1.079895331548038,0.6558392072467827,-0.07485875334005167,0.34552103924265737,-0.4913116417014612,-0.4677474110451818,0.06655189355500171,-0.5568339593387379,0.2728385102192226,-1.1457061718243007,0.8245816100187215,0.43889841741959335,0.6311087521133038,-0.47373087958696547
Lu,-1.0293990950384349,-0.28501243008927196,-0.44778394717582165,0.03839005963849422,-0.4980253520486235,0.6956307586549635,0.4090225022835312,1.2692656069874357,-1.3465703179628157,-0.48163755775083317,-1.2541148121357248,0.6559674971644033,-1.4811681219525148,-0.4786790423699975,-0.46541785901835314,0.8581376348334073,0.29688003246507366,-0.7425748666398186,2.699074266033707,1.4984075936698367,-1.846534017609154,-1.2336963606494409,-0.9949120530664277,0.8518733449247274,-0.3923935837567525,-2.0397301940781527,-0.6873788336201316,0.512815353960838,-1.2286108370097293,0.5865563912420609,-0.5110851918389449,-0.3365892452886568,1.3739422723415693,-0.17641149318179025,-1.1054429901424425,1.520983461601001,1.4066628175302838,0.8829644596581687,-1.8696944968696485,1.1178901403068064,-1.32808267273502,-0.18921122861984035,-0.409256332321303,2.0762276255624244,0.2805607245054228,0.1660764137608991,-0.12947556141039532,0.7090265475692835,-0.3847308131913614,0.1195862514126424,-0.7188253250585156,-0.20999709642913222,1.6915931190413636,0.3624732597169012,-0.6160240683113776,-0.5736399248177585,0.35756796435256816,-1.4346021900933317,0.23100329800754366,-1.3260876044792307,2.523544508333051,0.07918582537339175,0.5078825718464589,-1.2805654276864245
Hf,-0.4631845051024132,-1.0862671368177272,-0.5672037600630054,0.6494102799492298,-0.18321872049904256,1.1847094137673584,1.8903405858537055,-0.5957331849438905,-1.1781808241928113,0.6860602303653152,-0.8625203637922968,0.5853752071580032,-0.23932063331119136,1.7300856519384367,-1.0871254930439218,-1.420121951925606,1.6259240618704722,0.544711259775574,0.36590404529694703,0.6122199791081782,1.140327397003213,-0.3628201143205969,1.045004803478129,0.4232933025714372,-0.8829681681395379,0.49136512876149546,0.520965085886603,-0.37935291924588754,1.3217903119740777,-0.03297400860892238,0.5331109732833332,-0.4005535762805225,0.3721308456464429,-1.7083373218926023,0.4510176355847713,-1.4149228888382863,-1.1749099991618204,0.4873003250757459,-0.7006113115956178,-0.9368109350421431,0.5716252776235099,1.053810109819246,0.26156518028018694,0.2575649359654467,-0.57445255564759,0.5711040476202758,-0.5029601572086627,-0.796209998472153,0.26536310375680233,3.5215732417700787,0.6533077473740388,-1.0413615495949318,0.5023038655161405,1.8451500915952863,0.2011872226903952,1.830299717568506,0.6072201206647692,0.7417929337738478,-0.9589094145414744,1.0865832769328043,1.540490630440058,-2.2581410175170418,-0.8551318505773126,0.6967082274356577
Ta,-0.3280520662538972,-1.1663621898769587,-0.15568735192638378,0.6227128760875245,0.09018411588298592,0.7164011167771855,1.7598680669101283,-0.7936296524289477,-0.7498047512560893,0.08723384304762262,-1.5800234694288953,-0.4580510217995865,-0.6569619726753271,1.4143643277464242,0.1613315426536546,-1.745936812912101,0.7933735446865672,0.6155398665432698,-1.0823541215622354,1.4873627966737768,0.4821761076061805,0.9550807865937965,0.7909795761088961,-0.23768024862543613,-0.3291480596014956,-2.0109285228644804,1.4882624059961767,0.42071713607977496,-1.377084689767154,-0.3410297208069706,-1.404065428388842,0.3645395786059575,-0.17199100162499534,2.0804558639678308,1.2185613771206392,0.5522062173814409,-1.7172517047573002,-0.09490510644081274,0.22976175545198904,0.15150450440975946,2.2556916537593903,-1.1070058201365307,0.7397171321714744,-0.08454693859210911,-1.254280296410556,-0.6396631578625216,-1.3367109287497247,0.4306473819263325,0.2271720190364211,-0.7517075110954784,0.5126280197282865,-0.39473937446988894,2.682549994909557,-1.39939671633259,-0.2843964763939723,-1.000930073357013,-0.7424555960842253,0.7274649547882609,-0.5746845657095434,-2.477581326749679,-0.7427852333891718,-0.31608698863871293,1.2778295898952032,0.4530704248506609
W,-0.0030914938768624545,-1.5085718325666937,0.1066033708926136,-0.10585705391516817,0.34742441370859306,0.6227296999707301,0.914978739534875,0.1352261577240794,-0.0005622356968969026,-2.59462412104793,0.3726497269008904,-1.03311627062641,0.7870957395477,-0.6397972834903036,-0.2863557283508238,-0.03184488587169546,0.9322343330895506,1.4160917834891056,-0.49494475722861375,-0.16417197544892012,0.3244880723813426,0.678398088560434,-0.5311239977743901,0.4518414150330686,0.00202057439508863,-0.8632677005764877,-2.087872009660509,1.5372592513716203,-0.1678404222052025,1.4401014282973281,1.3560780216410149,-1.0593968143834036,-1.3922903648944969,-0.21454955389214855,-0.7926907259135043,0.21297453747133016,0.6398201677837678,0.7412125447215935,-0.5853702478885726,-0.8048818996051744,-1.3215603627235104,-0.16016825673588606,0.7855071394323058,-1.0912647058221396,-0.24056671845745112,0.15927735103365498,-1.2682538259375533,0.4789276322745357,-3.7381487425986535,-0.6647603069474949,-0.40686489445984547,-0.07227460463739493,-0.11434316890741766,0.02004590403551025,-0.8468128980932708,2.3602901432546894,-1.6482870872586237,1.06099394572418,2.4134952448396927,0.8267405430295705,-0.797100259590513,0.734939776316317,1.082055618320649,0.1486927462442197
Re,0.1765220832626874,-1.5852073524191976,-0.08595260530159582,-0.4228478745132216,0.3068144394762549,0.17630141143067737,0.649984814140156,0.3183603560964583,-0.7028520161617593,-2.1125481809232043,-1.5285777819599085,-0.3921846435187286,2.0147241193400274,0.37630682954803274,0.22989502369825862,-0.03549830059789713,0.36898298879069613,0.4521766996515473,-0.5297316101905514,-0.3321785940457912,-1.2974427553766754,-0.015559088304119603,-2.2678349773588047,0.34082815922577103,-1.18574725268955,-0.7630275895893605,1.4769237991266848,-1.3297557985581692,0.3239557843431825,0.45152955570382847,-0.1598644120207542,0.8147260757700299,-0.2819498800426535,-1.7691165317514574,0.6492411528751795,-1.151688757682715,-0.4372312989857069,-0.08948219811377026,-0.13102503999040524,-0.5745867361680341,-1.5202415181035642,-0.8653938419696104,0.610467863384514,-1.5491074837904615,-0.3264975209465735,0.2734466529479684,0.293117180854932,2.6856020765539035,1.5391436437136277,0.9994176911665106,1.2874506488553927,0.34152822518510895,0.92608415905273,-1.4749888641021276,1.4235957441884137,-1.1102175593429677,1.1326370038098565,0.1657105391208282,0.32716258978064733,1.1819179077942126,-0.6084838618550618,1.0218683609250214,-0.3256865453422757,-1.96168794501507
Os,0.46294501130114607,-1.3401375586471584,1.0266266649217888,-0.08674997335496912,1.3388005969582941,-1.1860154187800602,0.9581946226027483,1.1708244068720484,-0.3673968652820828,0.009292986959380776,-0.27963469469622515,0.3406650947238775,0.14716696191696998,1.1927753534675223,-0.687030081178396,0.957532124816027,-0.07982007663803897,0.2300047236123548,0.4727505146328396,-1.607712410128022,-1.2005524600227537,1.365339213034014,1.6174830722514342,-0.8616778159987757,-1.6771633644900434,-0.1477555147302453,-0.5175175476509334,1.64252125277593,0.10056883422871639,-1.2843076672753395,0.9594159000896846,0.31477428701941296,0.90748008141222,-1.2294089134688855,1.168336378297662,2.189222451728032,-0.6865538373927673,-0.8641455667991791,-0.6289726938541114,1.1401809869508277,0.05571773863110095,-0.17232211209482692,0.7724272138235093,0.2987273674791301,1.169524651490011,-0.25493529334572856,-0.5080461773961032,-0.6983453047252991,-0.18483890124184776,-0.40613342960793725,0.023882857327841248,-0.26343231816459173,-0.016221336206115915,-1.6278198110071105,1.175527692832074,0.5216169141237625,0.01511082241808852,-0.4413496635552686,-1.7616927832957607,-0.37206937465726936,-1.024303467024479,2.5729361489513742,-1.3542781381833828,1.742325772872343
Ir,0.4515903541694977,-1.2697337268010396,1.2006808652635947,-0.15634791518737848,1.0561529296296968,-1.1183116822405226,0.5910821652770029,1.5939174199990203,-0.17063473730629825,0.30647339051887607,0.021004178027972734,0.4449108772893238,0.2983815971322037,1.14068437013731,-0.3337464674473403,0.5560793000514304,-0.876833351678225,0.4399603847139742,0.8466482803306661,-0.36472807540344837,-0.8440460681996583,1.3068417064565994,0.976230581412334,0.8903243989908426,0.2278554140324639,-0.7778579198788087,0.814762492417667,-1.2037002442335742,-1.0826321139238213,3.056000654241455,1.5082806273872258,-0.7815692596657602,-0.17023597781241895,-0.6045032842711485,0.6870118233632285,0.33623189750284,0.33634155209484834,0.39514068595693885,0.7171870328297413,1.3214305675197868,2.4096431839423573,2.28108460938768,1.3750341939421105,-0.43390117361887115,-0.5136782304567272,0.3825251948217045,1.5372950368391058,-1.3913116082234136,0.4639644301842439,-0.8187162495971355,-1.846903935403954,0.2385222049531221,-0.9123721358991744,-0.376600822525654,0.898688906071867,0.11405584247973354,-1.208114181489139,-0.16876442246656478,-0.14283498024904667,0.9691711037671835,0.6329590951841486,-1.0068410233264826,0.30460132879990925,-2.620742224868727
Pt,0.6003622992788706,-1.0631692000429964,1.605056952630246,-0.0792677466026449,1.2924885007517086,-0.6331636254724853,0.5241577139026032,1.7525606341485893,-0.6581467381630641,0.15198309630437137,0.0358979325962338,-0.2146009881119035,-0.3967979489041677,0.6927688987785618,-0.14601564961020166,0.1503349027788779,-0.30359556085188955,0.4291346222769791,0.6197668453938694,1.1921006348989243,0.8171828830883539,1.5651316273269402,-0.5113172091826458,2.9164201587671488,-0.9023398402424387,0.5325141546849762,1.3925708376973922,1.2227514833013542,0.4027297204686729,-0.8058203311532798,0.8946623291321438,1.4672688247617123,-1.9117538252979602,1.516275002467862,-0.4117255897941071,-0.4308054272799278,2.3055159076498946,0.3704771400532865,0.7559517690655017,-0.5787319644620794,-0.30011108211480775,-1.167520349404943,-2.2603380714279027,0.18556303344355327,-0.4840237070991798,-1.461947289043653,0.25162042005785196,-0.05459126956060309,1.6454171720152946,0.6302500523781609,0.28621580904006794,1.0719523189426545,-1.1270143449338397,1.8728047329637418,0.19376003646171427,0.23484585759075186,-1.093773290037939,-0.22401259693359038,0.4578875910299721,-1.5637867566963481,-0.3298167334731085,1.0269247193249278,0.350114993884487,-0.04680971416329693
Au,0.76680235551648,-0.23422816834731264,2.0588472281332466,-0.2879001668091149,1.0400933337712788,-0.03306739950183942,-0.17708977547002328,2.114404791839773,-0.8543235244107058,-0.046971928209893155,0.040001635736995805,-0.10745586091090685,-0.1112473599665432,-0.1138758423394286,-0.3201170409630965,-1.6193857450766629,0.8221290252912729,1.1178332638060848,0.12143004155673306,1.8469893049437447,1.9597053729248495,0.16850655125585218,-1.5272765552356045,-2.0904345711992742,-0.8897904178023723,0.7125740304137329,-0.25955304049267564,-1.5911533715923334,-0.011417490302633818,-0.4562270757161442,1.7417162365877912,0.5065455210286575,0.34624806195232505,0.6660457154142486,-1.9856748845172314,1.3209305201250825,-1.1102742384063982,-2.306023869671175,-0.524351016570733,0.4345964367265022,-0.10947938760874755,0.9747667939305098,-0.8206704075020292,2.3477302632128514,-0.3287870904645256,-0.3999305058552839,-0.5136894393790331,1.8395135243984202,-0.3528216237783838,-0.9788578275890091,-0.2604255940046222,0.6931662168263848,-1.48053964672017,-1.4403901639271819,-1.2439550621804751,-0.5421534388795349,1.6805345822002018,1.2012423844312592,0.41390994630993594,0.04627794894929486,0.3868978609449856,-1.6250672146947085,-0.2134988389183153,0.4578629969435967
Hg,0.7074182563232753,0.005012417815058644,1.26873419946704,-0.3222199886802814,-0.6061687526627375,1.2872438681261398,-1.3714279389941717,1.768911168478975,-1.0003838486105185,-1.0967146629620057,-0.5248464228499949,0.309080285398121,-1.582026868790751,-1.1151197674115048,-1.4840800701220698,-2.213670757900688,0.6961024183009502,-0.008109948489646496,-0.6730869875329047,-1.377284079623639,-2.662948329147501,-1.1540301341161183,-0.19205106334570254,0.6800601709320184,-0.9456745439873087,0.9998334901835441,-1.1411993251699202,0.5361801420936707,-0.2146234362723592,0.18749453654406978,-0.25078191764704116,0.2673766721795184,-1.7313640981424443,1.5534523354349574,1.9120568827147972,-1.3079618505153119,0.012815270010978238,1.9273607538239008,0.881138163254465,1.92480620154935,0.7322402394229895,-0.27245007164469676,-0.570075257918815,-0.8689793842742931,1.455766658463246,0.9912943986757119,0.3022235446977848,0.3880765379702805,0.2421776371876777,0.3560233188947931,-0.7788957308162803,-0.018837863121246985,0.2708892543197207,-0.6078483205580335,-0.7450717073618321,0.8770284955123164,1.7583213194066953,-1.4826501876485876,-0.6369876418650684,0.37990120595079524,-0.6953665391242078,-0.9070470582837141,0.33404507995080246,1.3704226488908784
Tl,0.17929037748549598,0.19767225597812207,0.4816984275460391,1.093928338911142,-2.383568926103785,0.8084067725664754,-0.007983281113058722,1.0571883142950806,-0.9398613736967113,-2.0088252669599718,1.3314749633678822,1.613043487708873,-0.6246783917574708,-0.4395856577087314,0.9249535321764433,0.44844989254597456,-0.9462012030145308,0.8335719620399319,0.12752511385031326,0.3861768055890273,0.32659487212579164,0.9195200238348309,0.7753014384150793,0.023442988349538094,-0.9324777607991493,1.1235998386220334,0.8813199319179652,-0.5161991968690461,-0.18744060052041187,-0.05174004767421472,-0.11448562083463762,-0.6800494512390567,0.035411048156862905,0.16074309612161541,1.0422349623449494,0.9426026419188419,-0.16988617546405227,0.1005784048586668,0.3790269634684497,0.6485451995151003,0.17586113221455885,-0.0429076423441499,0.7905674800123703,1.10309152184687,1.4233984269238777,0.8063734555017207,-0.5019433821626695,-1.4087567187613614,0.3695407833383471,1.088824547336325,2.7763107009229446,-1.2537691374689992,0.057568844600867385,1.6090373945928782,0.5568113329588895,-2.863109101941207,-1.2611099732263844,0.7541065201848606,3.451301044895251,0.4150557996596094,0.47809923488558687,0.6618215650145706,-0.04350148834697114,0.7530841634916995
Pb,0.1220690520760921,0.027656586145020423,1.0262135248111453,1.5758656142960648,-1.5632001389075953,0.6949725181175243,0.6264257697790394,-0.812149024403703,1.0699880384341096,-1.0649159081631288,-0.14283041943007718,1.848808325832314,0.569224336290366,-0.06055865767284119,0.18529541734235214,-0.6393423788078916,1.2604517362483127,0.602942137933688,1.261388986811857,-1.0241627199829095,0.6191298864233282,0.12427341274707286,-0.8547284225735652,0.9361251432414707,0.09479724944378515,1.3834025067883493,0.040468796889473996,-0.01935012708253042,1.4591931243140368,0.9652106248202339,0.8310249754668992,2.0621807487636934,1.413255509101458,0.900950206332863,-0.39040779899685357,1.7607354417158907,-1.116441160781784,0.26407773487221786,-1.0181665657412802,-1.722598217222002,0.5491080482769752,-0.6888355788662047,-0.22029323327177558,-1.8437349836351116,-0.9303028918768441,-0.661748056244933,1.7589715254089513,-1.716810199821348,0.9585894755323142,-0.8052254240975047,-0.2838997536392228,0.2902277701919798,0.5723251905850497,0.14420941021351066,-1.2333850866755947,1.1066667266968273,1.0594070814845031,0.11102737196787238,-1.0661160679859527,0.007204558885296653,1.80536510364633,2.7274474175013665,1.249198222104146,0.18639248163561192
Bi,0.34085635513507484,0.02473830942151338,1.2914424199221708,1.8072430589115474,-1.0380146835927484,0.7898394793783569,0.4173400581649828,-0.9503407344281602,1.4643909954427075,-1.3085759856446995,-1.005391289231991,0.803039706096651,-1.6848402952072037,0.729453170243439,1.4006079749786253,-0.5793121739620817,0.5325273244619586,0.15967318999689503,0.06225249932500186,-0.9048727415091894,-0.08600821001996044,1.0285904937360602,-0.36960048840224485,-0.7703373960041464,-0.3297057545821612,-0.14251771620581835,-0.7952976580129477,-0.9844195856051554,1.3255098922564854,1.0505041447503587,-0.8287837581555013,1.175990297611033,-0.7035972742102247,-0.039625259258470866,-0.7173169815111385,-0.8535553578035779,0.1652495448506618,0.14944987645655716,-0.8784214817341355,-0.6750617007872329,-1.7676942783581957,1.7417012237947795,-1.6374310275756132,0.03421282569691722,1.2262386307491349,1.0914448730680115,-0.11916683128107625,-1.110293058400417,-1.3716006883519156,-1.1422123913136593,-0.07753639156807389,1.1473027202357111,-0.2792893203857565,-0.7131181198127002,1.2070179125630784,-1.6667391505486207,-2.0658530354946385,-0.8662579642360555,-1.5821294844890035,-1.9804222494753692,-1.220590107544718,-1.8973839861578936,-1.5496718825826152,-0.15785918028976656
Po,0.0,0.0,0.0,0.0,0.0,0.0,0.0,0.0,0.0,0.0,0.0,0.0,0.0,0.0,0.0,0.0,0.0,0.0,0.0,0.0,0.0,0.0,0.0,0.0,0.0,0.0,0.0,0.0,0.0,0.0,0.0,0.0,0.0,0.0,0.0,0.0,0.0,0.0,0.0,0.0,0.0,0.0,0.0,0.0,0.0,0.0,0.0,0.0,0.0,0.0,0.0,0.0,0.0,0.0,0.0,0.0,0.0,0.0,0.0,0.0,0.0,0.0,0.0,0.0
At,0.0,0.0,0.0,0.0,0.0,0.0,0.0,0.0,0.0,0.0,0.0,0.0,0.0,0.0,0.0,0.0,0.0,0.0,0.0,0.0,0.0,0.0,0.0,0.0,0.0,0.0,0.0,0.0,0.0,0.0,0.0,0.0,0.0,0.0,0.0,0.0,0.0,0.0,0.0,0.0,0.0,0.0,0.0,0.0,0.0,0.0,0.0,0.0,0.0,0.0,0.0,0.0,0.0,0.0,0.0,0.0,0.0,0.0,0.0,0.0,0.0,0.0,0.0,0.0
Rn,0.0,0.0,0.0,0.0,0.0,0.0,0.0,0.0,0.0,0.0,0.0,0.0,0.0,0.0,0.0,0.0,0.0,0.0,0.0,0.0,0.0,0.0,0.0,0.0,0.0,0.0,0.0,0.0,0.0,0.0,0.0,0.0,0.0,0.0,0.0,0.0,0.0,0.0,0.0,0.0,0.0,0.0,0.0,0.0,0.0,0.0,0.0,0.0,0.0,0.0,0.0,0.0,0.0,0.0,0.0,0.0,0.0,0.0,0.0,0.0,0.0,0.0,0.0,0.0
Fr,0.0,0.0,0.0,0.0,0.0,0.0,0.0,0.0,0.0,0.0,0.0,0.0,0.0,0.0,0.0,0.0,0.0,0.0,0.0,0.0,0.0,0.0,0.0,0.0,0.0,0.0,0.0,0.0,0.0,0.0,0.0,0.0,0.0,0.0,0.0,0.0,0.0,0.0,0.0,0.0,0.0,0.0,0.0,0.0,0.0,0.0,0.0,0.0,0.0,0.0,0.0,0.0,0.0,0.0,0.0,0.0,0.0,0.0,0.0,0.0,0.0,0.0,0.0,0.0
Ra,0.0,0.0,0.0,0.0,0.0,0.0,0.0,0.0,0.0,0.0,0.0,0.0,0.0,0.0,0.0,0.0,0.0,0.0,0.0,0.0,0.0,0.0,0.0,0.0,0.0,0.0,0.0,0.0,0.0,0.0,0.0,0.0,0.0,0.0,0.0,0.0,0.0,0.0,0.0,0.0,0.0,0.0,0.0,0.0,0.0,0.0,0.0,0.0,0.0,0.0,0.0,0.0,0.0,0.0,0.0,0.0,0.0,0.0,0.0,0.0,0.0,0.0,0.0,0.0
Ac,-1.3394101326330534,0.764105184991878,0.6783388802973663,-0.10687791108877685,0.2775100839145897,-1.1538617375657996,0.3589087970081733,-1.2307862666220182,0.6384648795842532,-0.44360634099052887,0.22095832838191484,-0.8563596917373235,0.17959979541982615,-1.0935058666967015,1.0324226469038766,-0.15518372389627658,1.1000104523459242,-0.8408634062689071,1.740434004158907,-0.038164525017955205,0.3796625974336453,-1.59231996214487,0.1710679277026003,0.9800062834830803,-2.2055587997568864,0.2531704594421318,-1.93431353708844,-0.44767951122640703,-0.3897298239423586,0.9755083172416082,-1.444689189530238,-0.9872006850544977,0.8300140244326956,0.15709305686097205,1.0310201491460396,-1.250730001337158,-0.21805311271652156,-1.5361390557442305,0.5913840219985075,0.8174700658250303,0.48952355902566436,-1.2372813687419644,-0.6734587971850352,-0.7648418337167637,-0.8209553803724716,0.7594719888892085,0.5324474676282865,0.2618216754778468,1.1102355849551144,0.8411863027897172,0.4706319800986546,0.4171717128809844,-0.5649671446981728,-1.8705478049438256,-0.6270145178534648,-1.410352327856091,-1.199815146654323,1.4407221983751388,0.5714573822669032,0.45183746157284,0.4549597397716594,0.42893498248784934,0.30239189944703093,0.1507351041722629
Th,-1.4589834252735092,0.20729913755800594,-0.30619621622544074,0.6654730124580289,0.7776153687193234,-0.27047750368895335,-0.886908599846921,0.02190218008782722,0.698738419927508,1.0607872716560527,1.5257946175194443,-0.7568209276283321,0.6529681800639692,0.23332366876665556,1.324837024305323,-1.1127886824711526,0.15362601510137325,0.09546773703232729,-0.1837846601302255,-0.37616041969251524,0.1965651498540057,-0.2321934733109207,-0.43322558046838344,-0.060839073434553886,-2.1014260777294687,0.7387546998392063,-0.3637178636299913,-0.05753620597785695,-0.032031146611037974,0.9383728652966745,0.043293838251189105,0.7182621128502931,-0.4532295191305339,0.526804062385344,0.6596330626511188,0.3484632426569009,-0.49749771392961845,1.1098474763672135,-0.5014949206042093,-0.34577939464425367,1.261220399254762,-0.18046085091007374,0.2560666750771715,0.4124651010910914,1.0826958021240456,0.507519629710207,-1.213728286195953,0.22794549041372383,-0.4192590056078788,0.255247861422979,-1.3553066214068046,0.4953556835714832,0.3044203471689768,0.702741116448128,-0.34892651092310634,0.7177410284669781,-0.8940906185821821,-0.638714312328933,1.438496987501038,0.23835313740805267,0.8316490497067025,-0.023341664274700996,1.5023524084887379,-0.09275933683921274
Pa,-1.4489682204981038,-0.015384321163017368,-0.4269445858302233,0.39343935217015974,1.120098194754306,-1.4327203258711958,0.3086188703050595,-1.4322612506684607,-1.5135540831772072,0.7313138278021298,1.903849110924801,-0.2813980293442058,-0.2713003795994592,-0.9652241655545462,0.5578935122718496,-1.0028114107895267,-0.40345589728191267,-0.15800942795301273,0.20412105309501832,0.4062379011985122,-1.1298858722873932,0.07434609264829459,-0.5462442141846983,0.3923119475206538,-0.6882336489446148,-0.11791233623801682,0.3488737417504206,0.17043934221748705,-0.35910789139248933,0.07113293782954457,0.12205441882386728,-0.13398182564051622,0.28900907745095405,0.20248790063091476,-0.7890435338462105,0.4207823030740285,-0.4796569788085238,0.19694490254161892,-0.155005210468511,0.9893337822643005,-0.18634937694676657,-0.3026256359855107,1.0634767930517592,0.37059658602038653,-0.34490849575374416,0.3297318865334005,-0.08673849973939814,-0.029390939230837097,0.07472110619091336,-0.28882920832140596,0.52962309308099,0.6795337231520542,0.09583303588094777,-0.5522833150851632,0.7299795017668201,0.8496878205942336,0.13078271114010526,0.44689327797449896,-0.3158571047570937,0.45320405141488385,-1.1332070146170423,0.9807678772988963,0.1861442136716797,0.41271057407171313
U,-1.2633947914712251,-0.3324537600199286,-0.5395164669796184,0.30657724500126216,-0.235615868791326,-0.5299505485470043,-1.1897202650808216,0.31152696146186726,0.5170317247768786,0.09277132981748629,1.8778225424052777,-0.9313084579659718,0.6329488517881143,-0.5442204424775544,1.1954819475739795,-1.1902090462264139,1.3947533220739536,0.051614047630430364,-1.7606855316977281,0.46930843388579413,-0.8007091527341842,-0.9078456597696958,1.1279956853275557,0.6294993221286427,-2.350172284898137,-0.5091021975735993,1.5613193921284334,-0.10183040301018995,-0.09577461781724779,0.9383850547889772,0.8874162318034623,0.832806671122548,-0.015333931160991184,-0.33096757141282523,-0.9451897986389093,0.7680711068466326,0.7981205090729885,-0.4631980449907847,-0.08428450993675694,0.09842110223991553,-1.8034247208966658,1.515530748335053,-1.096167986087996,-0.5973007418160872,0.27120771585667075,-0.40817566298548996,0.8799800264517442,-1.1531386898094975,-0.3298756355896285,-0.3630926128930512,1.2687081341249862,-0.3070697567289715,0.3374199311683613,0.04322755483893481,0.5510647518471664,0.23333464367515777,1.8521015566893009,-0.12699659861799553,-0.8707001097179328,0.10023914111157985,-0.7255489269865807,0.15264054320789255,-2.1935303571431874,0.8146587309463582
Np,-1.4494098196510596,0.45859016271906977,-0.5424813893387274,0.6180133819990371,1.1893731878441935,-0.15146410373521263,-0.7218017518011776,-0.2104991412873661,0.7660978468178513,1.0801194498472713,1.6815936378024179,-0.9369991851070698,0.5014492127948315,0.17356626732508607,1.3194262821186025,-0.6730050194839445,0.15785042883300787,0.29657573675540444,0.4534149224077291,-0.342637802132866,-0.3457875808702089,0.014514020656211402,-0.23419698588456875,0.26811597000889587,-0.6696936693813743,0.1432750003888397,0.1466996180263858,-0.004642722033368456,0.1778623724234923,0.30150645399442294,-0.2010371491745298,0.7625562567794231,-0.1389298917497066,0.1349161800887632,0.19898134879230547,0.38730931671630403,-0.39869078915079653,0.5176460635595954,-0.8746562006928017,-0.18650174701957387,0.8812234242442073,-0.5318568887747969,0.5663141323394799,0.2575704989006812,0.756974910686957,-0.33860228357416366,-0.31958534174729014,0.6723979408799367,0.07036902335374973,-0.16487288358884358,0.23873507306024516,0.1619017145347561,0.7950519514517712,-0.5271083888974288,-0.8054612025412713,0.42095361435569567,0.01515005811531563,-1.424090723834858,0.43100098481944354,0.0479416841884974,0.31140065616145957,-1.5642524968242149,0.16581895146896594,-0.05583590885889035
Pu,-1.4951737552414663,0.12806124583124862,-1.075222543623688,0.2971809978756696,1.2527999450408047,-0.1198625445234889,-0.46065348720314087,0.0724747093525236,0.4058324001094706,1.313031309539338,1.7077862694703465,-0.6969044142938682,0.4112434453636315,-0.08044172213367791,1.135667059470668,-0.3883418240379209,0.23745535979086346,0.6445735562114973,-0.4944833357211962,0.016702061350428687,-0.7661447316244197,-0.11310122438265893,0.183018237603901,0.9528589357845499,-0.8810718894572634,-0.25573840495570227,-0.011484871624040376,-0.3350978468090239,-0.19219387551514938,0.2500904053830625,-0.06407888212188581,0.8558894885081214,0.19014068168975687,-0.5319038262830247,-0.23391157500421217,-0.1470674418649301,0.7131110362495532,-0.092513390342019,-0.950630808053441,-0.13220307847746332,0.24158517668825405,0.9876171841138673,-0.05919072271856686,0.06600283405295145,-0.3822222391166083,-0.5746370494116583,0.316468361393378,0.23727858052244216,-0.3441589262962571,0.5286853363667013,-0.09898630136626996,-0.9322103960939778,-0.35441837568244017,1.178517384215882,0.5230587824569668,-1.181389453188104,-1.264083596455431,0.38257928565143257,-0.8499672742853044,-1.2946313657206023,0.6230937482724727,-0.024710519056389615,0.028212171251766952,-0.5724718837807934
Am,0.0,0.0,0.0,0.0,0.0,0.0,0.0,0.0,0.0,0.0,0.0,0.0,0.0,0.0,0.0,0.0,0.0,0.0,0.0,0.0,0.0,0.0,0.0,0.0,0.0,0.0,0.0,0.0,0.0,0.0,0.0,0.0,0.0,0.0,0.0,0.0,0.0,0.0,0.0,0.0,0.0,0.0,0.0,0.0,0.0,0.0,0.0,0.0,0.0,0.0,0.0,0.0,0.0,0.0,0.0,0.0,0.0,0.0,0.0,0.0,0.0,0.0,0.0,0.0
Cm,0.0,0.0,0.0,0.0,0.0,0.0,0.0,0.0,0.0,0.0,0.0,0.0,0.0,0.0,0.0,0.0,0.0,0.0,0.0,0.0,0.0,0.0,0.0,0.0,0.0,0.0,0.0,0.0,0.0,0.0,0.0,0.0,0.0,0.0,0.0,0.0,0.0,0.0,0.0,0.0,0.0,0.0,0.0,0.0,0.0,0.0,0.0,0.0,0.0,0.0,0.0,0.0,0.0,0.0,0.0,0.0,0.0,0.0,0.0,0.0,0.0,0.0,0.0,0.0
Bk,0.0,0.0,0.0,0.0,0.0,0.0,0.0,0.0,0.0,0.0,0.0,0.0,0.0,0.0,0.0,0.0,0.0,0.0,0.0,0.0,0.0,0.0,0.0,0.0,0.0,0.0,0.0,0.0,0.0,0.0,0.0,0.0,0.0,0.0,0.0,0.0,0.0,0.0,0.0,0.0,0.0,0.0,0.0,0.0,0.0,0.0,0.0,0.0,0.0,0.0,0.0,0.0,0.0,0.0,0.0,0.0,0.0,0.0,0.0,0.0,0.0,0.0,0.0,0.0
Cf,0.0,0.0,0.0,0.0,0.0,0.0,0.0,0.0,0.0,0.0,0.0,0.0,0.0,0.0,0.0,0.0,0.0,0.0,0.0,0.0,0.0,0.0,0.0,0.0,0.0,0.0,0.0,0.0,0.0,0.0,0.0,0.0,0.0,0.0,0.0,0.0,0.0,0.0,0.0,0.0,0.0,0.0,0.0,0.0,0.0,0.0,0.0,0.0,0.0,0.0,0.0,0.0,0.0,0.0,0.0,0.0,0.0,0.0,0.0,0.0,0.0,0.0,0.0,0.0
Es,0.0,0.0,0.0,0.0,0.0,0.0,0.0,0.0,0.0,0.0,0.0,0.0,0.0,0.0,0.0,0.0,0.0,0.0,0.0,0.0,0.0,0.0,0.0,0.0,0.0,0.0,0.0,0.0,0.0,0.0,0.0,0.0,0.0,0.0,0.0,0.0,0.0,0.0,0.0,0.0,0.0,0.0,0.0,0.0,0.0,0.0,0.0,0.0,0.0,0.0,0.0,0.0,0.0,0.0,0.0,0.0,0.0,0.0,0.0,0.0,0.0,0.0,0.0,0.0
Fm,0.0,0.0,0.0,0.0,0.0,0.0,0.0,0.0,0.0,0.0,0.0,0.0,0.0,0.0,0.0,0.0,0.0,0.0,0.0,0.0,0.0,0.0,0.0,0.0,0.0,0.0,0.0,0.0,0.0,0.0,0.0,0.0,0.0,0.0,0.0,0.0,0.0,0.0,0.0,0.0,0.0,0.0,0.0,0.0,0.0,0.0,0.0,0.0,0.0,0.0,0.0,0.0,0.0,0.0,0.0,0.0,0.0,0.0,0.0,0.0,0.0,0.0,0.0,0.0
Md,0.0,0.0,0.0,0.0,0.0,0.0,0.0,0.0,0.0,0.0,0.0,0.0,0.0,0.0,0.0,0.0,0.0,0.0,0.0,0.0,0.0,0.0,0.0,0.0,0.0,0.0,0.0,0.0,0.0,0.0,0.0,0.0,0.0,0.0,0.0,0.0,0.0,0.0,0.0,0.0,0.0,0.0,0.0,0.0,0.0,0.0,0.0,0.0,0.0,0.0,0.0,0.0,0.0,0.0,0.0,0.0,0.0,0.0,0.0,0.0,0.0,0.0,0.0,0.0
No,0.0,0.0,0.0,0.0,0.0,0.0,0.0,0.0,0.0,0.0,0.0,0.0,0.0,0.0,0.0,0.0,0.0,0.0,0.0,0.0,0.0,0.0,0.0,0.0,0.0,0.0,0.0,0.0,0.0,0.0,0.0,0.0,0.0,0.0,0.0,0.0,0.0,0.0,0.0,0.0,0.0,0.0,0.0,0.0,0.0,0.0,0.0,0.0,0.0,0.0,0.0,0.0,0.0,0.0,0.0,0.0,0.0,0.0,0.0,0.0,0.0,0.0,0.0,0.0
Lr,0.0,0.0,0.0,0.0,0.0,0.0,0.0,0.0,0.0,0.0,0.0,0.0,0.0,0.0,0.0,0.0,0.0,0.0,0.0,0.0,0.0,0.0,0.0,0.0,0.0,0.0,0.0,0.0,0.0,0.0,0.0,0.0,0.0,0.0,0.0,0.0,0.0,0.0,0.0,0.0,0.0,0.0,0.0,0.0,0.0,0.0,0.0,0.0,0.0,0.0,0.0,0.0,0.0,0.0,0.0,0.0,0.0,0.0,0.0,0.0,0.0,0.0,0.0,0.0
