element,0,1,2,3,4,5,6,7,8,9,10,11,12,13,14,15,16,17,18,19,20,21,22,23,24,25,26,27,28,29,30,31,32,33,34,35,36,37,38,39,40,41,42,43,44,45,46,47,48,49,50,51,52,53,54,55,56,57,58,59,60,61,62,63
H,0.37974926746267573,0.3199059115997339,0.39198797418427184,-0.3506238520973599,-0.07067564038787516,-0.10821467493017281,-0.11530991319854732,-0.07851008855670827,0.09752874767703062,-0.02153327185671894,0.11686302278716199,-0.04789608876175786,-0.09907683681862699,-0.020090599667588867,0.08523199681619538,-0.1714292186808406,0.004429786000207414,-0.05803551333952165,-0.1443587813448978,0.18704779922944983,-0.06886049981214669,-0.14601909086421214,0.03634619154558822,-0.012531421722773755,-0.1475058530186145,-0.007770310398630868,-0.0002391801264487674,0.02829633165184108,0.16841010637396056,-0.08076730972988469,0.13389216538115967,0.11371076443015145,-0.008066134877076154,0.10975368859169633,0.06866380225176576,-0.0010285530345083092,-0.06389862346057915,-0.05780379933054586,-0.02027622184826289,-0.019487797815060746,0.055737537950610344,-0.0046604787411684305,0.007350238381263396,-0.00035694715306657367,0.02640717548950967,0.0027166702572516276,-0.021447063598019785,0.004921375387285333,0.020595687810339523,-0.018922269090132296,0.02528520749725646,-0.024819322938441708,-0.0037930729806388715,-0.020242201059954792,0.021376337299653447,-0.0005547601682680432,-0.007273431565407666,-0.01738300305364883,0.005563810024327658,0.015566190953764932,0.003976275297237727,0.012559965514218363,-0.00026587968104830885,-0.01531909361679038
He,0.0,0.0,0.0,0.0,0.0,0.0,0.0,0.0,0.0,0.0,0.0,0.0,0.0,0.0,0.0,0.0,0.0,0.0,0.0,0.0,0.0,0.0,0.0,0.0,0.0,0.0,0.0,0.0,0.0,0.0,0.0,0.0,0.0,0.0,0.0,0.0,0.0,0.0,0.0,0.0,0.0,0.0,0.0,0.0,0.0,0.0,0.0,0.0,0.0,0.0,0.0,0.0,0.0,0.0,0.0,0.0,0.0,0.0,0.0,0.0,0.0,0.0,0.0,0.0
Li,0.14259060828064646,0.38207345930539777,0.09112031353447429,-0.45008256958425924,0.07139589480733674,0.025195765962522466,-0.13224000999582192,-0.03746320666570422,0.06641825280562082,0.11111786435148914,0.16143131254036702,0.05405250388270047,-0.09350983828272229,0.04987354776085044,0.10946522801863867,-0.0279799970173426,0.034533583935289255,-0.1370649058544618,0.024721859647591975,-0.10138701638811365,0.1010694341686581,-0.03873889881790194,0.05847360050975338,-0.11128638856683991,-0.10360273231992405,-0.004181153989001526,-0.07305377027208032,0.0600100904520432,0.05599499723271752,0.031138231350473125,-0.06381752182701518,-0.13373177165370978,-0.016241383749114255,-0.06842585241426401,-0.033177449211750434,0.07397697707215144,-0.0003470298487686448,0.0329559623995307,0.057421806696138424,-0.05313346904945888,-0.07243279917032282,-0.02672781304584256,0.04774834492499761,-0.012505079071331117,-0.018203389757660705,0.0036305984431104885,0.044536153899725324,-0.002358138513931177,-0.04329583725345912,0.019161063451416282,0.02769767930124204,0.04620468428173112,0.0226033228334609,0.021575992061191915,0.003616962326415143,0.04226500850551576,-0.04105911016354329,-0.013345608338232222,0.003562830365121435,0.010876436988015622,0.011921013728360933,0.004088383484598494,-0.032301649156184706,0.02553114490788714
Be,0.11888692133804407,0.0904581340856586,0.1922177672899946,-0.35483831601436905,0.09409758957239608,0.4871801344609733,-0.007704992757646158,-0.06457270388999672,-0.1430953933992776,-0.016276478803109017,-0.11191665512327204,0.07072023121482152,-0.024233638473621182,0.005222875208092527,0.06635739343297933,0.18265899106498715,0.1343609504991137,0.07184392622321467,0.0008418231775124137,0.0977236131007517,-0.22284776673994516,-0.048000197897362214,0.05835122440753057,0.03442706551594749,-0.014076966370472236,-0.03417724472097523,0.009551792146155504,-0.011426123470795359,0.08208704165475474,0.05091980940373421,-0.0027555321152516934,-0.015288157461564126,0.04427308039283402,-0.03171917975820203,-0.04598455994110318,0.04668268716917736,-0.04370193574511977,0.1179108947532411,0.021434637434456387,-0.01782919029280286,-0.036445090073252105,-0.046220904809770806,-0.060586451039852655,-0.010977310643703232,-0.00574275440710802,-0.007981343785129097,0.010807513564738313,0.01973152068860096,0.0003638639668373941,-0.007011246261908485,-0.013845449073326233,-0.015253402358160719,-0.01302847847756336,0.02174649860578204,0.021660330308068302,-0.010098692277997402,0.054981553834165114,0.045095163742057055,0.02055327634075585,0.02513144459359448,0.009758779377527383,-0.007475217543901972,0.012484973577009709,0.012054927552358619
B,0.28803987499667477,-0.0796092066262507,0.40684685289920997,-0.14551961895854854,0.09923932911881608,0.23947168660515472,-0.04212543802331209,-0.28245697747604465,0.12042507886416101,-0.03500171619521775,-0.024670504157586974,0.007263220215163628,0.030284186472982106,-0.0469888425722737,-0.1911677246655221,0.18171202590058427,0.014408053717678157,-0.1172489125646186,-0.06693339434913377,-0.08938276177582465,-0.10840475398795138,-0.12072587212658696,0.006772046998732745,0.1400014653987709,0.0013237464002714156,0.02619264680440905,-0.012529352995754734,-0.0060792972753346405,-0.07367656959803026,0.04359811206915524,-0.06228402970612629,-0.017015896505129725,-0.043067774525162805,0.09517946276384966,0.009327449502948183,-0.07798015994026482,0.05960780904092753,-0.04249790791302346,-0.05967221725808694,0.03777494282275672,0.02922541991041609,-0.03895787645564892,0.020626440809133253,-0.013903113293319657,-0.016007597475812003,-0.0037546265482470984,0.06548070378029208,-0.03512792889176889,-0.009987038953227797,0.007477062772877943,-0.00480632258414388,0.012218590943813383,0.015570221834884953,-0.006471648392031805,0.002874234489074199,0.05677234399518049,-0.0045501903892519084,-0.01176853919193816,-0.0556242454213805,-0.04926993005211265,0.002877455700468942,-0.009699406914786666,-0.01341906866457554,0.0018385169929415802
C,0.3540438957161642,-0.022976839121598536,0.39713410296041196,0.01880099564941944,-0.0069463069920184094,0.29596067895564776,-0.09944869151952827,-0.13550785825116393,0.19547529749318515,-0.12004175360494822,-0.09997448861244579,-0.04703575299017487,0.09828069928974864,-0.04955028759303786,0.012928474897428578,0.12201277992022971,-0.12362122510457516,-0.07628531822118555,0.11139286533260678,-0.0596859129769312,-0.006660788891628865,-0.10682471550544767,-0.046579162640089766,-0.06372772150854404,0.14778349462658533,0.13177244207583297,0.08741968554119606,0.04294514473409313,-0.023223269718531427,0.11223698443863811,0.09878400569334994,0.021733381462430087,-0.04246403355737113,-0.05817537125184261,-0.06931959965268623,0.050109869447236756,-0.006015801445217519,-0.004414518065170745,0.0775369421332685,-0.007146130904169701,0.04319497321999542,0.07697404395761501,0.05621371161372096,0.02274666096889215,-0.011855562557099584,0.01118059046835137,-0.05772941620975158,0.018640224830714366,0.017540398524533735,-0.005148394971349306,-0.021041185407878124,-0.02107560882699208,-0.0022705467611804455,-0.00047820692666806163,0.0009850488299113732,-0.03438137390241541,-0.023829034572824842,-0.0211341660106851,0.024185366637369036,0.020910903656526765,-0.011397358540092323,0.015742934021901155,0.017603701891977866,-0.029844264622577745
N,0.44261224747421446,0.09245135511710259,0.32252577842708574,0.10944529660618618,-0.1746621353868185,0.23300283661440266,-0.08309602068742551,-0.11288774264117658,0.039705856064382775,-0.12660324437850098,-0.11119889139807361,-0.07710896938459501,-0.09486376377979273,-0.1781388942877084,0.0009668313016455555,0.09238270670782221,0.02467105663729305,-0.03386102972531411,-0.030541499634702728,-0.02978783123320703,0.17965319167456895,0.11081691844832739,-0.2544210143730935,-0.1585865748054738,0.06212974743650562,0.042172515845160734,-0.034181749221718676,0.06624271445765033,0.020431532376717788,-0.14187132749479783,-0.06393703777393014,-0.07754927272865034,0.03905131538993522,0.053864376765320424,0.12995503239597367,-0.02321439951745413,-0.005695760579641637,0.006116117810024844,-0.041483600803542464,-0.030221943234006603,-0.026304923504050188,0.02098889054345991,-0.039834061622119096,-0.03973740105263039,0.01830848282073301,0.019002588360371615,0.01897935212956165,-0.00023345554626645867,-0.0004420642716856167,-0.008705901849601353,0.012375486412199372,0.012694682536055865,-0.014625259607358065,0.008233998034107065,-0.007116851557351671,-0.028013144585384817,0.006549835673273808,-0.006468998866869094,0.013376336086305143,0.009159152893137444,0.002012948613209473,-0.005972463068535231,0.002554163119140313,0.02281262157150245
O,0.4404671338522699,0.18774235164158354,0.4364535597736922,0.08082492842048382,-0.28023021820547994,-0.010496036782201155,-0.04919567005838748,-0.08839606238177228,-0.05867937551092604,-0.12790855348023594,-0.07010828774121067,-0.09639921678380381,-0.07853316229646759,-0.19388933094972058,0.02907571582872871,-0.232935805379721,0.018564886382936612,-0.09218222519470616,0.11329588708961516,-0.031555791121541055,-0.03365494058789362,0.17479091024855833,0.05752117174189311,-0.03031319219897716,0.0049672939388008845,-0.07125214482358348,-0.0526787860760031,-0.12666570478931433,0.005838224775122403,-0.07455786358664762,-0.11680336289331703,0.057212110113034356,-0.0893212496556825,-0.04986471022405153,-0.1567641263857203,-0.006647572305302031,-0.009015506057134677,0.0175353914794483,-0.006450144204480454,0.027112196142464108,-0.012294868641962367,-0.0462098722926096,-0.010836604041982502,0.029710033151084947,-0.0006534439890699813,-0.05868725494323898,-0.07137093343749351,-0.02340135027137493,0.002710241827085533,0.004247234539368955,-0.012013603661186046,0.0011034207063342928,0.010949456473405629,-0.030215486321950855,0.0007014086108576104,0.01572721978319331,0.008766224441198673,0.029588379316176538,-0.005067370822651328,-0.015467535914536203,0.0012339871481002694,-0.007566934800131759,-0.004576446084419901,-0.015084552093104858
F,0.459594926875793,0.3294665779828832,0.40497518354453327,0.06788169082297954,-0.24898392609939737,-0.16883010096298082,0.03913088292904733,0.021706737258789053,-0.1738401370138844,-0.15317141572484488,0.015162863820247402,-0.015159789486098448,-0.0022810490428184964,-0.02597952551241976,0.0763628388643153,-0.10870257205729705,0.12137320839959152,-0.14852512096812168,-0.0015429578350794923,0.005820076920078986,-0.019956907399430818,0.13108135561625625,0.10843535751041289,0.11853985126070732,-0.006197003355173033,-0.02720051365591914,0.05736883392220189,-0.0497314221456684,-0.1342617975214825,0.18426200096321488,0.13293023863364808,-0.009123532994556505,0.07200825593640567,-0.07655745544005142,0.10563797541205865,-0.008511340460073517,0.05337653905269698,-0.023879336569200892,-0.03742733831248421,-0.011719680763379606,-0.05115039496950429,0.020281016995502364,-0.030776220027066956,-0.03162942290745288,-0.002116218123088071,0.025600479574490548,0.05065248318465243,0.028336792081192882,-0.021699668257604634,-0.0019178001693951955,0.0037003412132836687,0.005446974721534036,-0.003358344467270988,0.020637709206444175,-0.03632112207974359,-0.011800214077446898,-0.014141278362122454,-0.014154383104764334,0.003941707551303269,0.012469204182133226,-0.0034495120409831813,0.011556445476666089,0.004604567221078383,0.012809950297832435
Ne,0.0,0.0,0.0,0.0,0.0,0.0,0.0,0.0,0.0,0.0,0.0,0.0,0.0,0.0,0.0,0.0,0.0,0.0,0.0,0.0,0.0,0.0,0.0,0.0,0.0,0.0,0.0,0.0,0.0,0.0,0.0,0.0,0.0,0.0,0.0,0.0,0.0,0.0,0.0,0.0,0.0,0.0,0.0,0.0,0.0,0.0,0.0,0.0,0.0,0.0,0.0,0.0,0.0,0.0,0.0,0.0,0.0,0.0,0.0,0.0,0.0,0.0,0.0,0.0
Na,0.06363947192301196,0.483602515717032,-0.04527597702962036,-0.32262331624168117,0.11487262858372027,-0.11777826405187773,-0.1804857268663144,0.03581839684763235,0.13916984427755297,0.042621579280113654,0.09261037188106185,0.04850065163379147,-0.06683995606295262,0.0665676819152123,0.05449053901411762,0.006444015275327582,0.1447878786690421,0.053976673550234874,0.07637885256840408,-0.10238305027222919,0.06773069443720185,-0.07289032990838536,0.013106627975802013,-0.126534863737194,-0.08339076976924971,0.012684938300318473,-0.02918133604517328,0.09502802348703109,-0.037655108703442804,0.04446042024868902,-0.0715961520561456,0.07112419228074486,-0.0010266687165425502,-0.1097880846756708,0.012652851204088933,-0.03075829693515953,0.006359912166102457,-0.07104557616718045,-0.0005394382152149308,0.03045504677186848,-0.0176028570219934,0.08664091589800682,-0.02987943804255733,0.02297542691863827,-0.008731828404137075,0.029919314083509615,-0.010635656160322894,-0.04642254027889993,0.021903558149803798,0.007923919289434762,-0.020381487588534093,-0.002968798236989821,-0.031342957712457695,0.006707851533661266,-0.033453776361473585,-0.023278079518988082,0.043441843302870764,0.039910295437749196,-0.027352436822582604,-0.03804166742559443,-0.031854825741932206,-0.004684709062816558,0.019635474268680637,-0.02946202733683621
Mg,-0.07016481806443156,0.17482326859740474,0.19613311620380458,-0.19630606592059216,0.17846794669692936,-0.08523651490432918,-0.13051459761343748,-0.003706188351423628,0.0017968401968295497,0.14781215323354197,-0.10135026371998862,0.07219920805440963,0.09615613188185963,0.009262320053135518,0.17473973909563056,-0.005315551813896084,0.14645612720684326,0.3097976555219471,0.038771369684185215,0.1428384741052588,-0.12276622708324676,0.12079747388854496,-0.06365328049465697,-0.044158180831467525,-0.07487907227986872,0.0709520406095064,-0.014049382715618685,-0.04968183567090808,-0.09028994920519427,0.030521587452100013,-0.06299308593471131,-0.07981318517022114,-0.05916955064802516,0.03577944143372026,0.04857193440736509,-0.010438728665654687,0.07377235424750385,0.03696523210410085,-0.02907994526220068,-0.003875808134167126,0.08825213274582297,0.04332639947688015,0.05043528658587713,-0.007789514013297582,-0.0002959270185787676,-0.040567393203659416,-0.03431591091417247,0.02824210873927216,-0.007110110597299557,-0.023736074747726012,-0.03884314345020429,-0.005514608570813477,0.023453922869762122,0.0006250462716519833,-0.012984809953060348,0.003948685768577218,-0.04332896086592305,-0.025905266207741945,-0.00975892646277351,-0.006933817829863312,0.0024103120527702313,0.025237789697462498,-0.022810383328839938,-0.0061427844561280425
Al,0.11642167621110638,-0.0018769256605350485,0.17501711340794884,-0.05165267815530004,0.3367951547718734,0.1471957437765267,0.10752635798042545,-0.11694449880899684,-0.1315655142387022,-0.030433813265575597,0.28052252703200276,-0.006919467021867783,0.09768989222742916,0.15888127184301995,-0.10419685004912649,-0.02102548801160562,0.0846448787315411,0.11037862276745666,-0.031017236148817448,-0.10572637896684645,-0.005395147013001679,0.06566563886595692,-0.007205659731199324,-0.03441787664834943,0.03607773283800668,-0.05902445573855926,0.035930980003445065,-0.060195100254803124,-0.07461792347869703,-0.04903961400986475,-0.01090399824149446,0.050121352921384914,-0.03574617056456137,-0.03674980321815672,0.05318840523265187,0.03457674214015146,-0.07446132560851207,-0.08889236896455038,-0.08124305812136827,-0.0047622725598239005,0.024559083229866847,-0.020832590107088725,-0.013807557700990116,-0.03423115989095485,-0.02700789980527727,0.034793369850497566,-0.04334616328645039,-0.07058269734775988,-0.021586106648311017,-0.018291984211134125,-0.002732887758464848,-0.04634359342024109,0.013650774852742176,0.035016882937575114,0.037895280291620356,0.002777502288203256,0.03335105120432297,0.00439157152799995,0.03011642247447539,0.002487448748079858,-0.007066392234132497,0.006292023774794424,0.0008687862791818384,0.03478893825170541
Si,0.19909941109201293,-0.0811256960175504,0.22143558143862643,0.10883844264106196,0.3089407927209829,0.20508499141533132,0.02296326587345623,0.03332373559045508,0.06254122560513826,0.0658789548928982,0.052108499088734814,0.011557896525869022,0.1698727624722835,0.20833572301278028,0.17127261007897623,-0.03202507595617776,-0.13996233788040774,0.002774105552389563,0.1394595893833646,-0.018056551632755068,0.0480058391704266,0.0027971804726131064,0.049826269327247,0.0166152481417331,0.07300424493426148,-0.04708485649403109,-0.030440877640402313,-0.01853820582410391,-0.020403945666456508,-0.08778437167504355,-0.023699104564215687,0.048415728435816874,0.006132887499166718,-0.056544754309963495,0.07050262657045007,0.018118591132543004,0.02020678317916719,-0.002168212930790975,-0.03586253867888396,0.06264710130366603,0.009916373323772888,-0.03415053891013409,-0.03795294488129332,0.0324983610449287,0.040696793814077065,-0.010027848262019221,0.05979165973958456,0.03870739809492874,0.005413774264841103,0.014547668744946342,0.002151874193344722,0.03115130243176149,-0.05231210155595729,-0.08362609816358811,-0.01000574945648931,0.024334342839289622,-0.013601968964056054,-0.0013722364547483741,-0.026994651881035562,0.03768670393213991,0.025298779775040296,-0.007463215508128678,-0.01345751012848441,-0.03885292134055205
P,0.3763575567524522,0.04905018307534599,0.1879238740936204,0.276580724705932,0.09011526025962219,0.15610201069037388,-0.012796682731659374,-0.004962683372264014,0.16827812783470195,0.06505983515670233,0.05498455816497985,0.11443719777398936,-0.12673398233618646,0.0035339020397850704,0.05074851439092542,-0.021214139043075366,-0.04705756580529977,0.23317473591927815,-0.23372472238029712,0.06443163013702295,0.15797511614336035,-0.04355045463796361,0.04914876353012274,0.06755790603919988,0.06367355351115528,-0.058679994757030056,0.07260939027833745,-0.02069423425928138,-0.04862186595976393,-0.01575854527827677,0.021816688244078918,-0.011545897003435626,0.01299254429822724,-0.03195358629054685,-0.0051929011321585165,-0.05481778584681063,-0.018518826275344114,0.03821530875218314,0.007723245361940866,0.025815351836876256,-0.07469884474926435,-0.042832445994806415,0.012111234696718844,0.06894173091232227,-0.008969285772890488,-0.031546612226434206,-0.03936307641890203,-0.00398856745680788,0.013411407858197453,0.027815617934650646,0.01010014573904612,0.027355091607665475,-0.00703384520105588,0.002492252102035956,-0.014377814721206986,-0.0236528391465489,0.00039611624813671155,-0.019141031027466057,-0.006378647505445371,0.020383743249736293,-0.06524397065901999,0.025808191915839673,-0.019704893200381806,0.024873929779376504
S,0.4760365316001517,0.22190375451806488,0.2005488444859009,0.29930234925621674,-0.12856535343055986,0.0234191418897876,0.058682533861091145,-0.016457617797891233,-0.07767017655863351,0.12199445373803067,0.06294674090485464,0.12610116521894663,-0.01942590862630527,-0.07558905112798307,0.0015175160445014256,-0.052189105624439625,-0.13873405467889607,0.3149392814165153,0.05791281974687968,-0.0542625135398714,0.0338357667756491,-0.1559761528820395,0.12420856837086339,-0.006473885102351875,0.08208105941737777,-0.048225832327720076,-0.04341191450811327,0.035033872313685,-0.02897991991215364,-0.024501885121072924,0.00998721172868069,0.014732867727490776,0.002044714485640479,-0.0061080308246183965,-0.04836761296945929,-0.015797924255022078,0.006308073489214348,-0.04382538797886982,0.04725035300980975,-0.04781804464247952,-0.011884556774294211,0.01858916919053101,0.006407010260718949,-0.06701179408598065,-0.01882994120300824,-0.019958268047833932,0.041147082039255704,-0.0057072490085991355,0.005376242574028947,-0.004448018976559991,0.05769537106894148,-0.02412665341013936,0.039961293204513575,0.0019627417881692387,0.0082824554960633,-0.008541234535658436,-0.01605918684960007,-0.0057639701980403395,0.03647401230718902,-0.04852612267270398,0.04714835630775919,-0.021373127483722592,0.013760941040003652,0.004129431847580268
Cl,0.4261450167747647,0.47204580030060506,0.15368375092745395,0.1810046895975346,-0.27889253848353474,-0.14254195636584607,0.13113728388835832,0.08322755373256358,-0.123103379742151,-0.07525129685219487,0.006570356429737906,0.11038611103358517,0.1493678200138671,0.19324535993207873,0.09608263328878681,0.10422690460604976,0.11537901544317264,-0.010390166459056552,-0.026500544350685044,-0.06626569722722561,0.01737160115921617,0.022915733068735584,0.008664129984461304,0.01888898288991798,-0.017541694006574942,-0.019156392034149858,0.009156751867336234,0.003582146105031705,0.029343995571567968,-0.1097393235313612,-0.07267059577480968,0.07266083938316442,0.04522876587988301,0.06024634383321162,0.034410888575477284,-0.03778197785950669,0.021312165498253578,0.04797087061897019,0.08065775167986337,0.07600624626915985,0.029336585990419346,0.04644550823957815,0.07179986313095613,0.0499262768586123,-0.02245251172841424,0.023789321741223786,0.026805861154858012,0.055655253832114594,-0.004860835344177545,0.01682016965359893,-0.02246167102473879,-0.006248074087475691,0.003085368954733669,0.0410972756013914,0.03170900660440596,-0.00885828079051348,0.0029730815090091385,0.01558641833177167,-0.0060134771582399,0.01460649231391313,0.019481939029106977,-0.029177444113357733,0.0298186922669264,-0.00904049600695884
Ar,0.0,0.0,0.0,0.0,0.0,0.0,0.0,0.0,0.0,0.0,0.0,0.0,0.0,0.0,0.0,0.0,0.0,0.0,0.0,0.0,0.0,0.0,0.0,0.0,0.0,0.0,0.0,0.0,0.0,0.0,0.0,0.0,0.0,0.0,0.0,0.0,0.0,0.0,0.0,0.0,0.0,0.0,0.0,0.0,0.0,0.0,0.0,0.0,0.0,0.0,0.0,0.0,0.0,0.0,0.0,0.0,0.0,0.0,0.0,0.0,0.0,0.0,0.0,0.0
K,0.13176857444573548,0.5534355563481557,-0.12883601070924958,-0.3321547499078906,-0.015309913632129617,-0.1303740714679121,-0.1475145640033022,0.1309390748609167,0.10298201737854702,0.03955920780100819,0.023012914369874377,-0.1268780250760031,-0.04563241897916777,0.0488721957704924,-0.10600432241381177,0.05830029182384194,-0.11615918000037195,0.03862618058174375,0.02465873509809795,-0.00387920734899902,0.0384323428967778,0.08803196326975515,-0.07203513749032832,0.03539304055132395,0.030074094340055656,-0.0018864504400104925,0.014814162914992355,0.015274406380400785,-0.03286813458096845,0.009042772463912397,0.016930547122592635,0.04824358266320489,0.06455658698396173,0.034639390773884136,-0.0636111510883282,0.008715787602210721,-0.02355011118035579,-0.030927304881750106,0.030932048405804522,0.0551076367851611,-0.02112026800816239,-0.1017801623279618,-0.06860746349172499,0.010345757373972515,-0.02261667144165814,-0.045838184650268926,0.046104857784837625,0.024040952983171774,0.034029291129653354,-0.0030518623614065907,-0.1212062773852828,-0.05323242879666604,-0.042219690717411516,0.0448303188004076,0.023964643910142188,0.0061070068162663044,-0.05088543452214989,-0.06032359886160627,0.04749527978311254,-0.026750683633139864,0.011369858155007302,-0.007183587529107792,-0.011980282789485009,0.011843730977347311
Ca,-0.23050845647315515,0.30526836449587885,-0.019761843031018675,-0.22861993322926258,0.10298044240291966,0.028030444385406545,0.05770139885758638,0.004841389641972372,0.018643386459583345,0.20849544009232204,-0.13855858684627673,0.18731750545353137,0.1428111129524022,-0.13196340507495763,-0.061415256106804796,-0.06142735864229778,-0.014825275925407035,0.016710303140496558,-0.08743257800731406,-0.00826999185748741,-0.01760982395029714,0.10221648829531671,-0.046318608976446636,-0.05642101879899614,-0.0006927639555210216,0.045302217844799944,0.015528038784875168,0.05202401999674575,0.017260374908271828,-0.004187150361781311,0.05954752871395659,0.12044564854486475,0.015163748134728214,-0.02802142534411196,-0.08228617962706951,0.0031546571406799962,0.09319430671834365,0.014533927604308607,-0.13643760918793166,-0.04606073677630001,0.0057779404754086825,-0.03575774313760777,-0.015979814313250077,0.009625858487384271,0.04888613003996062,0.0734858500752983,0.006121917008042817,0.013132582862448255,0.04507899679284597,0.06299550258259556,0.007063412793762208,0.05318649550122832,0.032253200756151144,-0.019518848990668417,-0.02287539231855014,-0.02814223409436204,-0.003235693125611432,-0.006984289254428839,0.030656065081585065,-0.005140905200297061,0.005367254083369613,-0.04868864813930703,0.023352318313574,0.02550613396480867
Sc,-0.2625018006110021,-0.11161570574869702,0.24393762679998449,-0.04814110646003883,0.11227827814865084,-0.17827344650099577,0.030113573370016005,0.004320449607347183,-0.2013905764592965,0.10877938202679431,-0.1627515446878834,-0.0942911505646705,-0.06198414649825903,0.05144486772177231,-0.13088152314977028,-0.0789473822680643,0.04284317930105473,0.056917686021260655,-0.04668541162520199,0.0011880107786694202,0.07074048732337912,-0.07758231098939536,-0.14243290896546595,-0.011906108424047594,-0.07485960779911303,0.007336584234621503,0.05779587589157022,0.022930877955391085,0.027694425492996524,0.09206332307947543,-0.04662391807815137,0.04877897139662569,-0.01568441241963017,-0.03894883737358823,-0.01817074269006572,-0.009469430935077303,0.05861992523170361,-0.005573811226807646,0.08151359566953849,0.05107167704672174,0.006150499508487668,0.0016443514320974577,-0.00036719622905908694,-0.11843397681921239,-0.008971777471915044,-0.08756442774226089,0.018495262418489356,-0.034416411206823275,-0.024722682140248753,-0.002167468709554413,0.0005013689916602577,-0.0063758418775420956,-0.021633478950143448,-0.06409832458256012,0.004312419227217013,-0.01996232281412992,0.008088810220041343,-0.00018730926976044654,-0.00018335430965273758,0.06974778968727571,-0.023353485539684624,-0.018959940065088447,0.023190271356349913,0.02635283949238739
Ti,-0.08141892766952251,-0.3205792901771131,0.23302911908198992,-0.05112235309838174,0.022264400433548912,-0.02730366861560722,-0.022991198771296083,0.19031540559503624,-0.16268100378774045,0.2298255328913162,-0.09737592091736524,-0.024795665264771907,-0.047803124975957796,0.10424662188257927,0.036302434984965604,0.02876629326107924,-0.14748433059028324,-0.13458810886695313,-0.001271074662463944,-0.08443983036396437,-0.01585298371832317,-0.031480955924681905,-0.020138237363637596,-0.03702085585115388,-0.07434485487906657,0.04257160259409251,0.011063602251644404,-0.07150623816783241,-0.03407150555751174,-0.009400790925004612,0.002942082490077289,-0.02206338889572624,-0.010214557932314404,-0.0011416782856822393,-0.005626359388933906,-0.09469625466290692,-0.09219129602020407,0.05963075561914718,-0.07396030495420726,-0.08877136825356857,0.058063155810745955,0.041707626984768376,-0.020240868175106272,0.06942295108944103,-0.042555642633534535,-0.04179352269193031,0.05089378750210171,-0.013627449537912773,0.021216980505716007,0.033011462715587296,0.03166034981475012,-0.06385615356172436,-0.02796949484397741,0.0155394299076132,-0.029047965693214526,-0.047461081994492234,-0.03542681816898932,0.05090133191700622,0.017236969085999674,-0.025641735737847553,-0.0003945246100147089,0.013710793971786445,-0.011233207506253097,0.017880459297330887
V,0.0500903084433817,-0.3938031252605406,0.035470103388739044,-0.11026996886084228,0.005206583257147258,0.04263240960006585,0.0023731073214197196,0.22507837727341995,-0.04124884271210032,0.030394849627666417,0.15014927177678086,0.09171079989593703,-0.09871406063189801,-0.033424155562704914,0.031117035689345273,0.013257211214682426,-0.0052235988820745986,0.019747632674922654,-0.029984696445372973,-0.06368064975235387,0.007739639926835793,0.09648431585154024,-0.09228455012832898,-0.04343497140642911,0.05880524182621735,-0.03350139302830604,0.025047345028353495,-0.03676475790135853,-0.03111442484100529,0.1286779567812906,0.04823499098553256,0.09698392471763846,-0.09490937526083934,0.12237186979163311,0.037335284626487976,0.10194558843206532,-0.12116756913895681,0.05371178132782975,0.01889051886926188,0.025109435394767336,-0.056748752663505056,0.050375548390679516,0.00918033399112763,0.036327610500679106,0.016446279103742977,-0.02154245377802255,0.013748427758412346,0.0041492449319790285,-0.008123482506271205,0.056096954681494005,-0.008519130844745013,0.05121321920289492,0.04125595353813013,-0.023459784875095726,0.017629580558311465,0.03062862479917783,0.007070875553590535,-0.018416672024631923,-0.027544824480916923,0.00459941236880515,-0.007436960320043995,-0.020449325865801588,0.017570453584977535,0.01703074015377031
Cr,0.04919540650887799,-0.36995464713359866,0.08967630633776116,-0.21409656746158284,0.00363000723964035,-0.04545290866021068,0.09822073146869417,0.28342022554776763,0.01959281491006021,-0.05965235090178887,0.10917737083477298,0.06597150920293202,-0.08076275686265144,-0.10621994389960793,-0.08925159926708527,-0.08373014916698528,-0.06796863059499725,0.01805092787164619,0.10024167124584711,0.004457354071007848,-0.13055048394119428,0.004465072594777261,-0.05119998426735564,0.017039273195323546,0.05188702985832378,0.04128039927125609,0.10116046102055155,0.05253075050386041,0.0478108009409905,-0.06110487822812071,-0.02426327915189975,-0.043113675274593734,0.0007261713631715092,-0.06429991954799741,0.03312026913864334,-0.005604645555726756,0.030625611346009857,-0.018683578270180367,-0.027256237294845838,0.10832470677912899,-0.003060576061920829,0.0037999445782748733,0.06849519264961017,0.013619604199428996,0.06150373981759368,-0.032529682684875154,0.04685680583243764,0.008652807043620842,0.036397662736655255,-0.01596819111550211,0.015562546450372085,0.03481551532314299,0.05163228931484616,0.0693844314099053,0.007932650907854999,0.022558549824690955,-0.018715944822920803,0.054631283089756066,0.05191530312310732,-0.0053125017031888854,-0.01675130501801428,0.04810016617576656,-0.026387284572931432,0.0036732702750556486
Mn,0.1255904933242637,-0.3490898207112513,0.07448977102451294,-0.2604519397464057,-0.05861595152392163,0.005156222203032043,0.16089931214487396,0.27506454792752416,0.0029223816850641104,-0.09424221884686304,0.00373729093935677,0.12201932201401074,0.08866056096218299,-0.05646319651373559,-0.026592607430554405,-0.043516507619598487,0.026382636936197836,-0.03461853791974113,0.02657309406264622,0.13076578150586837,0.04918589567876239,-0.08081541496963679,-0.11689741611014383,0.016347545333700083,-0.020140350388920487,0.07233394052395807,-0.1817798086503883,-0.040317908436891016,-0.048579224010943056,-0.007532012144392777,0.023371861474474242,-0.07204906389665316,0.05187979742434138,-0.07629777210698827,-0.030416630863309813,0.030934498750073484,-0.00035355268381339976,-0.07798401661129976,0.010719079083224165,0.05487199649112226,0.015426827385451342,-0.01250445375453472,-0.01679965161717463,0.05267907613727015,-0.059493724557676084,0.019420720221865626,0.017088395554612515,0.03317890137592027,0.005330221559438241,-0.004167975812010773,0.031067283921050307,-0.04226524113474203,0.0512342727684487,-0.058097202552245576,0.03522414125133362,-0.024499793497650094,0.06151041227947799,-0.03859336010947721,-0.00853654475477555,-0.004998671585657113,0.018508952870928186,-0.003549576063895958,-0.018190382151630557,0.01561388144400381
Fe,0.11389167484127752,-0.3487177939052099,0.017613572764811406,-0.29107479016504867,-0.04095851412795788,0.012319762733172526,0.10923832043302663,0.2022306703278246,-0.0075618074270687825,-0.02366962141697355,-0.12847220569625092,0.06777317935046898,0.01389403015799477,-0.04734476544394487,-0.18080251271644307,0.022611322418677898,-0.02190871856170267,-0.07974558360361726,0.10562312407750538,0.0932165592846841,0.05443696802849974,-0.057903715875849915,0.0989072375416483,-0.1211302265744044,-0.1181322350699705,-0.1038102612528322,0.06249586883930484,0.05054291060049591,-0.13294311573997633,-0.05419934739157665,0.0270461114515979,0.011266510368346867,-0.056580075111278556,0.003152163657951285,0.08692987601171355,-0.03960799532108698,0.044084281781228515,0.07552967061731214,0.06994906434719828,0.0414760241321671,0.004112622346981869,-0.06952769563784397,0.019969694267411835,0.03971982845520862,-0.015605333204036322,0.011310899632749718,-0.048906611001625244,-0.021587520722874124,0.008064009446018728,0.0019348463555722267,0.016224648247019927,-0.00543881105845435,-0.015397434395777296,0.019863521411034937,0.00461871389047107,-0.009748404339850357,0.016521411303763053,-0.02676220001826975,-0.00932945274862466,-0.006242173237326879,-0.012744269586896567,-0.02739703722656898,0.030501069638897187,0.0009082225776305969
Co,0.15481792098507027,-0.3261663249776789,-0.004700152102457943,-0.29834300088680393,-0.05471164503274956,-0.013991550019361134,0.17335333996537838,0.19432656780051732,0.09995938651961772,-0.1311989220531396,-0.10693485367815343,0.017201434558329596,-0.0764487740524862,0.018639435801321342,-0.13070365228748787,0.03857123299163363,0.04240046234236028,0.13931003327918373,-0.0041061643308059285,-0.08973831289496086,0.07410393892392762,0.008454658661075977,0.16895774431015745,-0.03042723187524178,0.038642403052993005,0.06896602156364084,-0.009348508051720921,-0.10576076898920853,0.11185591307569479,0.012900871109416748,0.028223389833320355,-0.019708681527588676,0.06455725553590667,0.032348447376153666,0.06331549878177609,-0.009674590717704516,0.02057372965974157,0.050426388072297004,-0.04230635805012145,-0.021774251960379073,-0.01596895474442425,0.03989330012644633,-0.04349515421587997,0.015201533069406865,-0.05134262823578677,-0.009631981360520004,-0.04689142347544943,-0.08080932160282367,0.003851010721419597,-0.06502940587179615,-0.03481052029455947,0.04562826690462061,-0.026685524312317264,-0.020079830508062713,-0.04579553933544697,0.007892020619745869,-0.017148557551461822,-0.008130350767195338,0.018685360252254576,0.0012083464036184138,0.04844674305176267,-0.014589787172349832,-0.015598734772844243,-0.025678152641143082
Ni,0.2140137460440607,-0.27213822433214474,-0.05631863245352993,-0.2750361727932269,-0.16432776025266776,-0.0006406118827166754,0.21411915620720337,0.08041121237860431,0.158765697470866,-0.04223740674108564,-0.26799492227232613,-0.025883120344472,-0.06809128674331813,0.08696432609423771,-0.027391938993339256,-0.0879351673257599,0.027334508222920557,0.08724188658040642,-0.07537220003236372,-0.0825099941840636,-0.01617588984238104,0.05667386441409096,0.08030708528794077,0.19986039894576554,-0.0013445042018330414,0.0695333076325036,-0.05191279930130202,0.10620365519858421,-0.03419897047941385,-0.0810550850093776,-0.028243450138993178,-0.03142790487287077,-0.08464639584992964,0.0035533489665421176,-0.014422356930815361,0.03468892360800832,-0.04560325167295043,-0.10434125884743385,0.01214114091080208,-0.06653698163141174,-0.010848402273113497,0.003681321685261076,0.030383366888245167,-0.03520620312788655,-0.01854709892996308,0.04495454326767529,-0.0030232144709888527,0.022488437894195724,0.014195652632901418,0.07755011753179661,-0.05311313059538796,0.0010412047110328413,-0.010140038282256666,-0.0028616539889661325,-0.011074996162754291,0.0018197232665763607,-0.01040003046303476,0.03988529295211884,-0.019734006077556446,0.03950557972853499,-0.0035051005788464483,0.01150807503524216,0.03404746263938259,-0.0046582671560289335
Cu,0.2164227811209707,-0.15818953264868846,-0.16444830078309305,-0.31765329608520143,-0.040755790922386244,-0.03888754943065759,0.3124889183374798,0.0884230122146288,0.12080671857403749,-0.12136850563695276,-0.1903425462107517,-0.08584697722352096,0.03756631873728865,-0.07311699821023189,0.16129839413344849,0.008898176701888746,-0.05689716363268196,0.08559827901611619,-0.06765979743602615,-0.14702929520448618,-0.05627252105782456,-0.06282422416205695,-0.03923944296729303,0.012674659133137688,-0.011857260036070962,-0.16671082188024638,0.000751861133337733,-0.0227997064157578,0.006519264904129933,-0.00019826942422343667,-0.023705896289858065,-0.014233422780937638,0.08482528313826301,-0.022163396795384982,-0.03646964794651719,0.040731963364655996,-0.002267550229487456,0.0011759558092531205,-0.027326882437385534,0.006752895746383887,0.0007535805033890697,0.028301841206071224,-0.008144471237770838,-0.035329558403286235,0.110060409308554,0.006258676365878871,-0.0036502778445333785,0.010689908585172284,-0.07003649367659322,-0.03873008937133878,0.04555919194921689,-0.04479778840752903,-0.044071973289755054,0.013654230300085864,0.016432929544924906,-0.005084321139820525,-0.03277778069424169,-0.025137802013289214,-0.035536614669129704,-0.018861120348414993,-0.03854590701491678,-0.002802731147003222,-0.014429748450385332,0.019054367953445995
Zn,0.18955258232669311,-0.08130818953315568,-0.18218128493927305,-0.28353144534194197,0.15979200822915593,-0.023768849392857342,0.3095070891443458,-0.0739660183897436,-0.10598507320172276,0.11674740420523953,0.017525257220287867,-0.027323598433602384,-0.12406720946565779,-0.031073520607894638,0.08051193750153625,0.088836556233467,0.060455457827998355,-0.05203098970423675,0.10286054532969159,0.1126281479897698,0.010138915939875839,0.07051978116835494,-0.06314392580109224,0.010078557593204461,0.08613053792439962,0.06278101261831043,0.06545144711358544,-0.020562268144471072,-0.03480930431548479,0.049830032161209764,-0.10606457904616058,0.14106361058181563,0.050568219765686526,0.07720892415920291,-0.015302333927697778,-0.029715771326967295,-0.05164627799468045,-0.07992953654165279,0.0360970395222208,-0.0624668588234345,-0.04708123180365131,-0.049440691513931996,0.07789554205699452,-0.0017247810878743385,-0.03224742032242296,0.014079481168224444,-0.02248218632397137,0.021046741959004855,-0.03218319202114354,-0.024140983029152147,0.06215395331231923,0.03596495561211355,-0.027376016733810852,-0.005826529903490887,-0.010404285369747381,-0.02939032052835179,-0.012311673756748215,0.0060877935926233594,-0.000932360325935974,-0.03658881025375334,0.0006911316819128902,0.021954785406750717,-0.009004487927849138,-0.04119442773558526
Ga,0.13863327229651506,0.011294873596236547,0.07698655676201357,-0.017015208506184765,0.41792722779728786,0.07070108433510026,0.2513987006725137,0.027180687705167232,-0.10337432727727158,-0.030124888966654634,0.18381297279974038,-0.09430715883651695,0.01317932982953506,0.08143388367212004,-0.12846646094713357,-0.04767151665486177,-0.0035898711982644393,-0.07624234205485093,-0.06671106990110297,-0.09162012188347614,-0.012298865258112081,0.09415026005286337,0.014140859820953191,-0.05083377119347888,-0.025677079446460242,-0.01626191109754597,-0.002599105156596184,0.022511267824469987,0.017699626656387205,-0.056280643270366,0.05245733281345939,-0.08360718210480658,-0.020623378955693585,0.03330999026802447,-0.10465253419190254,-0.014282187577144672,0.020294946122384857,-0.02732131201337767,0.03196697927343357,-0.02973318238437222,0.06972481142526725,0.03086684716328038,-0.04256658147405408,0.005726718036982727,-0.007505749944304619,-0.055460677395045385,-0.030444037652394566,0.07140194814854818,-0.014980398600696167,-0.03604023163717853,0.030892309596984437,0.033931127553781366,0.033044965059385686,0.05273364871148826,-0.055307912426351975,-0.01886465456641961,-0.007364405848831119,-0.06204376810127699,-0.03648584293971062,0.01810470939894287,0.0009678668406296394,-0.022541286626197636,0.034202569887571525,-0.008572638813725485
Ge,0.2675880310143526,-0.0841585577798879,0.033403519538554624,0.15496308250383412,0.27082518049936916,0.14596460583635773,0.07949646091554613,0.13212052470618424,0.16800719223396576,0.12299691902631654,-0.037405973170909095,-0.07017682703223443,0.10644380167708409,0.17663494953847494,0.09292052652531475,-0.19382130926008614,-0.11767270626467549,-0.14801010121034158,0.056571378472173355,0.019963581159725935,0.0035972164149639376,0.05488521911808215,-0.05729564807412631,0.07969032048998195,-0.03665321111463548,0.042466280334857845,0.010535891163807,0.034519248379717114,0.052059561884225836,0.03414045207750202,0.007172578768670481,-0.021243465786730916,-0.01956605472363688,0.04347301148994102,-0.004455132722340726,-0.021075921037352487,0.035109164499603114,0.030234201186434224,-0.006861799739978304,0.020326501356722097,-0.04901028254985965,0.04613533469130547,0.0014262080887886262,-0.053445390683484396,-0.011562999059410684,0.03741304270464446,-0.07568675008512056,-0.01478692788130802,-0.04089913108308336,0.02703474685861342,-0.009535410488886812,-0.03546235467185643,-0.027140966830795952,0.018106767995485808,-0.002580326599288534,0.023480305907075876,0.04188853621585053,0.005973578261149426,0.05484097343307362,-0.0007031282840292134,0.012755610093109278,-0.009939972826095376,-0.04980353815146101,0.00915771142984445
As,0.3643949218000517,-0.041945515266466074,-0.025869154558828298,0.2397253548693515,0.15300422545298517,0.1615068515573682,0.0632756073785053,0.1138619880345951,0.14947729301404353,0.2194536710125731,0.07423679775279224,0.06116675294456683,-0.21441497224439407,0.023525459204451545,-0.052380831423220205,0.00281467971529919,-0.03493223142685495,-0.09538843129478307,-0.1685313117118056,0.04867084234067429,0.053149321094769025,0.09870629636409563,-0.054856582982230326,0.016576093919923162,-0.06375385380371958,-0.036126191235736654,0.053708577177905094,-0.04697772302254111,0.022113916021312206,0.012204933898475599,0.03875057867475635,-0.05290463695984623,0.06201957767236173,-0.04407935879892609,-0.011556544900831182,-0.013115915962758287,0.07339097966177376,-0.011046156446913636,0.034794787873208055,-0.021401436284473857,-0.000916364291632376,-0.013213700246152557,0.027427844233353146,-0.02477950229065758,0.021252891300253603,0.005140206655892436,0.021814350522505785,0.01565562091961603,0.004917392476407645,-0.06607994125058086,-0.06826071949855692,-0.007381558467103447,0.028155636895044613,-0.03688054614417079,0.0383772430831944,-0.019626384632677026,0.008372389585376202,0.06242326151332887,-0.035632447665666166,-0.03291473749819381,0.009553602286747885,0.010491540499957328,0.031125295145575462,-0.05517054846300917
Se,0.48629486214941514,0.22099781092411638,-0.031684207536918106,0.2908521092037436,-0.07756457047721287,-0.009285201615498296,0.14884282722411463,0.038133988964059985,-0.05952181845259061,0.21002756739036754,0.06984374872083635,0.0010167767457003678,-0.12036051930067049,-0.12005513292148291,-0.13377218817887265,-0.11405647346283872,-0.12569337462922847,0.08144594083216256,0.17921092886078208,-0.03879060166031387,-0.08265775724739681,-0.04321943545563228,-0.038412300289758484,-0.03228871356493485,-0.06823884961944605,0.05519619680223817,-0.0704193993798182,-0.0310876491553367,-0.031148006097384422,0.0926373026898844,-0.019083527388086913,-0.009915508967961516,0.04227595351567023,0.0833907406156099,0.029557112800744436,0.019975643298466562,0.017525899271558506,0.025185526498363937,0.04233457557057107,-0.030033856789101594,0.028834651727185384,-0.007221651449198964,-0.03229290600358448,0.0039056582711818684,0.023929309558436647,0.07034896873438864,0.008983101556936466,-0.011960317375723156,0.04432522975307612,-0.006102603215762445,0.020917586686255686,-0.016029545173282252,-0.05254466233009504,0.002045586676877551,0.01096050140148211,0.0694098049618566,-0.0066032517363020455,0.018593615502753767,-0.03008302661236629,0.04463798691861106,-0.00769671174979906,-0.015985896450728995,0.0019245511841716233,0.0027847890897762582
Br,0.4413584729580874,0.4304664422104918,0.0052224331664751395,0.20605602881698284,-0.25671785902529703,-0.16816134086433152,0.23466755411382914,0.16698523091266176,-0.07924702492172973,-0.05766184032160806,-0.03985430092772442,0.09068987982024561,0.10800368978737464,0.14786598127664943,-0.008080616879310708,0.13637558185548532,0.0541325445990587,-0.02765180230458433,-0.030259399452379696,-0.0327029167508983,0.03891792538797082,0.015054572751650385,-0.04731162614831335,0.015232323998361379,-0.011726142354367721,0.023747945721836746,0.07115609422802009,0.11007891515339696,0.07072455116385781,0.02823940315903777,-0.003075969947743739,0.00377801712713924,0.03139401515077919,0.04762218287080575,-0.09041871719211782,-0.02802104478734959,-0.012180286701209513,0.052794703100272525,0.014947530291545828,-0.0317182973901074,0.058107049905543065,0.010543033840858609,-0.05020511806631094,-0.008263486470642033,0.014377472932554857,-0.013195196623444818,-0.009267984177360208,-0.05842635510902862,-0.004415007936014872,0.02326815578539849,0.0018815194157315721,0.013239535319791015,0.056900792856031154,-0.040487958669312665,5.170834659440633e-05,0.03287014934266112,0.03633520313680564,-0.014205295527784415,-0.0033806618815066993,-0.03492038580920543,-0.016189172154628388,0.0528460279805177,-0.044303932721018555,0.0020639121121782786
Kr,0.1808399752545761,0.4504578343970054,-0.5420497385514103,0.0962977780333958,-0.017739583792574145,0.6243170121070137,-0.10139769906480875,0.1905952858524553,-0.2856683725493548,-0.07540263975682716,-0.06338644377858732,-0.054556862250748746,-0.03577048662898867,0.0173350809983436,0.03611203860073611,-0.04811125452486689,0.030857257039543857,0.0065859740510846925,-0.02375609647927143,0.017037845251026168,-0.013258690690252655,-0.03649546215024022,-0.009422936728090437,-0.0030281483036301063,-0.002515523438689171,-0.001534736818718289,-0.004232226391768876,0.009383673518209746,0.008120303600234339,-0.00692635626711513,0.0014598190425342123,0.006391474334329501,-0.013955622874237057,-0.007012081433084643,0.003391311254016544,-0.00834282297652348,0.007269137504683619,-0.011097286050552374,-0.00037523178455274695,0.0003579701213423399,-0.005495824125719876,0.005415155874324099,0.0019288946677758,0.004475978814160289,-4.346436605470661e-05,0.004622037969196595,0.0023938660814998517,-0.002794904452696408,0.0012966034474821426,-0.0010718054487818941,-0.0016993171154787163,-0.0012861566338709157,0.0007506065808899796,0.001098169585398963,-0.002628678042318179,0.002000872992748388,-0.004632601349261417,-0.00433522420819248,-0.0017238112629469253,-0.0015402569408155575,-0.001541104813197281,0.000861020731313354,0.0004927324373958435,-0.00212976285735952
Rb,0.13864116973925428,0.5291285768801566,-0.17406946777142945,-0.2596275008804612,-0.007602043422619542,-0.17812458360732816,-0.22041966400956922,0.0854204976276436,0.09075691891752967,-0.00266986743315024,0.07007516390213354,-0.19329515153333698,0.00014037085191077496,0.0735457934576922,-0.13211650423400223,0.09611123302178118,-0.11007627786029636,0.014001762008750177,0.014189068658432108,0.028203065860465667,0.0083978660197748,0.020895096976354947,-0.015184588000975595,0.06270816465559975,0.12297948107594732,-0.023749003177590516,-0.07445866824871863,-0.038400510666986964,-0.04869230605398643,-0.0003089043966019209,0.01027806790813216,0.0007061751504281826,0.01823735729356774,-0.0017764521881190399,0.005466212757953451,-0.004286339428977408,0.00884155302778793,0.08787208689760428,-0.035892047129846935,-0.0021705383569970544,-0.010350942240700848,-0.04587536159712887,0.029001984144340794,-0.03680737334870701,0.02065162286822897,0.012764636018178064,-0.02249179125560265,0.0128146049117993,-0.0056312138825413685,-0.010194891414843128,0.07352676458288195,-0.04324486727303253,0.06104029981442492,0.0012927869383034182,-0.039664864227318276,-0.04306362986407339,0.04753626189395765,0.055871210940395793,-0.03658023199247687,0.04099142967015246,0.022456339232689214,0.03539899946232326,0.020886558502492047,-0.00778041369949939
Sr,-0.23801898873012936,0.3267362928573948,-0.127825539846262,-0.14332758296772044,0.11062446009926485,-0.016777632272010942,-0.11396320589115237,-0.036244283813546566,-0.00920211188825688,0.1889415387973609,-0.10347276347335445,0.10725126273159319,0.20620151626929498,-0.19419240380257757,-0.05662469490932568,-0.05710358092763277,0.058196233576332586,-0.03207594159338752,0.01968512954341882,-0.043797198699824236,0.0066996107196079955,0.07559425378718537,0.011233464992004123,0.0281651482860489,0.08691288420322671,-0.027120290235583152,0.06804373187102655,-0.016798640524965807,0.012138160407643662,-0.12526123461561517,0.1295528344471609,-0.03753436764450364,0.0295136269388408,0.003900424968165309,-0.006315030005362451,-0.044061123065935424,-0.03509081360922263,0.023152023673961644,0.05982355177090228,0.0442041772114366,0.021764563744885904,0.004537139690807876,0.05280508787935087,-0.04416593429193501,-0.0286389151692116,0.006634851879624565,0.011898235840319972,-0.02898915438903066,-0.04199341431872723,2.693747971480551e-05,0.037726661850204,0.015036282572736787,-0.06135258781545722,0.0042513838508403306,-0.004406545784077355,0.05383709058731485,0.0323985569889282,0.0035160790587730395,-0.003945120277231092,-0.0013399025509562197,-0.01760207737123665,0.006681328472615174,-0.011309139726503456,-0.012642304425012654
Y,-0.38319087870400753,-0.04786514441276471,0.16468625484409669,0.02227627445775835,0.022811555644194636,-0.17874984893913537,0.03538285316036854,-0.06417827683012065,-0.09198322671941404,0.12631684273872526,-0.09758064894526845,-0.020223780943867575,-0.022320576341011342,0.08119659045474531,-0.11631751606909405,-0.0030813470873882376,0.10832840962363695,-0.057744429850189335,-0.01885060576816708,-0.017985842391629023,0.017046792140741875,-0.15433724512418695,-0.10291780429584767,0.022606279378883088,0.12135010491835542,-0.09083558077939491,0.014670462929535989,-0.0706315023861166,0.06967214988502883,-0.07437497452391824,0.03784595174211447,0.08688000277132339,-0.07177231768761815,-0.06686705163877678,0.006804117755215218,0.05589731858843282,0.0497285291943475,0.031698421546239273,0.019373945500440987,0.011534400855825683,-0.06592767307234683,0.04732948339324916,-0.02440898804964574,-0.005266342803911874,-0.02601158152936555,0.029479009024483638,-0.026970426858752207,0.05745199528776874,0.02957417490659248,-0.02250472800436209,-0.003632570992391188,0.010194079486488573,-0.029116805754240225,0.014929808280945275,-0.023062060057769205,0.018777606925718334,-0.042844926618765426,0.006381732391537539,-0.028626915188111123,-0.04047413850431383,0.04530091901423868,0.059966998057245875,-0.0040316776065232865,0.03898191157125282
Zr,-0.18588055858474087,-0.203074271197165,0.13807148398541852,0.10599840933877407,0.0496202445643006,-0.1817685494082859,-0.2122702543057961,0.07003721380235488,-0.15682484951108086,0.04788316341957986,-0.11571641219156044,-0.1605253514647975,-0.1001109178709237,0.015611797612421562,0.012856116518053426,-0.018081896834420397,0.04036935752179011,0.039950114540118646,-0.06269812628152181,-0.04681282244407981,0.0006233043121345066,-0.08045573357475312,0.0576753429444911,-0.11281611877749495,0.05202965494560291,0.1285207382614093,0.07650920607995544,-0.02829134870973242,-0.03878222352649193,-0.0398745897373797,0.015870351143549764,-0.043934070356008985,0.15993179738916338,-0.02695372346815378,-0.051025580908316166,0.05111656490550207,-0.09012097703421475,-0.0145959251141757,-0.060032784952072045,0.055915127386732676,0.034871200295807876,-0.026540650279488615,0.009161271327725816,-0.019689604194049075,0.009401004841874436,0.021128267990550745,0.01084248022470217,-0.011193327867334974,-0.03915308093060609,0.05836505112095888,-0.006049065547692473,0.02677842315239948,0.02464270036755238,0.008691323478311584,0.001868538390739883,0.04796548715707791,0.019513633024917626,-0.026563558917947053,-0.006717972680686008,0.02093110500297962,0.014682290771288476,0.013419232839579225,0.02060352291703552,-0.06584009317583067
Nb,-0.048137410441641625,-0.3521356947851568,0.01958625150928824,0.0602499624665436,0.0926965301829825,-0.10700057875416395,-0.21225121569649782,0.19383082371420723,-0.05542397157576663,-0.005450031583758658,0.04270162077563462,0.0035542093383246166,-0.07083209000073086,-0.09550653809829006,0.12608535605552693,0.10072588746458083,0.03952317569701535,-0.031125102752373793,-0.09194898339115797,-0.0677339151840758,-0.0074898160617399715,0.061393264251231774,0.08409472537623203,-0.04566966306584672,0.11661488086468282,-0.05817706267855928,-0.10369560434562745,0.058662802837323405,0.013910883407402017,0.016696102896831082,0.031589205188033785,0.0227765145300287,-0.04916844197763514,0.06402264435428921,-0.018927805154385694,0.06251663219717139,0.01728160081795135,0.01052215660048853,0.014323303940955816,0.07152281182855613,0.07068091820071672,-0.029646868360040303,-0.01815472185104663,-0.05208479590082087,-0.050997130910065115,0.06092149811144753,0.015245827021464401,0.03885697249573668,-0.030410041381606807,-0.028711276251518505,0.001016907392814473,-0.03497495115596018,-0.023956193548123974,-0.051332878725691505,-0.026017812366226672,-0.026935129155935215,-0.019287270583822357,0.0293321197901721,0.0061771269881691505,-0.04598024346845245,-0.03752351799224702,-0.034379169976062975,-0.03435177945656673,-0.004077738535613187
Mo,0.028272828201614482,-0.3782523268527737,-0.0350204162306844,0.031095926565238775,-0.04189559571852571,-0.14073718755770362,-0.25884592436871856,0.08129125850550396,0.02704332293763819,-0.01447365235684957,0.14721767821913012,-0.0010046407978482907,0.022661060264160836,-0.07907997871383117,-0.018140257597883118,-0.07171426054607558,0.06479297990090907,0.0383755543841392,-0.020553158631846185,-0.039373627886695024,-0.15867596658224956,0.00041778727441862994,-0.0022316327928805346,0.043773244196251844,0.11374273001460138,-0.016660253356329188,0.10035084367430834,0.16369056854413644,0.043515779474277004,0.021645658713342134,-0.09718288533428435,-0.0007144053715242226,0.05710846255707598,-0.0035536025087130924,-0.0020695265031485444,-0.08686279113056532,0.035610709147715705,-0.027800967899775403,0.008077017832159224,-0.07883171051447893,-0.027168674509720065,0.005785581676488213,-0.046544705808358885,0.05374273244856778,-0.05645149699746888,-0.011487937026621096,-0.015056079360525228,0.08126861287891758,0.020101693779710935,-0.048389583691632765,0.022725780966423324,0.0011799882658681544,-0.029637546248362616,-0.0182963482647334,-0.020683303307263416,0.022181169448158757,0.04381853784459458,-0.01738264001745606,0.003779381793081663,0.04043008314083338,0.00022108667948810167,-0.025014588454980325,-0.017043799692114777,0.0057337002775374535
Tc,0.14486260285564778,-0.3983196084997787,-0.045778444162653364,-0.06472247245500048,-0.14713054846801227,-0.032691010673256325,-0.17930543098388274,0.020946843277329114,0.018789974560626612,-0.029737240270949872,0.18448245043503123,0.0881495613455876,0.1621650746991373,0.02059250338671304,0.028285463597572818,-0.08498334990025802,0.09764998069898063,-0.01565360532192797,-0.13618514678304602,0.08005400799307187,0.03603637918803051,-0.0808020230912551,-0.10764496529505112,0.05511162916491055,0.04591195777277131,0.08639581564824729,-0.09136995942503112,-0.08204888362514474,-0.05097207997802268,-0.0032154173340445693,-0.005652608884531733,-0.036730472831709986,0.062024200271145545,0.05290972713236533,-0.07133363304876769,-0.016334786337794914,0.025826140227214345,0.028034772291055204,0.019854312995960428,0.002855773036043075,-0.032868205453002494,0.0031836714530304806,-0.025581514222764067,-0.02970161006793129,-0.03268373533898152,-0.0034780124916819932,-0.05439988455697921,-0.032612976273645664,0.030651152252174546,0.05256418939031548,0.012432157176762144,-0.005592365957451764,-0.020481430184923224,0.040795309996557914,-0.0005323798527462694,0.015362188171795233,-0.04531873833423924,0.03430109932513538,-0.03447933961986824,0.0035396512849281063,-0.029226527603223192,-0.008406746665580419,-0.007266805607407274,0.002348328467118226
Ru,0.17351097191155493,-0.4238201983564818,-0.14516276972891679,-0.05604728153768507,-0.18608144361628806,0.0364914765101786,-0.12651720321387958,-0.060516284922855136,0.06519690648825567,0.021686694321330868,-0.03522628563036317,-0.0484791002207712,0.12734534105392428,0.07938552824373059,-0.07795278395747805,-0.06062812852841818,0.06721363728688398,-0.02049754862557366,0.010399341574766682,0.1327813673233655,0.051310642108260994,-0.01957478188744389,0.07217605040214196,-0.1122869487354173,0.015724348052505922,-0.15249220873932764,0.08525679661919228,0.026907539518289916,-0.1079210457327822,-0.01901729315310224,0.004864904785864352,-0.030888430709873536,-0.008125371391366954,0.07437600440250698,-0.007618347863152633,0.03620657655647072,0.004588563094959635,-0.004524124441605036,-0.009493852059569888,-0.0703295534416184,-0.003245032515247671,0.04212350761812741,-0.03318041391100852,-0.06305324377273983,0.02593083730807342,-0.055782095745619355,0.0309326559882688,0.031047284765679892,-0.0007654695875504544,0.008996136690627352,-0.017398675575330553,0.014623641935299336,0.026933611307105837,-0.007474039432761039,0.03576781252585465,-0.015040258828250483,-0.007325653187742446,0.04755675171470294,0.019774246502026985,-0.002488606378809908,0.015604984030937262,-0.015231194426962979,-0.038682662258956634,-0.03656954463246256
Rh,0.21709315295982765,-0.36101796908083494,-0.1869433068685787,-0.0633124297068218,-0.18703890038226811,-0.0011525948981906929,-0.05250891169181128,-0.09213649413347483,0.012646608340810848,0.04774212096839025,-0.036770737075385994,-0.047544094826985704,0.1096746649685491,0.096794030245979,-0.05026846167504486,-0.06726022545369455,0.055528956516258006,0.07915841616205364,0.10307046853305907,-0.05905360401540031,0.07252478104035345,0.04255477688657839,0.05699599924783611,-0.15562700736442814,0.11323043158170708,0.02324983817071181,-0.07701978690982311,-0.06596841515647887,0.16003226141783114,0.10112203204239369,0.08716598052065691,-0.0019085092237546787,-0.08692387180559345,-0.010386683277277712,0.0397584029522765,-0.10133644581848708,0.036371842853706426,-0.03691879524494014,0.013948569270307026,-0.0454996986657813,0.03591713007639599,-0.0681122864984861,-0.024441094180647112,0.0020041861126942557,0.02711441229028673,0.00466441598977731,0.027735044454386695,0.049892258207315555,-0.020390266666249036,0.029810803423698108,-0.02138908292866806,0.0038258449768957055,0.002803159899657014,0.04778348901769016,0.0572946523389399,0.00416475987412105,0.031079701990870057,0.008906968473153995,-0.032986654005266174,-0.011192557310398267,-0.04494039655591657,0.03678904724758293,0.005312112217268947,0.003618829187410134
Pd,0.2789506111780666,-0.25494074240682,-0.2994300358365834,-0.06834414604391525,-0.11408673996058268,-0.04778643721108455,-0.02746264535962239,-0.17257006111048445,0.011679578310968391,0.10880388272004063,0.07330010511327399,-0.07265471769949595,-0.06603747985608997,0.013610470215392457,0.017489438141039308,-0.037185656695462456,0.11374345437715629,-0.029990960858545617,-0.13522061564546373,-0.05355167539252689,0.0018601730682787732,0.008155471819883502,0.05157695971539901,0.01976452686368661,0.04152290713426778,0.18939669010598995,0.044984468785463895,-0.051192617278681685,-0.0835803079898526,-0.07411879930671336,-0.003134598489499699,0.04048078703231644,-0.08027031271115725,-0.049626533286036764,-0.008688678979014458,0.0012491116579036964,0.016070236365617004,0.06642265480215134,0.09846679369667073,-0.025783370071691115,0.04507349402251407,-0.01178762194254469,0.005466734242395325,0.05421662091737193,0.08833908085817513,0.06066173925233751,0.0555314060472167,-0.03328240234917175,-0.029285906286537627,-0.0561817985130362,-0.00823158955206646,-0.020337501972050313,0.017781575034229384,-0.03849262618111147,-0.004310745204998052,-0.007034084685603688,0.004485355078102674,-0.02299749089876714,0.02892171393284106,0.020362531958857302,0.03794469677992882,-0.006293527518850037,-0.027570025925795362,0.0430397806208869
Ag,0.2708546805178738,-0.16915852110051427,-0.341799323294296,-0.12052402430081947,-0.08582653433344749,-0.10026314985886432,0.0515637492612791,-0.1267384805148376,0.08055911902328165,0.021088649466462224,-0.011615400805005139,-0.15697012770995963,0.12566741249526997,0.007052539077683513,0.19025853999192582,-0.11729653647247838,0.004741348715780214,-0.03226856681343509,-0.09558715938119475,-0.1194028537086826,-0.07284479763642722,-0.06570694013133777,-0.13689264381174063,-0.007927668604812131,-6.447156030009943e-05,-0.16197304195696446,0.038018636674909706,-0.02595612640922868,-0.041346683957994,0.03434503735721639,-0.018448017344337556,-0.04796354824604842,-0.05131668033132185,-0.01529917887796381,0.0036431246357374026,-0.03179308354410985,-0.024575194082478262,0.06949114973268158,-0.030987011677426214,-0.0038580484200024003,-0.016934301617344886,-0.0038983975259810075,0.02021966363499732,-0.001493939560060535,-0.06252927459521518,0.015607986471476374,0.04633830578377177,-0.04255109404883847,0.10576344623468882,-0.027917570191212143,0.0034692312347903357,0.013056872718193847,0.019876902916438146,-0.015451090821211561,0.009507630646034368,0.018634066042314865,0.02323585402860928,-0.044276960361629966,0.034341868826405705,-0.007733836972075399,0.0033559526711277226,0.0013279801534323108,0.054608389598082466,-0.044347725945507135
Cd,0.16444129889718817,-0.06274643834252841,-0.1982539851158728,-0.1404923597069227,0.23422456440057213,-0.12333195237747781,0.19608678199211707,-0.13451660942388075,-0.11478150033252786,0.13676238724939316,0.042539178366280364,-0.08373478756838698,-0.06391599245707251,-0.10162765249139419,0.15777137896492327,0.13467917678461794,0.041826675747458616,-0.1574323112960927,0.0397748168979287,0.13256133856020813,0.0408595942985692,-0.02081250788112628,0.14105461812356623,0.020769658496833123,0.17431390949230455,0.008929195764868525,-0.06850141160651403,-0.02478949236977458,0.009130323720238467,-0.039713833858737856,-0.04294607096498794,-0.027167675017906977,0.05224222365799813,0.027308752517034695,0.02901480921720395,-0.005969872501293348,0.09863839760905987,-0.03288957805156953,0.010414690916638122,0.006587630230525621,0.002030931672183174,0.05812939452166745,-0.0474129154542972,0.0009900901840457035,0.02891498743869352,-0.05757160494218212,-0.021454834519943178,-0.04601228555429426,0.055004018675353525,0.07152003244678469,-0.009999637742086651,-0.015232027680601992,0.006001730048933352,0.0015607060801351288,0.04720396858181084,-4.204443975734943e-05,-0.0038859546095966245,-0.02257626466180001,0.0298798027359928,0.026596498107570848,-0.006285402870927637,0.010088460541529825,0.029322362722783393,0.0157292027879002
In,0.055516224125512006,0.007857040465706969,0.011943761912993851,0.14230386672815099,0.41228080214359175,-0.1265884203340254,0.04619031177850159,-0.08253994321775908,-0.1427818373180652,-0.10619769653386057,-0.031497714625342316,-0.1290574267636923,0.15334501169278741,-0.12831994397816665,-0.16324696984336937,-0.021888083292317367,0.10187469071829965,0.0291332139293525,-0.047440471361718785,-0.018965290374677115,-0.0020556329448079887,-0.04685496226292309,0.013082677439701066,-0.011788467332494973,-0.03303502119076577,-0.04994267851887067,-0.09588140508302627,0.06253760214157127,0.016438884483803314,0.017632382025775762,0.00025522464095861205,-0.019263646632892092,-0.0003939550231310699,0.014210862637574909,0.042311632717404346,-0.03246274585469275,-0.07249534950432365,0.016784809598688315,0.055150763848946606,-0.032662383992815965,-0.08522746364763997,-0.000953070739451424,0.053699189611178665,0.063527625085683,0.09575526750643189,-0.022673941825024888,0.010200375962557698,0.012908225727841676,0.009492921558979076,0.04805099711003411,-0.0639364951927601,-0.06522563523504472,0.023318838712358386,-0.024741576237246654,-0.06705692235757885,-0.0035443716059342222,0.0008786884471769991,0.01163835967001792,0.005715020043757322,-0.006466481649587088,0.006140727354781642,-0.009599225506636049,-0.039189085210958756,-0.025473638303721034
Sn,0.1842457286652648,-0.0586082660905028,-0.05915444721297109,0.2996521300276122,0.24927943947907505,-0.07292106165433418,-0.15045491531436755,0.05967588554513205,0.16666498124830137,-0.039063144384471345,-0.17765949398634576,-0.14310027104469455,0.14645683851748903,0.008992886021760186,0.07681532979948946,-0.17741029554232043,0.010558284651841948,-0.011900464872909642,0.031046188419407292,0.07915299864748772,-0.009596260200080954,-0.03795534814938426,0.030295265360502217,0.0318237562801164,0.018773545599456307,0.07196675826238973,-0.024510834843713778,0.0810262972945694,0.006005573199562998,0.029422478544077556,-0.032262366680681935,0.024330487667177433,0.03775073164914609,0.049304416090813534,0.036590991118307485,0.03322572788367213,-0.013274623937192111,0.019955256063917966,0.016216147905203347,-0.0023600450229524124,-0.00991628615555676,-0.05504954683988928,-0.014380050345059233,0.05457823922528984,-0.03321271425283645,-0.021953029603415913,0.006578661617502228,-0.04386880379721327,-0.09518026909533892,-0.04564453675038024,0.012594502193557705,0.034540052514079746,0.04264878639908901,0.029175527504745544,0.012079730370710482,-0.012751422275477495,-0.027105626760482705,0.02564190277485538,0.0004096983468827956,-0.04228788804623031,0.021148481775968085,-0.0019111299703773457,0.07596456631353524,0.05371908632045159
Sb,0.22941963789377443,-0.02152470300881745,-0.16195108284903115,0.3814974017505583,0.11666564092134421,-0.005080022407170193,-0.07590168400716082,0.06382013236402297,0.22259473086558768,0.06943537759169995,-0.1376235451207438,-0.014496815864444844,-0.10651052160876975,-0.02179249068581174,-0.06480630469533966,0.07487732670703744,0.1709913382674382,-0.06892549986258407,-0.04702986876408027,0.08668246341907965,-0.04529965211611373,0.01507842428117899,-0.040607399754305634,0.01597472972330963,0.02349951750188927,-0.1149962379822213,-0.03491388170259705,0.002561827859485419,0.02656413357707084,0.08973748085754871,-0.008649987088139589,0.047523279260415344,0.039667139100510965,-0.11912135362479272,0.02088361998121864,-0.02070049100334669,-0.06455749196911048,-0.04642168448775737,0.004801105010766415,0.030043439924629305,0.10116704456141865,0.02922586332549595,-0.016844116246544038,0.03355136463055513,0.04329260850999825,-0.01986165806543467,-0.029126159390050966,-0.03003425513512516,0.016609599625357276,0.03181461893052247,0.03604726267477991,0.01948350510784022,-0.0010404079962464462,0.03610382468753226,0.008485582642100588,0.030283243950177303,-0.012622657646150661,0.005739766668087057,-0.0063482650375886384,-0.01211174428971355,0.033973533370589476,-0.04037228898383657,-0.02323116493095288,0.014721632194353539
Te,0.38161799150015985,0.12640171285918714,-0.17768529715361372,0.3784678553122651,-0.05641960771943597,-0.07398419336009678,0.026694685370853958,0.01912627301199597,0.064551424066139,0.21075005485412998,0.04443738242754616,0.05893798504832978,-0.06422125947830247,-0.0783858716500219,-0.12794786696236524,-0.014904635579378293,0.05564660018264979,-0.07852036532748749,0.09543961031994583,0.033126593506553934,-0.19020162713694802,-0.11791226544028222,0.03742097773223709,-0.004053501848727277,-0.0014515217639879672,-0.03613536292437824,-0.08261815895476458,-0.047717029414669355,0.01788930121817901,-0.06695778236972552,-0.04812789438785055,-0.03795887860173219,-0.020378620269823403,0.022360381112607665,-0.005100334689251697,0.03603221999316939,-0.045783054632532974,0.025862434390590303,-0.06719867983168455,0.02671784375968716,-0.027855012522112352,0.057088774128152185,0.002003805849921611,-0.024704505233993892,-0.024450947656726636,0.04262656429430802,0.013860165272496346,0.010609163108720785,-0.05341781255324454,-0.007990663564276908,-0.0811548217987228,0.03549160156022255,0.00046657219957577036,0.01012807298202058,-0.01631546715415161,-0.07750964952879484,0.0113421584403872,-0.056546834939004545,0.008173357686950683,0.015588117041201692,-0.055719248810980296,0.026062309019673234,0.0077113712166100926,-0.001882162803689257
I,0.436913001576256,0.3476677308669323,-0.12594895306669607,0.23261347276759786,-0.1845769500212232,-0.19436011406833387,0.09461864550006545,0.08100183167796725,-0.11718844451839243,0.06317191223288494,-0.0027092254706246404,0.09183077310910047,0.2095971518270205,0.049629285037294794,-0.041425402724863475,0.1188866381760512,-0.003135077298783259,-0.08955814838446573,-0.10178673773809961,0.0621066026989782,-0.01751970142408831,-0.04528132696549049,0.032091473992317134,-0.08024102540896487,0.04598857362323546,0.08710501158708997,0.05469453774914559,0.03976827332729796,0.027691033079155835,0.04412963658106403,-0.02343526272347339,-0.11596289256511697,-0.11114714108978581,-0.03126257471567603,0.02745138961460229,0.1212472149803335,-0.03143101839419902,-0.06824992880091164,-0.09008704290824768,-0.0016988648203876164,-0.027502785409521377,-0.09501982363238913,0.04618698204275125,0.007496716250463886,0.019646289760824283,-0.05229357183117051,-0.04538038774650287,-0.014151135690558304,0.03751436250874591,-0.05357959212153214,0.015280395307249586,-0.004303233077588332,-0.06793407509361997,-0.020941183547468396,-0.003241628920085606,-0.0010306025340561782,-0.022138555517587487,0.020047211827733197,-0.004396205022218521,0.007060219828848095,-0.006229122938415734,-0.024365480034081413,0.004724906849556938,0.002510385463324235
Xe,0.0,0.0,0.0,0.0,0.0,0.0,0.0,0.0,0.0,0.0,0.0,0.0,0.0,0.0,0.0,0.0,0.0,0.0,0.0,0.0,0.0,0.0,0.0,0.0,0.0,0.0,0.0,0.0,0.0,0.0,0.0,0.0,0.0,0.0,0.0,0.0,0.0,0.0,0.0,0.0,0.0,0.0,0.0,0.0,0.0,0.0,0.0,0.0,0.0,0.0,0.0,0.0,0.0,0.0,0.0,0.0,0.0,0.0,0.0,0.0,0.0,0.0,0.0,0.0
Cs,0.08419428205194515,0.5607278029870773,-0.2224809055228659,-0.25631747269785365,-0.05716021256358902,-0.07076530609326732,-0.22712954403045962,0.08613086496408155,-0.04491890696673644,-0.1512338304415667,0.02427225859347402,-0.152140329633035,-0.07678952806646427,0.11604634049057722,-0.11778636514069662,0.07309327861181117,-0.1935661728752683,0.0319404950644526,0.01046213818507516,0.08710602919181676,-0.028923150068576348,-0.0211957291906318,-0.013154621792013503,0.09041353829560422,0.043505009830667324,-0.0506407608468384,-0.029417407878893395,-0.0565962410619553,-0.019389503570287805,-0.007273065654334398,0.0011985874279604074,-0.026666178671122243,-0.05739258308514383,-0.010254293015722896,0.014078733630151398,-0.02959584274580045,0.022921667996779794,-0.00295524344959291,-0.016554921219962163,-0.036537643812899694,0.03352952749481993,0.08298134976446848,0.03215211957311611,0.022490246634765405,0.015677486389152034,-0.009216909487688092,-0.02317316400580808,-0.0015945702329190061,-0.03669329070313228,0.01935468447183772,0.014594516888049658,0.08844904776413752,-0.015057381798708391,-0.046646541651420834,0.019886606113792313,0.0130419323339788,-0.00022791671540211964,-0.008776186353368354,0.008876292920595445,-0.008081940125451327,-0.01852136925318818,-0.03557543958161812,-0.009966758599073809,0.014702291723852024
Ba,-0.23145119886962698,0.339527814865983,-0.16824984055947043,-0.11801992181804423,0.10801901636059046,-0.025093215842744557,-0.1389615823018697,-0.10367994012062942,0.02144703418968994,0.09535030811092926,-0.1035298342107417,0.20151365540003596,0.1145878767649197,-0.16770230602724728,-0.0200735401156493,-0.008857635694485753,-0.0007829806106008259,-0.01918152997580367,0.10587958437788908,-0.05486160213026096,0.08790218729244224,0.10386583924879667,0.019241655221566147,0.13641812674863757,-0.024454683356548955,-0.021566276594897342,0.08376468228408025,-0.058842435773993125,0.04120009891396754,-0.02489765061026001,0.050620479481235624,-0.08247847343276797,0.02220416330033243,0.0265350650840721,0.019542564737636697,0.04270268447679019,-0.07988218166883913,-0.051329430393041484,0.04025233992226929,-0.02077270148655999,-0.019254486912175458,0.06551232833428403,-0.03558069141579241,0.05136687927583104,-0.02886655081623547,-0.022492081176776483,0.008614716677697634,-0.016449301060425213,0.015206810723362552,-0.030750252365358433,0.013453978369385687,-0.042306829011455334,0.028997346260972768,-0.02101330752524748,0.030043845412814123,-0.011706042591573252,-0.016032787443682795,0.008808046240896197,-0.04366347108847355,0.007060745353968359,-0.0060524388546887836,-0.0018087691457437168,0.008022594378306358,-0.0009525673991341769
La,-0.4974707355382684,0.13998696781176911,-0.14357817994837024,0.09772326359798418,-0.039645143790620355,0.1255971341426247,0.022108730206604105,0.03700717732492769,-0.04045268178206975,-0.13500678373320601,0.016691623071526905,0.07232417500430381,-0.0992118196842481,0.00036560030417651915,0.030844567611199823,-0.1217578147941785,0.06006941659625284,-0.06715009514782347,-0.03808620733686599,0.005277598181781664,-0.010392656847460763,-0.05864381963322426,0.034837955565902835,-0.020195279696024578,0.029808223118955677,0.026108259162868692,-0.0075973240515414325,-0.01095851191922435,-0.026640468886324622,0.003905017128872399,0.04734463809978811,-0.007898583403479514,-0.010116897291438547,-0.010730919304931126,-0.018277881835707402,-0.01029352186407615,0.06621148348491702,-0.016443753715342176,-0.004416376691509943,-0.042140501103775645,-0.01655512760541235,0.010987042461705558,0.056251369257596696,0.002212965956556929,0.004743343409053064,-0.023738291943635408,0.01405505041745321,-0.02251187420702117,-0.004278588086480271,0.019577128973854465,0.012584654844617337,-0.0180498455482261,-0.01701719991426585,0.01573356284118653,0.008521730661881256,-0.02381420617604637,0.0002563208264034573,-0.031324801409393546,0.012108393579972891,-0.03294986046942493,0.007403180319977998,-0.025959643857094455,-0.03266395866819064,-0.02870127284219887
Ce,-0.4820145694739846,0.06597133552939821,-0.052662010995442154,0.0479654852469336,-0.0504043827736152,-0.034714372187932246,0.0577453141801259,-0.04901423697886281,0.12342995467790158,-0.0988331002937434,0.09083294418698999,0.08933711960863568,-0.0696062344573307,-0.009983047192071196,0.010702040660464209,-0.04135516121772719,-0.008568736517819654,-0.03303209031233826,-0.04273768331980682,-0.05173433078117725,0.0018108993713102754,0.0028205207619424405,0.034271019937311416,-0.040464861055820485,0.019117119010789968,0.05048251265272853,-0.010579859257374695,0.0015503985976859174,-0.06224310311168385,0.002244046959208401,0.018342313649238065,0.027503868173702293,0.02577311095775871,0.03396033958365673,-0.040982171105340894,-0.011639496248508874,0.015199668269524838,0.02332831818359871,-0.03664594807538271,-0.003459728712913118,0.022896648632860898,0.032461293464960475,0.0649835206424348,0.007233112711934533,0.023429272692293945,-0.06793155259409336,0.023056126430886215,-0.007768872905459845,-0.03664284255275188,-0.01573868493872099,-0.02176382309087288,-0.03430369140947435,-0.07032773156148994,0.022557673157799545,0.035694401473662436,0.0012947135232454614,0.051116884429422714,0.025805950293023835,0.01043848158531913,0.004133829715478302,-0.013350247145961582,-0.02415227656742633,0.032847780353632464,0.026016297293349814
Pr,-0.44861119190991955,0.11970860275409363,-0.06187017275030788,0.016644844733321576,-0.011362352721854745,-0.0070975337102581375,0.005095396515483159,-0.048620506580025646,0.15205911994834037,-0.07507016016365924,0.07443823981299796,0.15230469467536648,-0.0910685095533993,0.019220326308321403,0.04279201344703283,-0.04233974568966096,0.04679795191966932,-0.024021878393593165,0.05848501460108382,-0.0650147846972019,0.07176134683011383,-0.039112227662417544,0.02437892084518584,0.02061540839912762,0.007136515146350334,0.01780316867059745,0.024305120478693057,-0.019495017590874256,-0.015666578060539338,0.054933821920573334,-0.06459502847996398,-0.04790082289744773,0.0035939561329285325,0.05329464188157782,0.015125862717843866,0.01829319050161172,0.00466214831710522,0.05740989196627911,-0.021096908891827977,0.006918144105576636,0.04625316464162998,-0.03786884685407667,-0.041800918420910264,0.0023576601948992653,0.09376754611277448,0.0033190512303635255,-0.06981550599434551,0.04890469297810809,0.024871139953483563,-0.003451740659958878,0.018573305027760712,-0.05918540862765316,0.0034957105358637496,-0.020610573273459745,-0.034707343025451025,0.027400812655585145,-0.001106675011685918,-0.022162015994699233,0.011782267387613893,-0.019511535171026276,-0.006039549719009758,0.03995448604898815,0.04911373155509398,-0.009291191598639774
Nd,-0.4611581440750518,0.1129534950095065,-0.07484937132838139,0.08561421984558451,-0.03560288476268619,1.4897203544917296e-05,0.09070403589392459,-0.08154262490454367,0.06038435714641323,-0.018659633912290755,0.027801893355396453,0.10370024121144529,-0.04743793903419468,0.012959162776749243,-0.005194105107170213,-0.0312815824838699,0.009317739038662764,-0.022956864443595217,0.07104463497969547,-0.052882311703584414,-0.019202695449746517,-0.025698121321472377,-0.00957999141596689,-0.018910543864341944,0.02097160724005082,-0.011598203393777524,-0.08427334410585244,0.08024144313389345,-0.05459900092079129,0.01641314294092813,0.06203967830649219,0.000165481105565098,0.04178723810486335,0.02886437706346027,0.03751432991523038,-0.020019311819837557,-0.034464835018712635,0.06053179871989056,-0.02700913833654712,0.02003207756433533,-0.01308938809178521,-0.01785228886233596,0.03330864690213998,-0.07445813802025192,-0.009208939377978212,-0.032342677506504575,-0.05341826637898876,0.032520747620298246,0.013934539877080472,0.029348483927034673,-0.01593205185504992,0.01804155950402993,0.01841176909321276,-0.0051876107318928845,0.005398299564833444,-0.02218440742430057,-0.011773287224732804,-0.00018364605783713093,-0.007449837645822473,-0.01789414058044299,0.0697694730793207,-0.009328312264423056,-0.00022857182609959027,0.004388025824198442
Pm,-0.5198206915468991,0.11012972077454548,-0.039818359090093625,0.023347860225089945,-0.0717175300607515,0.1647492459427773,-0.03346330147451731,0.0450142317835633,-0.154635721651039,-0.029568858442864922,-0.055980810965180705,-0.0489088226633903,-0.024810502058919114,0.056616317403280346,-0.01794051176525688,-0.09022101043180267,-0.054880266438987406,-0.027383475422516467,-0.008433483927459708,0.017428226472778443,-0.01693462060790949,0.035105899105719415,-1.74948332801736e-05,0.0006702762252062713,0.06789840012061983,0.0031459405751576614,-0.03258403389132946,0.019479642680359295,-0.02448354800045515,-0.011232906628101632,-0.025808139883157034,0.031332086221413535,0.03500867495951771,-0.023048951744773213,0.08754404386984954,0.022868038218608153,-0.006202795609913638,-0.014569720110367728,0.04963268193211328,-0.025136504146630618,0.02095479831929972,0.011543878530428002,0.02212821347180011,-0.03547482645372521,-0.017115377033188682,0.04598342334723855,-0.0518535179277885,-0.03525612387218192,0.05052051612020866,-0.06008970658364742,-0.034754691931590094,-0.0283635474802727,0.06894562814509587,-0.00978531489479921,-0.005471048266437883,0.045345972568151274,-0.014368777073601407,-0.007766108259611018,0.009036152415161642,-0.015042171590924455,-0.043013350260960086,-0.003915847227147209,-0.016326685343129716,0.0007430221892184532
Sm,-0.5044714983441511,0.10293579485308346,-0.02475981118202433,0.0547760111304796,-0.034402781072760895,-0.004739851160844155,0.10464982307120672,-0.07977153380658901,0.07262069984875248,-0.05108884247981192,0.010491479574867166,0.09463580233870142,-0.0540698775439321,0.0317400971536247,0.01855835186684999,-0.018397626232272292,0.019591263786623535,-0.04271953227466639,0.043299640592390054,-0.028733579252161755,-0.004602968495492603,-0.00509144180897297,-0.005053842256238399,-0.036954477829556125,0.04053079941983755,-0.0026191080898131094,-0.06797248815254556,0.07443230501865697,-0.040443489920680566,0.012062461523490962,0.024070684243599184,0.017231459586342385,0.043260182128722055,0.019944542398308195,-0.009348515094896244,-0.04505653741622285,-0.03946685576488353,0.015026235281123231,-0.043515694020976776,-0.017184841293214653,-0.013332873730291059,-0.017993207128101492,0.036129870473859294,0.008947528565530336,-0.009325844026486636,-0.0322935756659898,0.0005046907247535762,0.0010386642080052071,0.003186570139431595,-0.03686223038245075,-0.030293035612565456,0.017878864116591262,-0.02379975682897889,-0.017106311488811594,0.012442781877108785,0.01693300817373916,0.019852853807215156,0.00311343945724853,-0.017859906857431142,0.035046325472403904,0.022937169588901286,0.023809151807622473,-0.024677673903863977,0.022188609638666576
Eu,-0.42115046898515174,0.15541664016582118,-0.16872686502109366,-0.01466221368884027,-0.04145030752226388,0.1431818236521483,-0.008617386386428708,0.02441119393968538,-0.07304802218228716,-0.09179521516142099,-0.020527772586355998,0.049458928473840105,0.05726972182548205,-0.06371624851006297,-0.006542630798895214,-0.0812921202925255,-0.17526994765028417,-0.01989690364800301,-0.22769948400903509,0.0185611182405803,-0.06139676995223851,-0.009250584177513909,0.03922256008093155,-0.10248549312497778,-0.004370080580027737,0.06885284138652063,0.040882203347803965,-0.060317684830517235,0.04135624586792445,0.021847692129093967,-0.11275384169601725,0.02475087969048861,-0.01880034533489493,-0.007925245354926742,0.03954272077883011,0.026461099764199806,0.02407291599084967,-0.03660666354910683,0.01724479274163314,0.03600613326791505,-0.018364342246112896,0.05841196901880223,-0.04310429874065415,-0.0005280626604702757,-0.007926054529891764,-0.008667775481041029,0.006121511713103485,0.04443563360860614,0.00011093186034062678,0.01895673904988393,-0.01061507556196761,-0.01057216595075375,0.005013750965592795,0.03168442247102806,-0.0005535023665563026,0.025482061090525865,0.003924922745910403,0.01185706251536056,-0.046840131218750004,-0.012981075195237385,0.039734442096620776,-0.002736327442449585,0.0198568320593903,0.002117077502077061
Gd,-0.5225606218770147,0.09810731622712277,-0.12179012727107599,0.055893810542484774,-0.02396869464068904,0.16155450889447454,0.04094519920631198,0.01838632153973434,-0.08728567424039098,-0.08392434801209522,-0.04208563475053388,0.054946697139484045,-0.07148289867977071,0.03243153016515652,0.02449223574335963,-0.07641443275730354,0.03584992311120169,-0.03603571546298261,0.021303148992363883,0.007914940586151881,-0.01604990751162174,-0.036570276073320244,-0.01658836781338429,-0.03421801987379685,0.026733648996360545,-0.016789002400939883,-0.04720079810327268,0.06169229520983982,-0.03883430812593631,-0.029159844191636974,0.046663523610529875,0.03860725583953118,-0.003934424167983302,-0.01357641677382269,-0.03526022014271789,-0.05821846917761337,-0.006097748380468043,-0.0005725669951513377,-0.05914315583299652,-0.013826863838342227,0.008721796316619639,-0.009023732368501815,0.0019626045020144168,0.029946733147534,-0.029661559160346962,-0.035136301270365745,0.023653726502984564,-0.008493768341369966,-0.02660153010255234,-0.03471917091170654,-0.0261521921224078,0.0023734261957055404,9.202356520694965e-05,-0.05666296189568527,0.027003473846564204,0.016949144126843254,-0.03935760450990472,-0.0006467783524437343,-0.02442579676784522,0.03025013823634542,-0.016554304652281228,0.05710794734706755,0.0042253472629732525,0.013291588129069146
Tb,-0.47266135599999715,0.059855723646689195,0.007956254852675352,0.07647838524476283,-0.058726376951990934,-0.008431631162894573,0.09852424644393251,-0.12037811948575737,0.11574350068044006,-0.07515778112996788,-0.03839753004507905,0.030303055640081372,-0.004552759871023212,0.10700579705343512,0.019050732696205417,-0.01919905905219866,-0.02322944557319554,-0.011617352804200403,0.020220636995109925,0.03672154170177458,-0.05747003091561505,0.06010046736061361,-0.0031674687149568677,-0.04024510719233171,0.05630167115070889,-0.05399040891824151,-0.04321258386111446,0.011828469514611526,0.010193393228989137,0.014317826470441365,-0.010502672438424811,0.012919774102324694,0.02767953011441783,-0.0027782843475379184,-0.020617188481619326,0.0007404019547441376,-0.06178776428881741,-0.01513093096554115,0.045680659827322743,0.016830019328815483,0.049185819748678215,-0.018045582219449425,0.0070438935439663475,-0.012661844311446867,-0.00038159643480166044,0.024958830670829553,0.03960507801132028,-0.04032886712864773,0.06638578924618807,-0.023969610324677378,0.024717725735497173,0.012160416839209225,0.033180917806540436,0.04758653794259236,-0.015253908340225657,-0.0443269417692626,-0.05939687594985304,0.019549265766612246,-0.021374202141534623,0.0692689347686471,-0.018523208554673657,-0.036703541304007437,-0.03264716188558283,0.0030746342758501003
Dy,-0.5064124669230284,0.05565041232058024,0.09765426012558637,0.05404287159428174,-0.05425322435114234,-0.07640827009203871,0.03997521147972713,-0.06091066398505466,0.0716290957764206,-0.04988411640150165,0.049817417663626934,0.02934977180027615,-0.0870903539530374,0.09799331693517777,0.007797569564312592,0.025808584904063007,-0.009009058407505056,0.010294240050436389,-0.036927618611100804,0.025703415335888966,-0.09293590731106537,0.009692787690264066,-0.011907801636361688,-0.020911924912784603,0.025023840732038175,0.03464749564323025,0.044715749816705064,-0.08301975897781103,0.0033473986806612913,-0.04954953060500249,0.027031063713262738,-0.05411143595054691,-0.021191312458131075,0.04242002455421778,-0.013977688340777469,0.014003717581212145,0.03412986710597471,0.004358914697826537,0.043318590136937514,0.023104917274237424,-0.04193362730215091,-0.014346418075814249,-0.010197582414678113,-0.0011352625995509117,-0.00022652051729053988,0.02747026475521855,0.0013742192392596812,-0.020346168594068563,-0.00291066118858633,0.021019465740369517,0.012889468852014078,-0.014359133572313944,-0.023845323320324994,0.014400158304454742,-0.030836620489600244,-0.008357197684476177,0.018398523753871902,0.0191160076510608,0.008111875638551268,-0.005579828907503533,0.00025378883790215696,-0.036896145778654715,-0.006878896473331702,-0.015260468424803787
Ho,-0.5173887707646916,0.05690076347106231,0.10944017019972997,0.07023338737201365,-0.07093023701792953,-0.06493177402001375,0.08766815183011435,-0.09216454301467776,0.0395382455291201,-0.018093384174303884,-0.018131039283174506,0.016477221097796802,-0.0472319276936236,0.10958922028176409,-0.0005805296194583982,0.0603928680240743,-0.018548711217556423,0.01928487211614148,0.03368076586040351,0.07167086355525895,-0.08701742004703307,0.012625693357556195,-0.04314206207139749,-0.02698490125634913,0.01149792769354298,-0.01768716292895654,-0.002501272845625341,-0.005850532007663524,0.003676092195288071,-0.03393834101273609,0.04479820277432503,-0.05598174835921035,-0.015404097294106644,-0.009552579996869719,0.006743452644112575,-0.026771327777239406,0.002949378236162034,-0.017464473491777145,0.03819079934637323,-0.0016437720030218037,-0.030319594289747318,-0.009456122354902508,-0.03858203307877685,0.025901184547524374,0.015235219610582546,0.02333887157736473,0.007144355132523283,0.01324165621781811,-0.044384366862615945,0.02663569218125471,0.01759238820994044,0.0013905487445777837,0.024315160508808963,-0.03470716478355549,-0.010855336502763626,0.025007842686873213,-0.015626305365320586,0.009189295562533138,0.05017663287806924,-0.026874108993286044,-0.06385788591660059,-0.019313941354005174,0.033749055137060495,-0.00740312189143381
Er,-0.5155712667461321,0.05137705035243807,0.12181271143695438,0.06977098012346798,-0.06604270862657116,-0.07019637797789668,0.09615979735915595,-0.088697519032666,0.04913944587576133,-0.010293810052307685,-0.016693925648348623,0.011199596233862187,-0.062091521454553315,0.10764010231222523,-0.0010840013908553752,0.06349170329112401,-0.005883478083474886,0.01593261016207973,0.03338833607049054,0.06152180684817526,-0.08526818963142764,0.02613933058515194,-0.042032127445469726,-0.034169417539748656,0.017335371896175816,-0.009672538665599011,-0.00014438691681148183,0.010180311440942365,0.016132678316208415,-0.021090638330236722,0.017990344017999437,-0.06687879825486194,-0.01173789254598255,-0.00036423176540148055,0.021177570048216715,-0.009856184312809142,-0.007412487856681097,-0.05358203146786571,0.025603979537435352,-0.014889621435598814,-0.05378454182729888,-0.0034731702041286426,-0.06190823667103589,0.035002697627466654,-0.007962088993468145,-0.0005075848355059555,0.02363840775814706,-0.013133981978427349,-0.032128955847490516,0.005928981811837024,0.019217357965677417,-0.014217509710815847,0.018995428453767844,-0.034836219862264144,-0.025300434195126974,0.04105269555054288,-0.00827176146862235,0.021825774418889644,0.03231781513433224,-0.020684941646328385,-0.009982918465515725,-0.013465300413783276,0.035627780659075195,-0.006196245056306461
Tm,-0.45008396747261986,-0.019531426557002733,0.19812810857003252,0.044657433533341534,-0.0534421571238709,-0.05635556223586457,0.05332575972752059,-0.155058405351452,0.0030817845471624618,-0.007058511136636978,-0.05238339950541898,-0.061910537422462344,-0.027609432729522928,0.08371595352661594,0.03531942983095361,-0.09425877137657365,-0.08761835607339105,0.07028889846999385,0.007332484760036187,0.11526896520538576,-0.026824314025695545,0.07432409449292458,-0.009152553688589376,-0.00019184948024556653,0.023449676955222463,-0.0349982497773283,0.002579881656519866,-0.009651777480340032,0.02805541229082928,0.04601877124664876,-0.018895404702738365,-0.09944713349021564,0.005738464479776352,0.009808041345796032,-0.00939181307460851,0.04650847181568563,-0.03082821241358783,-0.01401113337326025,0.06004546586080943,0.00574171168079254,0.03884683524702582,-0.023106640931693484,0.010061502260844126,0.02001131955617929,0.009648885492356724,0.02666221958000897,0.03524425254655322,-0.03886999286460757,0.04710580376681123,0.009454469061777092,-0.009207263917924235,0.05569107124452992,-0.058948629143713,0.012510050011474367,-0.013704315958538035,-0.060932464875189475,0.08076815555065162,-0.037423565835483716,-0.03921063142120502,-0.047617325677009416,0.03462974932876725,0.021383667374723806,-0.021890749637400685,0.019568152778139343
Yb,-0.40669397516761874,0.10944141820983906,-0.019176547713126407,-0.013395670045037552,-0.05924865425278453,-0.05788675443718777,0.057698722618429794,-0.09978378940899559,0.055780605034725095,0.02506007874555345,-0.03849351439790276,0.11065235498181947,0.15746437443732447,-0.10331867020057077,-0.07639048904142517,0.013021184811311436,-0.23227784892822895,-0.06016074347353534,-0.19271394289609226,0.009614054367547992,-0.022261191583142086,0.04469573051760236,0.08954665204151666,-0.046521470741787085,-0.03640102177837432,0.015492000494096755,-0.03321362448472,-0.005803692108466434,-0.0038256764149392102,0.07444078308578657,-0.12936713677153844,0.0712381357421042,-0.013851740859123246,-0.03830793408145147,0.0651879355221519,-0.045307868744012776,-0.026842487020395267,0.01933815048821253,0.03173999382148503,0.021681240523219725,-0.010411698083997771,-0.004140718969786645,-0.04995202851032398,-0.01583985071807334,-0.02770843679966125,0.012428457857678404,-0.001625316061038046,0.00010349549436917531,-0.06104205842100432,0.016347574741668296,0.021689750460545144,-0.00251822720338883,0.013126926648287343,0.008513710499395517,0.02188543020463339,-0.0299344718962441,-0.009419035805070228,-0.02722782222262811,0.025389684437921334,0.02272635948503684,-0.006354700049704758,0.04899698885598408,-0.02937401778182038,-0.04380710598573131
Lu,-0.36365918339511605,-0.030278608726181353,0.11770176404221407,-0.008270277718534806,0.0713960016717687,-0.10648855337187393,-0.02533656737350734,-0.17231498499852907,-0.13731005998461088,-0.011272210597337271,-0.0827035495151246,0.09836804340811323,-0.09011267643053238,0.013511554942663883,-0.05612091872651607,-0.078718021979661,-0.0023133336405146182,-0.014911001054037991,0.04029399099371773,-0.044506661199998174,0.21105641421304602,-0.10878741693294246,-0.050114974693373976,0.177486252636633,0.02100872071840322,-0.07040972504363757,0.013553249569726146,0.01473320725950041,0.05015039690773325,0.035098787221476156,-0.07547216774900996,0.007926638645689986,-0.005644502313726343,0.027195373130907582,0.01760111195895267,0.12334391316436635,0.06259921184780237,0.04418924595163659,-0.06592424326615526,-0.04222190684035658,0.07325032958501611,-0.026708174059904638,-0.0011773412913237435,0.07124947334264874,-0.019335271331916717,0.014571887884683044,0.007886462167854946,0.018406288301667784,-0.02932452117586663,-0.016072978449133343,-0.013335312851180947,0.007452560105400607,0.02721445064910714,0.05049931869419065,0.030877607923099244,-0.00830095410358884,0.02463965950264025,0.01151154296060216,0.030402844951220226,0.016662215966643527,-0.026011619233566815,-0.032748536980218824,-0.025281442726757274,-0.043525626595963984
Hf,-0.17813725572287414,-0.26923153115620113,0.14675032735817398,0.09997679331375708,0.07264540809141286,-0.1470183884103989,-0.24707203796197405,0.027271054560166708,-0.15533424711891847,0.055395987494375507,-0.16902120238438328,0.0042868627452605475,-0.032592509551886195,0.0756546293171566,0.11085593317184864,0.11433032271470367,-0.1133693757274793,-0.06284634685579081,0.024640353673095198,-0.09933616934648608,0.0005156442293361228,-0.04190593194704408,0.08382772294419044,0.0016332211642136512,-0.08687912065716602,0.01796126794258086,0.02448677111494064,-0.06342557281816677,-0.02875472123313049,-0.034785251981797945,-0.020742164234803247,-0.02211605827132875,0.061873629419996544,-0.0022088190952193145,-0.009296255174033582,-0.07745918833024965,-0.03731613898298853,-0.04239550300887241,-0.0005723408994489939,-0.037768840811251043,-0.052734044013309854,-0.023560539213855654,0.03894604217996152,-0.02108797974656612,0.046077711105593666,0.04268661836091289,-0.07523584649613019,0.05552064054934146,0.048171340156493055,-0.035115277508619265,-0.02274103389072513,0.02956962163099943,0.028586852998638126,0.004574301810378836,0.05468976480149399,-0.0011341756916410759,0.016039472701937445,-0.0217177489850514,-0.018560788813903484,-0.010216258037232293,-0.020017780740480842,-0.032475588321805846,-0.009487907356103895,0.046560009363774336
Ta,-0.11348788684193252,-0.30955172755539145,0.07152164297225039,0.11569306689547224,0.024625112336835866,-0.08639576500620495,-0.24213515102102906,0.08397337979722391,-0.1354408132193513,0.05738881179813646,-0.08572653016578247,0.09794158185672447,-0.07913893614745798,-0.015968542310044014,0.1089424374774836,0.16688215179536905,-0.07763099639760121,0.003721431224412115,-0.05051928343133313,-0.06864188455306244,-0.02075024122935001,0.09871186796138579,0.01829220648156523,0.05148954696373826,-0.044321089162247196,-0.0761669955353791,-0.12066582213990051,0.09873118600026146,0.01175183637149954,0.01982430511757691,0.05656477667708538,0.0025477933293022582,-0.11124068170799839,0.06711990456129241,-0.038067690118017077,-0.011672251013813221,0.06383280498505303,-0.06699357762109867,0.0011926093542224978,0.04759787848683977,-0.04835006847741247,0.020260988656559488,-0.004859303639221364,0.013129810091154938,0.04326008687301936,-0.0071977958763157325,-0.007987426213134401,-0.07688166416327218,0.007888467386015664,-0.042011965913565874,0.020321460588913178,-0.0018227807478803633,0.0030632378317274845,0.04243916071323192,0.0028631404380682693,-0.00034554526340107835,0.027871279011001913,-0.013657486720436932,0.01893030394602701,0.03695317951213344,0.04174286577903999,0.043409865435489664,0.01651895491475973,-0.02052961251679066
W,0.03635436260809776,-0.3994497374148109,-0.007619610050944401,-0.005165871133730418,-0.022354817255449713,-0.08980909719032135,-0.1504781293882969,0.027078110216816335,-0.08980535254495131,-0.13700160310481937,0.24434695620338,0.10058134580840852,-0.004643778879407371,-0.030768916283407242,-0.007085636173467034,0.0025480650105415884,-0.08394019468590357,0.01329688267401232,0.11558836965620237,0.005825659631802606,-0.0900417528962402,0.05769126850908796,-0.0401406595316608,0.05409424493668615,0.02502358930085531,-0.034502216559616945,0.13626476134248192,0.06968133712686486,0.1093218907819145,-0.03401902265205191,-0.03719267151597171,-0.01700214222304303,0.021210362435638053,-0.07128295064786754,0.02862814671225474,0.0038032103499954844,0.026463748721687528,0.03940365852685914,-0.011302240736447899,-0.052729389246641924,0.01590530697093454,-0.012937577499712666,0.022057272433057638,-0.024932109473180298,0.01435179390527383,0.02366858560455661,-0.008737146008710521,-0.07841229313032709,-0.036659781065644007,0.07361639599265812,-0.035294630362537285,-0.04889544081412547,-0.00945149455000708,-0.03544171177835852,0.029223380005900437,-0.05263775747172754,-0.039818500639943306,-0.02914695522131126,-0.05932448982103517,-0.012159212583719933,0.028249801649962283,-0.006104586590970469,0.021472094592583743,0.008705949179369968
Re,0.07315127910820307,-0.4148194288696823,-0.00126838546948281,-0.04676070511363743,-0.06731205877410784,-0.013248775959575597,-0.10959731983039109,-0.03092459181037482,-0.11836057401155851,-0.11425353817242943,0.13758687759235408,0.2040762594096897,0.1902943051985143,-0.014692857856590951,-0.0019643273246508696,0.0632735589566301,-0.06735637649994614,-0.005589886749791983,0.026167583712344143,0.10092063041626381,0.0678820343431727,-0.031088195975481524,-0.11139193124870866,0.07433389611099926,-0.06924789434386122,-0.016199509390552428,-0.11272830048732371,-0.06582184036833409,-0.007960885995703586,5.7971988391667303e-05,0.004050995020300123,0.04355854071872236,0.03866800096902666,-0.05637424625702479,-0.04730459040744363,-0.037036162385279445,-0.05575575113776868,-0.015338061572506742,0.03522338737526155,-0.058625362676349976,0.01371829101106279,-0.0029976803420932803,-0.008310480169026484,-0.03171374271688813,0.0752056791738412,0.014739624163163153,0.0005865924624605486,-0.013669723266168301,-0.03243653347655949,-0.05339732182880917,-0.047189382058091124,0.06489247737939347,-0.04112001925261731,0.02407538989710407,-0.043210410127767246,0.018205494047770828,-0.013205459327264558,0.008694038956640778,0.03957006799415962,0.0004447157230458589,0.009923917342657879,0.001874159146911745,0.039063256859019235,-0.0258756223206588
Os,0.1946685955644274,-0.3675684788743665,-0.18169811964338792,0.017170685680513102,-0.17132654857780527,0.13312507039691485,-0.14092019319977978,-0.1994621754181653,-0.002712627661711715,0.0044728754729938865,-0.01802227437550315,0.024290165904367833,0.003531159489165905,0.09607926676442208,-0.10066658705518342,0.022328754098149755,-0.029082079204360956,-0.01881725463438307,0.05176382108661856,0.13178484604157517,0.059495870795199406,0.04811910636456732,0.08240059902688751,-0.07825410761823154,-0.10927533909027701,-0.09930141715467086,0.09015662156793688,0.061643584375325224,-0.07317094419160132,-0.019810094044465685,-0.02748267835495169,0.021690511721442166,0.0696427885169586,0.05377035812709843,-0.08988522868489612,0.07624327390000718,0.02877949709235283,-0.04267442910371046,-0.02079982304175195,0.03386957282363083,0.005865336386909829,0.039743232243703575,-0.004566872782210222,0.02334850187912438,-0.006226630732073536,0.05182934741597205,0.0005015544835017688,0.0066484712773692625,-0.0007628172444962301,0.008574968183191726,0.013077326834903579,-0.023983969248259233,-0.009928052236256485,-0.005342621547347763,-0.04939241565817765,0.025757448254565354,-0.0037315192249354145,-0.004088885479635641,-0.004596152222529927,0.006545525880834967,0.00740357973790007,0.050413534561178946,-0.0037053442543929817,0.03892120355877887
Ir,0.21386114108100987,-0.34896088077476123,-0.20985305169972102,0.005306002816968587,-0.14443315104433804,0.10470915787502327,-0.07065793566662479,-0.24066381875991202,0.014664543606201315,0.02565232068349061,-0.025774627815635665,0.014862185134387446,-0.00830996291478562,0.13827657707592259,-0.09324139414584601,0.008247544672374455,0.024826439632942225,0.03535462241265593,0.04405771322708952,0.026005749265715895,0.06702565572262478,0.09968248057155295,0.04573100593568882,0.01145829474860583,-0.051653676043957014,0.027940421410307226,-0.03320873272578787,-0.05588512271168802,0.17121719918756947,0.06896103470468269,-0.023063472652214933,0.012705919101612692,0.05128964842480651,-0.003987550640159169,-0.022025168060391734,-0.04275169118830778,-0.007905609538930498,0.007125548186770022,-0.07383283093337664,0.10294710260218032,-0.04926445747754539,0.03172298744854041,0.10648385799310596,-0.007123543077749156,-0.02229207350089297,-0.014845554134411122,0.030048893990002497,0.015925313443002156,0.011434822932183644,-0.013773943185541147,0.03753973213074184,-0.04981922478767046,0.024110931166403612,-0.029678221349655382,-0.03480531873623128,0.0007812679612199227,-0.02183919925617675,-0.035076619904732854,0.019110500195604504,0.0015919683962160348,-0.010237504358397641,-0.03477573685205565,0.018143533224054594,0.010329162885734417
Pt,0.2589963846243995,-0.27833412462816726,-0.2648525019489078,0.042611199984176486,-0.15703498553933934,0.03326623543738584,-0.055875309503258475,-0.256645802856626,-0.05914206981459925,0.06128394518439915,0.006693641241460502,0.014588039365885897,-0.10548511632449006,0.0740314372446563,-0.048165727141639525,0.0013495082327002832,0.012620271673397772,0.017081323170261096,0.023886620188392674,-0.06472886450874576,-0.047512556309394806,0.07926044651709183,-0.009963219470911451,0.13351719502940265,-0.1111200249112953,0.15165310208595126,-0.05187652541233015,0.10758640811516143,-0.04582159990127905,-0.07260900887622815,0.04453205089841082,0.03661686870711768,-0.027819176813913975,-0.090988340821121,0.06814763995376594,0.04499543722444786,-0.05170020432715903,0.06309141852503374,0.009040761975194116,0.0417750248686041,0.0068500309320060895,0.003551121662699942,-0.07939810728880682,-0.03467366871514936,0.0028702171535739483,-0.08204605086339026,-0.028916531800199454,0.03990278038111497,0.017288627139947523,0.0040147348589009485,0.0587569519290546,0.02070498325576469,-0.02134329057510852,0.013262564502420304,0.02163842269665382,-0.013599582513093952,0.0002938035923712274,-0.018335661911254682,-0.002410062908668257,-0.04229426786102233,-0.018574913244651818,-0.006302269554985752,-0.010396402600313794,-0.030034934636740885
Au,0.31379615250550297,-0.0837646014150324,-0.3711956051414588,0.018140609165464523,-0.13897589413506847,-0.04325113514491312,0.04469346778863711,-0.2712775071988636,-0.0681976867856104,0.010868671009769815,0.022122980706563065,-0.037079386975256874,-0.015409127338923388,-0.0739840004547104,0.1268090822763437,0.056394319098352505,-0.11741161709717265,0.05339177188448791,0.0003448814948758745,-0.17388647280590008,-0.09286792104279287,-0.05821038863658554,-0.11929013456077348,-0.05144676009186727,-0.10479506625227698,-0.04326167891881762,0.013627398182476285,-0.05717619329618031,-0.002133997337099362,-0.0039287126349531595,0.10166238958487483,0.007783499084703089,0.07342024827058741,0.010819617259892184,0.05538576831146383,0.04336689656116034,0.08823954188020365,-0.07858928673893421,0.023334807572238932,0.02265098245355092,0.029110552021142308,-0.05618055125174927,0.015148489935377277,0.06646845293363947,-0.051566573676500346,-0.0454167598240275,-0.06060172071903814,0.003430324540541298,-0.04522611650686344,0.04430708980402093,-0.03512228015645266,0.02067282034080225,0.026426011544421476,-0.008852437489922484,-0.04833764085493321,-0.016861097311657462,0.014149224865306594,0.0503127726071911,0.011157337157864251,0.016469850474731918,0.016021573259123133,0.006455780968870082,-0.031055563096938195,0.014841823944794306
Hg,0.24612267587653372,0.014544868465414805,-0.216988963832967,-0.03906012394383777,0.13701921897192623,-0.20108211056089187,0.2063575850462189,-0.1941273297656045,-0.13127555512367528,-0.11229673036184021,0.012261535556624441,-0.023987582181998104,-0.10265110168107805,-0.1348393103105704,0.168365482460963,0.026881921337748048,-0.1347199122151777,0.04842694753475032,0.04609789597666592,0.20096963564869877,0.13746865409846618,-0.05948989121383121,-0.0017207106523111637,0.005153009515530409,0.0065947393176415,0.0538352674933569,0.07996657994056788,0.06878254527066906,0.0001489565077461302,0.01685310004294889,0.04658487761404752,-0.03148894592446785,-0.11883722675591739,-0.04132047351590828,-0.04465838091660191,-0.08391301744412194,-0.06125525550204784,0.0428996147750208,-0.06961939785559611,0.06432738848881563,0.005065210030851512,0.028837745450109274,-0.03834308985279619,-0.029091042484187795,-0.03065398798367391,0.0447624225075758,0.01789967932102937,0.022376556261518146,-0.019008552729996436,-0.024712240590054686,-0.05096735422419696,-0.016916128784930373,0.02044915725314885,0.03631026512143707,-0.02768195118206732,0.03736872846955429,0.013861299507590857,0.02971580315270145,-0.040233778939959636,0.0010438772916832018,0.010895180498630176,-0.03565110499872794,-0.012125842124611973,0.008432404134886906
Tl,0.07267458288063439,0.06017696285063808,-0.06876485024347233,0.13619806450903355,0.39352450498141467,-0.13777914094502566,0.020405859007626957,-0.12120034668680926,-0.09782606037446037,-0.2892455643501568,0.03841904673602252,-0.10655819100386967,0.02268703306242417,-0.04503338903223329,-0.11919867251788673,-0.02004069435248748,0.035005617063162124,0.08608179656926479,-0.04287878188418229,-0.0462448811049796,-3.270121200962883e-05,0.05089042576415943,0.023145563789947053,-0.024441382340937467,-0.10272899750671546,0.03501206230968971,-0.018183036873786265,0.016783198700953246,-0.0047540794810793,0.04129307934821038,0.020277787466552396,-0.055639432906296075,0.020991879419643016,0.03330184932860992,-0.05051103251857508,-0.0006697959492333243,0.014203161996454453,0.038285663272858136,1.3393806516666664e-05,0.04291182699431884,-0.011193398592002392,0.03139771398542521,-0.0009982220864698734,0.02864817198386992,-0.01642335882384789,0.07451130936305106,0.0013296666025992396,0.025053570417611366,0.051533004302294724,0.007802082919693564,0.040204202191741555,0.04103395396912876,-0.05418006089881791,-0.041737660728841317,0.1008460603952914,-0.027886080506409474,-0.041719355841221925,0.04789868872600244,0.04051377450913443,-0.013931735078924567,0.002272079189716812,0.0400390138522866,0.0023251242756213595,0.0001994469963895928
Pb,0.06814807990057883,0.009312030299691878,-0.1428292245191401,0.24835910078205972,0.29649658752043484,-0.10428525958957093,-0.08527802273288125,0.08388459647383897,0.13023220777701563,-0.2509022396193602,-0.0816039763345533,0.031990020680387504,0.05309650710504263,0.018227280990196805,0.05918574089842244,0.044002388333872045,-0.009457198543782347,-0.0027208676056485375,0.12246873458231808,-0.006009012924940838,-0.0299268762161374,-0.03802787604866384,0.005016827508766444,-0.020869404676185425,-0.08434415509707202,0.12293155409123312,0.04312016986511729,-0.0857922532066616,0.005760057890428235,-0.07028286811678662,0.020461637591071974,0.12354329317688804,-0.010892357762029379,0.03661508767060813,-0.011103646413506496,0.06617540062197956,0.060649765959376184,-0.0002082214814284559,-0.001928954857996034,-0.048087211374965994,-0.07126696674804575,-0.010241534431244408,-0.028730377966028932,-0.04917146786239609,0.007372083922350321,-0.044511677977440066,0.07605630115315107,-0.02558348460284115,0.057085533188204446,-0.015682052253471596,0.01907839311611909,0.005971411999540829,0.030006976049137865,0.015930744915616406,-0.02309263415549664,-0.010946548617540422,0.033874449702050384,-0.01244884329301905,-0.03455645564251743,-0.005235063981873841,-0.0445517156071963,0.003568322823518542,-0.0277703266724688,-0.0030670854548497254
Bi,0.1258084851205626,-0.002051456459351907,-0.17563114353248,0.31636428700524105,0.2151465196556458,-0.11348761099179527,-0.05923334331686167,0.12078155940609307,0.1594489433448174,-0.20151012110911,-0.0757461164788205,0.10371215041297625,-0.1305715714739498,-0.05672214560607403,0.003977872428527271,0.13587108787482863,0.04867185079607564,0.009192424781297589,-0.004408986131735326,0.044092159878058805,0.015703869722831453,0.04654575109316079,-0.0303229374739359,-0.01890561113083504,-0.0736092830887012,-0.05093013268019381,0.01158737654073499,-0.10477844312985866,0.010077307874934526,-0.02718020546007781,-0.016266590435459524,0.014230961561151317,-0.07551134706894475,-0.05917756427736198,0.01454261905048589,0.00841983493877189,-0.0046330067131353765,-0.005355819794877056,0.006158560280924552,-0.09453598936600996,0.04749311631743409,-0.0435249719053125,0.0401802493291907,-0.04275926143294331,-0.07572695129142133,0.010812823750754142,0.019367313262879927,0.04362563360417452,-0.007861644768167739,0.053644281994600085,0.024629013436072097,-0.03681903086403877,-0.02278629238292127,0.012832239353415726,-0.0015256498704638592,0.050761138345768876,0.0019332056652441706,-0.03215235619307923,0.03485538223669288,0.03316960928581503,0.027513506541862215,0.021337097735028097,0.008549239432730211,0.0023346142570870518
Po,0.0,0.0,0.0,0.0,0.0,0.0,0.0,0.0,0.0,0.0,0.0,0.0,0.0,0.0,0.0,0.0,0.0,0.0,0.0,0.0,0.0,0.0,0.0,0.0,0.0,0.0,0.0,0.0,0.0,0.0,0.0,0.0,0.0,0.0,0.0,0.0,0.0,0.0,0.0,0.0,0.0,0.0,0.0,0.0,0.0,0.0,0.0,0.0,0.0,0.0,0.0,0.0,0.0,0.0,0.0,0.0,0.0,0.0,0.0,0.0,0.0,0.0,0.0,0.0
At,0.0,0.0,0.0,0.0,0.0,0.0,0.0,0.0,0.0,0.0,0.0,0.0,0.0,0.0,0.0,0.0,0.0,0.0,0.0,0.0,0.0,0.0,0.0,0.0,0.0,0.0,0.0,0.0,0.0,0.0,0.0,0.0,0.0,0.0,0.0,0.0,0.0,0.0,0.0,0.0,0.0,0.0,0.0,0.0,0.0,0.0,0.0,0.0,0.0,0.0,0.0,0.0,0.0,0.0,0.0,0.0,0.0,0.0,0.0,0.0,0.0,0.0,0.0,0.0
Rn,0.0,0.0,0.0,0.0,0.0,0.0,0.0,0.0,0.0,0.0,0.0,0.0,0.0,0.0,0.0,0.0,0.0,0.0,0.0,0.0,0.0,0.0,0.0,0.0,0.0,0.0,0.0,0.0,0.0,0.0,0.0,0.0,0.0,0.0,0.0,0.0,0.0,0.0,0.0,0.0,0.0,0.0,0.0,0.0,0.0,0.0,0.0,0.0,0.0,0.0,0.0,0.0,0.0,0.0,0.0,0.0,0.0,0.0,0.0,0.0,0.0,0.0,0.0,0.0
Fr,0.0,0.0,0.0,0.0,0.0,0.0,0.0,0.0,0.0,0.0,0.0,0.0,0.0,0.0,0.0,0.0,0.0,0.0,0.0,0.0,0.0,0.0,0.0,0.0,0.0,0.0,0.0,0.0,0.0,0.0,0.0,0.0,0.0,0.0,0.0,0.0,0.0,0.0,0.0,0.0,0.0,0.0,0.0,0.0,0.0,0.0,0.0,0.0,0.0,0.0,0.0,0.0,0.0,0.0,0.0,0.0,0.0,0.0,0.0,0.0,0.0,0.0,0.0,0.0
Ra,0.0,0.0,0.0,0.0,0.0,0.0,0.0,0.0,0.0,0.0,0.0,0.0,0.0,0.0,0.0,0.0,0.0,0.0,0.0,0.0,0.0,0.0,0.0,0.0,0.0,0.0,0.0,0.0,0.0,0.0,0.0,0.0,0.0,0.0,0.0,0.0,0.0,0.0,0.0,0.0,0.0,0.0,0.0,0.0,0.0,0.0,0.0,0.0,0.0,0.0,0.0,0.0,0.0,0.0,0.0,0.0,0.0,0.0,0.0,0.0,0.0,0.0,0.0,0.0
Ac,-0.4265118613212973,0.15788130893807942,-0.1546183118173209,0.029350580685898936,-0.07945226799848923,0.1887529018619838,-0.06765522023629175,0.16234674947144645,0.03532326741815512,-0.02432979407853387,0.07376824618373744,-0.014188385696670438,0.023082504151469247,-0.0767541838505895,0.05081504171953912,-0.033300763090616844,0.13289904385264262,-0.03756243650819195,0.09203065530214162,-0.08897980779360826,0.0861299408522471,-0.1194265947352964,0.020362097741444388,0.09406756221603242,-0.05337345097702595,0.006253845834057073,0.12045559590550921,-0.0823408704822494,0.019642352669927025,0.03587211929108746,-0.054316333828288293,-0.0520268019465146,-0.07053268099508507,0.07650195734511893,0.0028230380648220058,-0.07743134475200338,-0.048389813650618736,-0.08019059853170321,0.02123667905732206,0.07848763596817547,0.04558579736213589,-0.037745216555172025,-0.04949907019116239,-0.04724431590204909,0.03245076540366237,0.006651417283908471,0.003312982363434364,0.01842452162626216,0.009664391205348833,0.019991750326160147,0.006578593162258325,0.04130796422758542,0.0060611643705010525,-0.024686433518219295,-0.03366184509893947,-0.06029083903701202,-0.00711945564304875,0.0173209890568752,0.038337237650067885,0.0148223884998436,0.02488629180099168,0.007201375159131895,0.0003176319381836089,0.02179775793652184
Th,-0.48136636661148613,-0.002591050086433374,0.06277459121357261,0.12415296340242891,-0.13185314101241496,0.036904851038654186,0.09794516284034742,0.038412603918079276,0.10562897045077789,0.07997707473164575,0.09196044122955942,-0.17532607729315988,0.05712359640906912,-0.037094126364700074,0.032370467676092425,0.11929513917205331,0.08949384513783551,0.04510915978193991,0.04929474640600359,-0.003718123221569581,-0.0007601036286575075,-0.013987264446546398,-0.01506948083076382,0.014566346810765572,-0.09020156261684777,0.004943957307149967,0.048895834585989895,0.0056143509696906955,0.01608368915386543,-0.004345022878921784,0.03161187453336936,0.0034729072966181505,-0.033348097261426984,-0.02853112039203511,-0.01807166269591154,-0.03799108353348634,0.016934846917558054,0.00589120918918191,-0.020467081130176784,0.008093929367162054,-0.0657136946267278,-0.04363744585863207,-0.021833495467338277,-0.003302501841260905,-0.0024552291227997415,0.04343156333442196,-0.048078498655575286,-0.005982452258931118,-0.023583936308844936,-0.0012772597391149942,0.006151530106540679,0.00010539356250507638,0.03605167308190333,0.006686721184328588,0.05962594459400116,-0.001977377648337547,-0.027487980583959244,-0.018691062701880208,-0.02744216747071084,0.012934023010654213,0.023390984683275884,-0.023071685158398962,-0.02385857714955573,-0.03218931240068776
Pa,-0.4470733265780201,-0.01849047780141273,0.044144268239326254,0.12951105544848476,-0.16013493088714395,0.2349298116349537,-0.03216976531874065,0.14297941657831517,-0.1664874942851528,0.06473589581502617,0.027730351722098225,-0.23580119091419088,0.023619247814966028,-0.05267622332790786,0.027746921199922624,-0.0063195651796087325,0.04529572099281425,0.07416387608456916,0.009182271090078652,0.05589681577782153,0.07414463216919437,0.0030068918487199292,-0.022265622724350915,0.07812151390512173,-0.038317782374088116,0.007320606658704761,-0.024511003913781526,0.04942716193049527,0.022133146270301638,0.002268050386089772,0.01587864294703146,0.0049148046654654675,-0.015432943679477338,0.011470985645304348,0.0025903078991035013,0.013368939966422033,0.037539840538967154,-0.001266908235871384,-0.019112015231580577,-0.016878384985030324,-0.0038613163372898784,-0.025308806653724276,0.04115247089663399,0.03875462978678293,0.009591666511805211,0.013632902842648842,0.020219557186962594,-0.016555704322942722,0.002508477406310981,0.026763139776786123,0.02917141023031403,-0.01927558547464104,-0.045216307891785004,0.039769951874357126,-0.027403043177717367,-0.0006768582268052641,-0.011206067625871877,-0.03156241943225882,-0.019827818859425205,-0.01780851206316464,-0.011747481422039347,0.014144298573347171,0.012262332252248173,-0.03053953749559024
U,-0.4005715134524134,-0.1351255627918542,0.08948897845603623,0.07172224001947593,-0.017455085616397404,0.07125147861868387,0.12308715232782638,0.02538414249050708,0.05948683437625073,0.020877192984454875,0.18697019485268346,-0.18224366348706578,0.11160242062693967,-0.14744081910121454,0.07008366556230484,0.11960997673664675,-0.04924376235820874,-0.03125468899948895,-0.029791025283334445,0.0011150557132959251,0.05447539175264107,0.028086911829390666,0.13037962054763552,0.04596966778094659,-0.08508263698940985,-0.016574397202204435,-0.03408469708535647,0.039065642855104596,0.05208323467220968,-0.01612319722958243,-0.005387969791510919,0.026544584966472332,0.04551541154679341,-0.04778892329639114,0.0280956932482123,0.03781821834249066,0.005018755373119802,0.04786835359449328,0.029172709363128758,-0.025971597280730653,0.07375444442350337,-0.019588080296885475,0.03313876615982592,-0.042400505121251965,-0.05014903432740831,-0.0187832407927882,0.004542864422675311,-0.005667716686018588,0.051479034902448435,0.009076656058041558,-0.031322059418731986,0.04201730677731528,0.007699440740609547,-0.014668191017979417,-0.03967607125158496,0.021679732209661892,0.0005082216119575244,0.024716605408184412,0.0027095383445548266,-0.01608193221207109,-0.041770256961032315,0.014820681863013394,0.017125007510245663,0.03519368587842709
Np,-0.4625464083563062,0.00855742138315892,0.05631471433501446,0.12032831754822244,-0.19108905640245505,0.0175051552492698,0.07783258301776712,0.07968660750360612,0.13210001946560146,0.08489761279963118,0.10970878672027783,-0.18090218636839495,0.06692189332003595,-0.06232632881728828,-0.005346306770836586,0.11409271003830239,0.06342483118340923,0.044468131932485264,0.04079693579659023,0.01292787674157354,0.020437995184372174,0.005828167604376577,-0.003748221546616109,-0.007710140529553157,-0.06221568664631603,0.020755956138391516,-0.005907211340291493,-0.005700180465373802,-0.02722746222791287,-0.02021097350232167,0.01691690062728892,0.03169320094385313,-0.023930525252197552,-0.009296216772603989,-0.04412923619823848,0.004896493527330654,0.02601369189436329,0.0016241287099847226,-0.035163545676026094,-0.011197362003787428,-0.023604051909010753,0.039082309150504715,-0.033901899505687866,0.04650715340509471,-0.011925973237358271,0.007668234776412373,0.005192750823321757,-0.020635778650457216,-0.03194840788789888,-0.02659804321005943,0.00744679959431141,-0.0047615177471538005,-0.0006272705628510949,0.01505471714488688,0.023170016911336393,-0.003886423566309039,-0.027102367934660015,0.010488367309442996,-0.013656742082053272,0.04123255140614719,0.006505335280221682,-0.013059950327736514,-0.005483254683943639,-0.009945972235270158
Pu,-0.4695569199549703,-0.04793062661291406,0.12762196402528295,0.06044471228522113,-0.21281290012662107,0.014745438333677918,0.06870742216580056,0.05128668843961011,0.11033395934600461,0.106543534378462,0.10162598341907823,-0.1959978159111639,0.10871939593144797,-0.10758777391426233,-0.028437017855889306,0.08326197443479764,-0.013763041077704393,0.059652308673743736,0.004056180380432427,0.020324600471671863,0.05082550168749436,0.029435666868017955,0.014632840025441941,0.03918433426795175,-0.04703907431876448,0.0195797687090133,0.00045302129092849284,-0.03170680974058195,-0.0005774582801186507,0.010166923284276033,-0.0154040943530855,0.02365941023697683,0.0025673837498629746,-0.015715247773055024,0.007425729198325337,0.054961574238277924,-0.02712681173732328,-0.022549876968778974,-0.02648854932227262,-0.024272775618613126,-0.012570486635081306,0.06515192562262893,0.03699225620712343,-0.005643047478741666,0.016876165252686447,-0.034975030009505206,0.013061715885871572,0.05398898030452753,0.0029587328961580245,-0.009378241915030072,-0.005826116502972603,-0.011562226337943028,-0.004149068152106935,-0.010448728370230462,0.020112019772368,0.01784853603800032,0.06066130015664732,0.0023649488324639575,0.022205329163265855,-0.02006392705995254,0.011715342396154262,0.00010979183216282582,-0.0021294061070482127,0.022565101166750513
Am,0.0,0.0,0.0,0.0,0.0,0.0,0.0,0.0,0.0,0.0,0.0,0.0,0.0,0.0,0.0,0.0,0.0,0.0,0.0,0.0,0.0,0.0,0.0,0.0,0.0,0.0,0.0,0.0,0.0,0.0,0.0,0.0,0.0,0.0,0.0,0.0,0.0,0.0,0.0,0.0,0.0,0.0,0.0,0.0,0.0,0.0,0.0,0.0,0.0,0.0,0.0,0.0,0.0,0.0,0.0,0.0,0.0,0.0,0.0,0.0,0.0,0.0,0.0,0.0
Cm,0.0,0.0,0.0,0.0,0.0,0.0,0.0,0.0,0.0,0.0,0.0,0.0,0.0,0.0,0.0,0.0,0.0,0.0,0.0,0.0,0.0,0.0,0.0,0.0,0.0,0.0,0.0,0.0,0.0,0.0,0.0,0.0,0.0,0.0,0.0,0.0,0.0,0.0,0.0,0.0,0.0,0.0,0.0,0.0,0.0,0.0,0.0,0.0,0.0,0.0,0.0,0.0,0.0,0.0,0.0,0.0,0.0,0.0,0.0,0.0,0.0,0.0,0.0,0.0
Bk,0.0,0.0,0.0,0.0,0.0,0.0,0.0,0.0,0.0,0.0,0.0,0.0,0.0,0.0,0.0,0.0,0.0,0.0,0.0,0.0,0.0,0.0,0.0,0.0,0.0,0.0,0.0,0.0,0.0,0.0,0.0,0.0,0.0,0.0,0.0,0.0,0.0,0.0,0.0,0.0,0.0,0.0,0.0,0.0,0.0,0.0,0.0,0.0,0.0,0.0,0.0,0.0,0.0,0.0,0.0,0.0,0.0,0.0,0.0,0.0,0.0,0.0,0.0,0.0
Cf,0.0,0.0,0.0,0.0,0.0,0.0,0.0,0.0,0.0,0.0,0.0,0.0,0.0,0.0,0.0,0.0,0.0,0.0,0.0,0.0,0.0,0.0,0.0,0.0,0.0,0.0,0.0,0.0,0.0,0.0,0.0,0.0,0.0,0.0,0.0,0.0,0.0,0.0,0.0,0.0,0.0,0.0,0.0,0.0,0.0,0.0,0.0,0.0,0.0,0.0,0.0,0.0,0.0,0.0,0.0,0.0,0.0,0.0,0.0,0.0,0.0,0.0,0.0,0.0
Es,0.0,0.0,0.0,0.0,0.0,0.0,0.0,0.0,0.0,0.0,0.0,0.0,0.0,0.0,0.0,0.0,0.0,0.0,0.0,0.0,0.0,0.0,0.0,0.0,0.0,0.0,0.0,0.0,0.0,0.0,0.0,0.0,0.0,0.0,0.0,0.0,0.0,0.0,0.0,0.0,0.0,0.0,0.0,0.0,0.0,0.0,0.0,0.0,0.0,0.0,0.0,0.0,0.0,0.0,0.0,0.0,0.0,0.0,0.0,0.0,0.0,0.0,0.0,0.0
Fm,0.0,0.0,0.0,0.0,0.0,0.0,0.0,0.0,0.0,0.0,0.0,0.0,0.0,0.0,0.0,0.0,0.0,0.0,0.0,0.0,0.0,0.0,0.0,0.0,0.0,0.0,0.0,0.0,0.0,0.0,0.0,0.0,0.0,0.0,0.0,0.0,0.0,0.0,0.0,0.0,0.0,0.0,0.0,0.0,0.0,0.0,0.0,0.0,0.0,0.0,0.0,0.0,0.0,0.0,0.0,0.0,0.0,0.0,0.0,0.0,0.0,0.0,0.0,0.0
Md,0.0,0.0,0.0,0.0,0.0,0.0,0.0,0.0,0.0,0.0,0.0,0.0,0.0,0.0,0.0,0.0,0.0,0.0,0.0,0.0,0.0,0.0,0.0,0.0,0.0,0.0,0.0,0.0,0.0,0.0,0.0,0.0,0.0,0.0,0.0,0.0,0.0,0.0,0.0,0.0,0.0,0.0,0.0,0.0,0.0,0.0,0.0,0.0,0.0,0.0,0.0,0.0,0.0,0.0,0.0,0.0,0.0,0.0,0.0,0.0,0.0,0.0,0.0,0.0
No,0.0,0.0,0.0,0.0,0.0,0.0,0.0,0.0,0.0,0.0,0.0,0.0,0.0,0.0,0.0,0.0,0.0,0.0,0.0,0.0,0.0,0.0,0.0,0.0,0.0,0.0,0.0,0.0,0.0,0.0,0.0,0.0,0.0,0.0,0.0,0.0,0.0,0.0,0.0,0.0,0.0,0.0,0.0,0.0,0.0,0.0,0.0,0.0,0.0,0.0,0.0,0.0,0.0,0.0,0.0,0.0,0.0,0.0,0.0,0.0,0.0,0.0,0.0,0.0
Lr,0.0,0.0,0.0,0.0,0.0,0.0,0.0,0.0,0.0,0.0,0.0,0.0,0.0,0.0,0.0,0.0,0.0,0.0,0.0,0.0,0.0,0.0,0.0,0.0,0.0,0.0,0.0,0.0,0.0,0.0,0.0,0.0,0.0,0.0,0.0,0.0,0.0,0.0,0.0,0.0,0.0,0.0,0.0,0.0,0.0,0.0,0.0,0.0,0.0,0.0,0.0,0.0,0.0,0.0,0.0,0.0,0.0,0.0,0.0,0.0,0.0,0.0,0.0,0.0
