element,0,1,2,3,4,5,6,7,8,9,10,11,12,13,14,15,16,17,18,19,20,21,22,23,24,25,26,27,28,29,30,31,32,33,34,35,36,37,38,39,40,41,42,43,44,45,46,47,48,49,50,51,52,53,54,55,56,57,58,59,60,61,62,63
H,-0.08881971711907286,-0.126700038148901,-0.003952608664231679,0.11952058004928541,-0.0007177438820705739,0.08595327505078171,-0.14294745550206683,-0.055816488732254345,0.09474901423929014,0.09294163581396941,-0.07624131896423975,-0.05513972975406083,-0.08141459891285416,-0.08795791594184627,0.06251966398561891,0.05710983866987553,-0.059824781551115244,0.07478156550075266,0.041174984570385584,-0.07166187856597513,-0.0038867133129977484,0.042423387783347956,0.038565186082842526,0.0015060820394342928,0.020292136695106624,-0.02367739617255764,0.04586542131198343,0.01687532020646174,-0.019581936003395067,0.08301338668621834,0.12254987769879072,0.1526592481530398,-0.008170882942925863,-0.050703366795506,0.02985513239618276,-0.13774044414929804,0.12251272306144179,-0.11861000664495211,-0.11746084229248345,-0.023932104017167433,-0.058534954524168945,0.12064351539527016,-0.02953299191083248,-0.05286639598224066,-0.04603668731448632,0.001998517517546061,-0.17485927682903585,0.07894497542094935,0.027429509921188835,0.05898967652403926,0.11204532925299177,0.10677272981793048,0.18123893399650762,-0.10358682303288609,-0.09545652108029401,-0.03979444479871175,0.08191870765456626,0.15432649218476088,0.15124665657418496,-0.11140772702711806,0.21853573605063495,-0.013156016777622343,-0.08234444017708419,-0.08857240389723486
He,0.0,0.0,0.0,0.0,0.0,0.0,0.0,0.0,0.0,0.0,0.0,0.0,0.0,0.0,0.0,0.0,0.0,0.0,0.0,0.0,0.0,0.0,0.0,0.0,0.0,0.0,0.0,0.0,0.0,0.0,0.0,0.0,0.0,0.0,0.0,0.0,0.0,0.0,0.0,0.0,0.0,0.0,0.0,0.0,0.0,0.0,0.0,0.0,0.0,0.0,0.0,0.0,0.0,0.0,0.0,0.0,0.0,0.0,0.0,0.0,0.0,0.0,0.0,0.0
Li,-0.09535453474954905,-0.17947843823532747,-0.10003892122768543,-0.08821993338902664,-0.09259378103202684,-0.06046984102119148,-0.12547888670306534,0.03169072892146222,-0.1190223485878085,0.15823207509119833,0.08466611701052731,0.0017426777816312105,0.01271565385108754,-0.040465501690034746,-0.018405071756111335,0.04488919940258719,-0.09009428285886235,0.0805471001279768,0.13513038257168825,-0.1066066162294503,-0.03476939949376147,-0.08178481591124614,-0.1067241371617358,-0.018101201457188732,-0.010673550075362588,0.07198819962567338,-0.15148738529494804,-0.04171488627715417,0.06777016234159833,0.05713641595271109,-0.05173920943265077,0.11026197874720785,0.04758985194827799,-0.007230526722916533,-0.09689286484157081,-0.06272323500773122,0.07041935734084014,0.043950206303438634,0.08645909671741463,0.01907874056834696,-0.14460153579447158,-0.09472505768641819,-0.04996111903156184,0.11048486790098602,0.10695114864689446,0.03194830276123829,-0.0523545474741699,-0.03774804250981349,-0.004835986613574059,-0.06251622046962374,-0.12199141235261707,-0.12562888042028925,-0.08416606857394109,-0.08812261212695274,-0.1050214897086137,0.04007912195931352,-0.046359446064280496,0.16236017934926195,-0.06140480179396485,-0.04308137308041562,-0.03832955812531156,-0.1178731862516705,0.12230322407372606,-0.17689917367369573
Be,0.15659025748733896,-0.04311145282265116,0.01940787289080318,0.08307901532097389,-0.02984348929972817,-0.051999294515071716,-0.005158568694352568,-0.06935303178813694,0.08332056252668059,-0.026392130126776478,0.070251209506062,0.044406388648128535,-0.008426415462523203,-0.04782553287951911,0.010789876162281,0.005927949667664695,-0.1143264823189849,0.04747998368643979,0.026798781792451303,0.050852360346943834,-0.005320758873000056,-0.07366758633532015,-0.052680284028979577,0.10398149174282403,0.0037432535845587484,-0.0735664953285152,-0.058704895203911096,-0.0790196209377452,0.1828814849463293,0.019554261028154846,-0.09027669583933982,0.03322909425204868,-0.05951255964833934,0.17194390025139306,-0.1144198776135568,0.06297650884683846,-0.06278493801450327,0.04841936355964776,0.06605967006107263,0.0758174994318783,0.007872155706077024,0.21630448304913397,-0.12081912653693683,-0.0019728582660109464,-0.09445976358742363,0.12536087472762694,-0.08359769859041298,0.13288713352413295,0.04879433503725605,-0.07330564042875189,-0.03465566110912999,-0.050261369315632604,-0.0024659092993705887,-0.06667780741422304,-0.1990887860666078,0.14053904851032928,0.10853144425218945,-0.08850086416193399,-0.044028973841576384,-0.18073968425968626,0.03648302320541466,0.11588433114305453,0.006313237695862948,-0.045014088153742436
B,0.053843679220196415,0.12786668820520866,0.12744332355890176,-0.045737126995678765,0.09925584389092065,0.11301825182506639,-0.08520546985900322,-0.1161770725272383,-0.015767044180898988,0.09151720909138734,0.01141424296246106,0.025946595379242196,-0.03428746709245611,-0.015050862719315395,-0.13315385296944598,0.014961787313669152,0.03484189216729549,-0.08787143989090689,0.05207699172624197,-0.06105703401207813,0.04182513599707022,-0.0280532415941347,0.05077499783019318,-0.08017222658980351,-0.11322761193992666,0.11055952688926687,-0.08339713242663647,0.07905051606899771,0.19866918158224184,-0.060305820614820524,-0.059150109918085156,0.08079618026617078,0.18811938030858638,0.1207805765099611,0.050172972412488324,0.05911855567418781,-0.10569561317110315,0.1085281206982209,0.07398517729516398,-0.06832782012293344,-0.05376903980291327,-0.09035991454421173,-0.04746488435685828,0.08622662659960659,-0.06603226873120195,-0.07587603519373533,-0.07926989756258204,0.1373581261498326,0.042229907348514756,-0.05167727840338136,-0.07338774750361289,0.149099623944825,0.054810086321851303,-0.06251404777920787,-0.14794525686983015,-0.13748597880726862,-0.0710947236888689,0.02455028577544245,0.12447692514034255,0.018390838099531022,0.1475905432898449,0.016332695730760953,0.03703791169366715,0.05194790737253147
C,0.001026237543146684,0.17151007473645993,-0.032424361072638734,-0.050134138323090376,-0.0038028115242990526,-0.0012915809621037832,0.028251736046331945,-0.11144380888194322,0.03616965754745788,-0.1047498644354902,-0.06374177305757206,0.09004597577623923,-0.014554080217027043,0.010811726562274415,-0.0758112911778668,0.0814674106076773,-0.09682609506060307,0.10920604169740286,-0.08774461755570183,0.06383748672064735,-0.08188435145922836,0.05687404833954195,-0.09886709267763981,0.14588128012585003,-0.10447188844973483,-0.057429584809891625,-0.043546623898336176,-0.1266773655846697,-0.04162985458920869,0.10244069944815667,0.16476055662859523,0.0009232604317442805,0.172514474062596,0.08336567839699775,-0.06868530725492611,0.05164341103249934,0.022807161532192886,0.11292182367066474,-0.05101117249706274,0.026469011526164193,-0.1643068873992467,-0.11171864716378391,-0.12418608956634537,0.16118139202651466,0.036632913651382645,0.13883534977031536,-0.007767560806120736,-0.046766529124388535,-0.12114497768038457,-0.06036569373090534,0.015973333210233056,0.04364009341676295,0.05571733366265487,-0.07833818513293757,-0.1451369872509459,-0.10834249713120542,-0.08295996381656177,0.1323922504497897,0.01238825320476013,0.12953530206550334,-0.005574111051884113,-0.06708095531019378,-0.09832842699839688,0.047797192486246816
N,0.07871451616002248,-0.057179285645563384,0.08214833247952362,0.057141697648265856,0.14659155112802877,-0.032464438687239354,-0.007713888737903921,-0.08470604909555755,-0.060066494354789245,0.15236179928516916,-0.04435085888369711,-0.12096022957044962,-0.11727824128097916,0.04920518221786818,0.06612766543462324,0.015770325430938772,0.13313149141894315,-0.084420125024986,-0.030320707181146326,0.09445688843135272,-0.12070919330145888,-0.09980714276690857,-0.016041403979107374,0.1033610345472108,-0.144781732384482,0.12205659370048226,0.07698282965277248,-0.13306611719191971,0.08471148099270315,-0.03490884053454446,-0.02349346538549842,0.06735431340380846,0.17442745463390583,-0.02657174016038721,0.00315678569697838,-0.030074838646804426,-0.04940579193418832,-0.08925978521197181,-0.17441981862749684,0.03343694771599237,-0.03431122133675517,-0.06534808284634581,0.1323225915970476,0.11473532057964862,-0.06234043271178688,-0.004236947930925184,0.014621663382256142,-0.024545817930598787,-0.12094237695228476,0.09197988022663356,-0.07233561119182451,-0.08376142109809515,-0.0896266234513937,-0.11248563373482087,-0.11371002611775842,0.14592712060886398,-0.08256135864358725,-0.06759939022403358,-0.051266783865560876,0.11224637536443959,0.04778296238826623,-0.011876035809779792,0.13253199300665683,-0.04503488678474242
O,0.08083889175256903,0.02174214496743504,-0.07290977301704783,-0.021834739171436343,0.22496933053369148,0.09047100951174478,-0.07696307624815467,0.10818204174663464,-0.009575461743434547,-0.029188005905232624,-0.13404510365696176,-0.09212916865826372,-0.008502051062843824,-0.1103053077733319,-0.05702117957809213,0.09633424970825305,0.04989529220521037,0.031347765278617316,0.10543312190580159,-0.15316521413485082,0.02052569119334174,0.09625668391184404,0.023809717272680577,-0.02482327778595073,-0.1056018945963434,0.10887751551653353,-0.03181347282789834,0.11558518748930573,0.10909552043946671,0.04371678940684905,0.07464408005519386,0.08925165181804663,-0.03210673302699847,-0.005159553663927168,0.10038341334436778,-0.05682663635497032,-0.014338695882564331,-0.09973399026765341,0.08968696113165296,-0.1829502679502942,0.0002666783828429958,0.00399459720663111,-0.03057344543498202,0.1831940998366223,-0.12792295664408604,0.0643079873084958,0.006048652809683705,0.10613962079610054,-0.1473090259636742,0.08189213081067992,0.028176892643948934,0.14524289242426294,0.011847222195514321,0.059028999564099835,0.10677090406175335,0.17744407436792714,-0.02596298721773939,-0.09039797540766098,0.024763863510889435,-0.012780887904725561,-0.01465748077864823,-0.05077797810987467,0.08506865196585199,-0.1056582755203883
F,-0.005254655467418261,-0.13730053506200876,-0.08146142379059261,0.15412746656358128,0.19606032494417483,0.07425021213195904,-0.21304263023680334,-0.042774060943117365,-0.030858970922538528,-0.12340394760796998,0.07431651111698422,-0.008280974817942134,-0.08606995785586383,0.06399662246919367,0.0697102276299754,-0.08581823472748792,-0.020950565740884088,-0.03527803973756543,0.014002563488658032,-0.12464235151011899,-0.008443630390942956,0.14562008746558242,-0.02446703897636742,-0.15136018166925502,0.07762596929174596,-0.053394015323967293,0.07710080577303086,0.00037124211805126,-0.0260027956111788,-0.10914794197616799,0.06469457615606379,-0.06021266634971287,0.08205918192773451,-0.03752585296936671,-0.04024529877705176,-0.05749257984162794,0.16755513399646335,0.07103797632973047,-0.06684573749749483,-0.09349181076281027,-0.08511002070721764,-0.013409131496402963,0.05194913578813612,0.1382212730749926,0.1543890803744181,-0.011111590101538109,-0.05866114187037477,0.150374390865701,0.07657836881061418,-0.13549911380802934,-0.02880638639958014,-0.0110608540050152,-0.05198770033675943,-0.11078071350279381,-0.12748279533119153,0.08124255020440421,-0.05833218483819609,-0.07614412008271904,-0.015269433960973066,0.0721417159938615,0.12534158705193874,0.0006992571341622697,0.014631571483450302,0.054770690745712135
Ne,0.0,0.0,0.0,0.0,0.0,0.0,0.0,0.0,0.0,0.0,0.0,0.0,0.0,0.0,0.0,0.0,0.0,0.0,0.0,0.0,0.0,0.0,0.0,0.0,0.0,0.0,0.0,0.0,0.0,0.0,0.0,0.0,0.0,0.0,0.0,0.0,0.0,0.0,0.0,0.0,0.0,0.0,0.0,0.0,0.0,0.0,0.0,0.0,0.0,0.0,0.0,0.0,0.0,0.0,0.0,0.0,0.0,0.0,0.0,0.0,0.0,0.0,0.0,0.0
Na,-0.08122194615037906,-0.10434933576005984,-0.003360145934785113,-0.05733749949663164,0.01577499108748396,-0.03813530675131937,-0.05525510114752243,-0.15709538613947,-0.12267609832815891,0.01608808637110998,0.1379470290216676,-0.02986749368679077,0.01661482149360874,-0.08064994637399024,-0.11450616143433544,-0.13558097452525528,-0.07689832517223504,-0.06326365422841297,-0.06917650467551759,-0.019052006410453542,-0.19659530052362045,0.03976433806082489,-0.08350670489428293,-0.06164006507159156,0.019305659409200624,-0.08387136702618041,-0.08108049391721894,0.11193593161160059,0.13099225260588115,-0.0618620889691749,-0.12025493376615144,0.10073976725360224,-0.034226307178784554,0.07983939289246347,0.00562750386660226,-0.16594950029529118,0.015939863533419227,-0.00874354100802151,-0.1318521351010328,-0.006528027119564025,0.08942464196595237,0.05017370631578618,-0.12290809256896318,0.04177281331531216,0.06452317307618023,0.143228029640095,0.03133368612677855,-0.07494566162035599,0.05579696422998221,0.05039631021593257,-0.12370540902612054,-0.03105546532559716,-0.0611622615379686,0.11329227721499321,-0.05086583482356689,0.07071113317767878,0.11344043921452182,0.10519394390770524,0.13024265507999105,0.11208008759429378,-0.14127315972003554,0.03369274301188646,-0.01484233627359964,0.10989253522525734
Mg,0.05029859432035504,0.0018246520296262946,-0.052662796808139546,-0.011694039401815964,-0.02441644833747694,0.03073303534050491,0.10109657592307682,-0.11048928964112537,-0.030541422926944447,-0.10930221608985495,-0.005485501050600208,-0.015159105301895017,0.1533420255589356,-0.09796185750936708,0.08454603158143684,-0.11688216352174556,-0.0021493394830674538,-0.13155747713496505,0.13864258533780963,0.0014602611902709355,0.013031745810719425,0.052895575782945035,-0.09702752141619893,-0.10600186574682421,0.18057956349797927,-0.02506279011165707,-0.16611889719059178,-0.06979414076333391,0.093249519519941,-0.15360966927552044,0.001992151490532103,-0.12740874245222047,-0.01483854242396117,0.11818440165311306,0.11891301875741063,0.03373363335337907,-0.058006253102714754,0.16577981856196033,-0.06606249667247295,-0.13502593346444675,0.045585222766017626,0.025198674346269028,0.05350172008232037,0.06488676168097679,-0.10481702612531599,-0.05492648593035557,0.046767669862079905,-0.06815217420620327,0.04483132002398668,0.05101495330938741,0.08773049564581863,-0.012588934408078253,0.13098693233227712,0.11008865093325843,0.0363668570788845,-0.10404415119596265,-0.08349345223126507,0.028300885787034595,-0.09557504815501824,-0.05926538122767841,-0.0941914738169892,0.026815467364607413,0.09009145275575169,-0.16688557813753202
Al,0.12244855880577218,0.1640016578880921,0.08284801715014799,-0.12429337390886312,0.11188509016647719,0.05695408866551361,-0.008391220854082157,-0.11139412392699878,0.00912025799050005,0.10179956965824014,0.06875161074208122,-0.0572492935795156,-0.12772757282181302,-0.08821177976999797,0.08600451978953495,0.06490897941792731,-0.022412448331074582,-0.11734636111581913,-0.03619570106050499,0.018711442972995238,0.10711335539466595,0.06037127947112871,-0.06385383910730653,0.030288144725339142,-0.06435366055311072,0.20821864281949107,-0.08919672348162504,-0.05073869560106479,-0.0018671633073962328,0.03680058482016656,0.0937390918608039,0.07682055538455398,-0.0059759331580509075,-0.036959842032888636,-0.09275145426510012,-0.07072091585600593,-0.09728792202142558,-0.024785900528117136,0.1077173585234497,0.09536411228063696,-0.004865344295159558,-0.007040552862529178,-0.09042603195945469,0.060363386950966685,0.1005650371262331,-0.03618167645229923,-0.044257901167889434,0.11992392514517561,0.1238964473978116,-0.07893425891324,0.05855060424699962,-0.07186127262915076,-0.10183888358964459,0.13300674825696607,0.1400732058785143,0.06800841428935968,-0.13349147315979343,0.2001210208876384,0.04765805196696044,-0.030794310406498465,0.042194080689132676,-0.06117865208649996,0.0667330877297791,0.03142268581380315
Si,-0.04340971948600326,0.10635782371133858,-0.1448901187862832,-0.08402808586154611,0.09182416121999289,0.09638091668814171,-0.07552608633916122,0.08245171770908609,-0.024699288371369373,-0.05107557096350696,-0.04078684832397349,0.03669017554396134,0.1045913741632943,-0.16594305650565044,-0.027668947099727816,-0.05166132857265179,0.034380646572113364,-0.14927406363168894,-0.0543050970229346,0.116531033044358,0.0445779120372357,0.0025675001860903757,-0.061068180073470854,-0.04027872442731144,0.027263014417686714,0.12549849333001228,0.12512584596658471,-0.023491596111518947,-0.006809135046331188,0.07801781485976225,-0.005440141119054375,0.05982881294074486,-0.08290513171666831,0.06916570067210326,0.04987220628074875,0.08883680221486656,0.10781381280089763,-0.07392679077753768,0.05791244611131906,0.11047505408611952,-0.08181827016149833,-0.12930639503167152,-0.1635081813177294,0.013269861288741115,-0.07980939918798806,0.02588734548340947,-0.1668654288699577,0.12150796714129496,-0.11240476922426851,-0.11523768367143032,-0.019494821434418087,0.018860739579198874,-0.07077927216842289,-0.03051903779144163,-0.09331144963791294,0.05221472087487772,0.06173799232707361,-0.0032311558957225867,0.03987076756063794,0.07885845715414455,-0.0657304805188456,0.2114109049675631,0.09626884261036049,-0.10441177678787318
P,0.09078588201745025,-0.04107127320467034,-0.09490053065374308,-0.15087055444728723,0.040675652673233746,-0.02829896212073005,-0.007285534244979285,-0.11966123300047565,0.03988105428790996,-0.10648418357492384,-0.11385667975454186,-0.05142539614778023,-0.11628071771941503,0.008906599248231931,-0.030748873478917877,-0.0037017677633668874,0.05853783882995711,-0.06819747306609146,-0.0943184691721179,0.11440470638111469,-0.013119442490995347,-0.02199262819691786,-0.1329071173598001,0.001629988498170715,0.020457562234797264,0.07634271541172571,0.03180954624509856,-0.10104196037453203,-0.09921787831509564,0.10084112037548754,0.139428366643691,-0.12680355436241944,0.014663849297228073,-0.07445815441773973,-0.09416805443540108,-0.041428524470254496,-0.09921517556486525,0.07863214635909133,-0.030370448049181188,-0.1782581221355822,-0.16539630115687826,0.12186668465065954,-0.08506447424194832,0.016916681077830873,-0.09224912829739834,0.008295990576397794,-0.05213682597693989,-0.12889520805620933,-0.1423550079738772,-0.08546089569518793,0.001269309757180751,0.05317649934649059,-0.05783393588219363,-0.13117181839402303,0.07068612871195691,0.03673714571342119,0.1342077483855252,0.08053822416507744,-0.023813145532619477,0.018480706037514682,0.17679244259090598,0.08642497275772698,-0.020907815423437358,-0.10296837001819577
S,-0.10143956142776613,-0.01866281729993969,-0.13698274049592507,0.03260371524901517,0.08249927520800841,-0.13866075456256066,-0.07637496181556994,-0.11722920792927709,-0.010607651599579838,-0.06805960843281086,-0.017035085385729686,-0.028494739720861605,0.13718033116552567,0.0398081695449452,0.026064499035664036,-0.05373277719439787,0.15623529290362814,0.1035735763777886,-0.005562082056092292,0.08165516645200545,-0.01888984658370151,0.1114292106475988,0.126304726051454,-0.09721330335914671,0.03016965254466615,-0.05671156691442812,-0.05550960136713717,-0.07152078687568468,0.0762813987244046,-0.0937776280329492,-0.14127848306802218,0.07271724837747345,-0.08135881439300965,-0.09691271339598954,-0.11146936178132479,0.013402727629240923,-0.003270949224936474,-0.14240126875587614,0.14594407547404772,0.028684040033774,-0.12297397982255685,-0.002315236472899775,0.020725914478435276,0.07195453486429804,-0.12135253328915972,-0.09599446940436443,0.07195018229628748,-0.027430540157693185,-0.09400291838666877,0.08734350291191358,0.08655882315092886,-0.08099670285469913,0.06388344015515897,-0.13529802597070253,0.10874743216203783,0.029747364327969622,0.03774514885530154,0.14531032825802484,0.1488281438821656,0.14745363124848412,0.08268924434316842,-0.070592335630382,-0.024074635104301353,0.063089721668839
Cl,-0.13772012331550013,-0.10175477604155042,-0.006230870843865022,-0.048368765344553866,-0.006232095468237726,0.061704703538656286,-0.017406013157177797,0.057813424521854,-0.10600579745836478,-0.11988284780600182,-0.07671259018789371,0.12565176187947996,0.02041308602693768,0.08046401904920737,-0.1353310045074629,-0.01635386030860956,-0.1218776381065818,0.003699747523839907,0.16802671779401826,0.09297889007455903,-0.016862798214541237,0.0004922548248394724,0.13650410511292094,0.04339669220425541,-0.11622995438409606,0.0021226510506442042,-0.07256156291905784,-0.028339732110073488,0.009887359242001176,0.014816348984261657,-0.08430374971182684,-0.054239198925228715,-0.021486768924671874,0.1543647067476258,0.008894364305118687,-0.1006582064397205,0.14210899974226116,0.0895485757812921,-0.08296603163158411,-0.22735166358408868,0.019412245436046062,0.10047528005312985,0.20989390278211995,0.1792599222467823,0.007474169367537604,0.02784676489447785,-0.1556299594409368,-0.081843486383041,-0.04822850857226061,0.005627590609402159,0.004091318666254038,0.07473254677499581,-0.02647349235816116,0.0046962324639905125,-0.0038376567691329956,0.019431902201162202,0.057137022809093406,0.054028052639546006,0.1897076169392789,-0.06008220600547988,0.06153329893030888,-0.04246004012854061,0.046038541957100644,0.0756044909346396
Ar,0.0,0.0,0.0,0.0,0.0,0.0,0.0,0.0,0.0,0.0,0.0,0.0,0.0,0.0,0.0,0.0,0.0,0.0,0.0,0.0,0.0,0.0,0.0,0.0,0.0,0.0,0.0,0.0,0.0,0.0,0.0,0.0,0.0,0.0,0.0,0.0,0.0,0.0,0.0,0.0,0.0,0.0,0.0,0.0,0.0,0.0,0.0,0.0,0.0,0.0,0.0,0.0,0.0,0.0,0.0,0.0,0.0,0.0,0.0,0.0,0.0,0.0,0.0,0.0
K,-0.1143264197474049,0.014585553817394795,0.11802387096697503,-0.010689431912025095,0.12353209469100836,-0.019542342744868376,-0.12399365964735423,0.10332442906510025,-0.07016579433876076,0.07035968411415287,0.1207402261875194,-0.050101383576317327,0.17556378085554214,0.0805711552528226,-0.013353216797725106,0.037725486923254434,-0.04360888773112051,0.12733911221886798,0.008175322159335217,-0.1754795258516278,-0.05146326213977351,0.053528853965911984,-0.1608105020131204,-0.14959375871997307,-0.004646780043639156,-0.0210504008289988,-0.07517596692116389,-0.048089143462749985,-0.06402918010544924,0.03507896969369869,-0.012206407874250546,-0.06701321402001409,-0.012997784645861687,0.03943806457052537,-0.16629191852878328,-0.12322487568334388,-0.12150599385479874,0.12847681429539534,0.0458348635243917,0.10015418957731811,0.09848361674518673,0.03985940501926943,0.04014317555938909,0.09257991301975729,-0.11745252657883193,0.09611189139803289,0.016895500515824217,-0.037899888366647635,-0.010921498533997267,-0.0490388319729778,0.02647824965654655,0.047627694408717586,0.13393725273647192,-0.012498908866896996,0.0881157946409136,0.06443083560784069,0.11395469747212005,0.006178737851557183,0.01407671087086863,0.048751263234121496,0.07084625767616735,0.1513822768864996,-0.14053427553525272,-0.12797518241134337
Ca,0.12451036652895478,-0.10526995542008921,0.009605338868216445,0.02782317122344014,0.022449611031105488,0.13701239738569562,-0.019927256188122158,0.007147146657941383,-0.10288567233761238,-0.11485497580491946,-0.08556468117230645,-0.16734955818473377,0.059251112736306955,0.03869035139525518,-0.10372213038846374,0.09526892293407085,-0.10717513741231062,-0.06647021471678805,-0.0675167508023733,-0.03647736462669586,-0.045162646696505805,-0.05356930813940014,-0.10728807381032746,0.13753378523258042,-0.1082729579787138,-0.06654295784869899,-0.18014863465918307,0.004991271232282629,-0.09221627245814314,0.06868115208840773,0.0014982708225570102,-0.004606968293507307,-0.0064798663735540305,-0.08647694667351825,-0.05793947699999723,-0.0757320197898948,-0.0029463617570091747,-0.060363554160556256,-0.10703324152820345,0.15084016635783853,-0.13270215498940838,0.08649163229490445,0.09897561550524081,-0.03403484315887074,-0.10101240333839788,-0.08821954256673051,0.04427437069170797,0.02697741287566681,0.10894591923330212,0.1273736777765303,0.01112907462337336,-0.0990762496036134,-0.01994735948187589,0.11748023328708102,-0.09481798813223331,-0.14113742086656253,-0.02808359378681265,-0.04594866236212128,0.14253607922517145,0.0648091794379096,-0.08145921837796735,0.10334563047751662,-0.04173437470846779,-0.08719740100083091
Sc,0.08744310872463,0.098329982126779,-0.13760431306709028,0.016623077956290824,-0.0995890389175533,-0.049085461375886326,-0.04462365781983429,-0.005988514311944781,-0.0248122450460928,-0.11416202241469856,-0.08310176025703496,-0.18909636072180036,-0.0501176523331223,0.12728646274368227,-0.13784269310093378,0.15802422847204545,0.07936198488485838,0.019985525103959678,0.0535481695343262,0.08417162382576752,-0.08619475859237721,0.03624076525229394,0.07344548165063924,0.05534719724540129,0.16566971444049908,-0.06363371672352225,0.0013861301951325654,-0.012520454375581158,-0.012035855699576187,-0.10408818689134905,0.07677468786294593,0.1068168036095874,0.029192627834587166,0.09962982545245982,-0.01277783911210907,-0.13196989013433597,-0.14285418138240136,-0.20097402708309217,-0.05873178973526025,-0.052894068666166805,0.09809646296155172,0.04175077965851969,-0.11614246048276068,-0.03907504360492526,-0.05541209852296651,0.01869394516136009,-0.1545680127692156,-0.08060302157999835,0.083964811539853,0.0693552010205828,-0.11360448244856494,0.008432807624942985,-0.05522025229459764,0.08218090770379098,0.006377843119896178,-0.13141734530540386,0.018535223837286393,-0.033808047411801836,-0.09331376086870674,-0.02497549756172619,-0.017599467564832997,-0.0036019492309815712,-0.07282611172088739,-0.0149996413839192
Ti,0.07384706230382271,-0.03173111468513709,0.033899600844642185,-0.004525471305769729,-0.10742430560273908,0.14537435099332893,-0.11734799465993251,0.06580526882607404,0.18782733858376552,-0.11353533046335412,0.06459740104900058,-0.0868528661150718,-0.10835229350610076,-0.017785184416233547,0.07999732629001446,-0.12521176457249772,0.04232668541475561,0.013907515654531716,0.09454167490356331,-0.0920036662701061,0.11531045407978938,0.02866731667374266,0.06312987290632666,0.15706503224662252,0.0993961221890832,-0.08990973911558585,-0.045177387177445086,-0.015742686970681836,-0.012968589098957272,-0.029657866272197863,-0.05277072383370567,-0.01917073843537669,0.1074639177607977,-0.08836088452720826,0.15922989128162676,-0.012225084837276726,-0.004146693324895731,0.04522557162861217,0.02243005198166009,0.017893977420643827,-0.03275246878281241,-0.05696941435246269,0.0745614866865655,0.05585913824754458,-0.09859963114896692,-0.11686198454602939,-0.04820509933245249,-0.10256771229309407,0.008245625898033404,-0.1298983364242538,-0.023081522082169913,-0.12021859188625614,-0.016617778120065096,0.07704587702304726,-0.009332603700459009,0.17587355935121968,0.12220765724286545,-0.024190967791907107,-0.10295397719460478,0.09514623115288202,0.10845946499826342,0.13995833746726657,-0.06338954773745133,0.11011346954364716
V,0.04083044281547282,0.03913840833560015,-0.05325627054941558,-0.09827636772767191,-0.1596752752491801,-0.23577125555897516,0.029882442869453192,-0.1082387170242478,0.054688815178863474,0.004738046085828359,0.02835009786723963,0.0046030870127386925,0.0411600036437354,-0.06317322288109448,-0.09953460662694426,0.05396880469967185,-0.06544408137984749,-0.025693946320326882,0.06078948144760426,-0.007936446601957513,0.07761038283854622,0.02654014839025381,0.11331015668163284,0.07501248673300291,0.07081572835398188,0.08902136864874231,0.11774966308185436,-0.029063748356466187,-0.01350318178308452,0.0937668134513164,0.00405796618775826,-0.14609234583348765,0.13956802490090559,-0.10826877005795493,0.12165207815568674,0.09847459947013626,0.09322023786555256,-0.1290609900044653,0.05084889234363074,-0.0195621140392366,-0.02216288841452902,-0.04298348711781488,0.01595176798043056,-0.01286991049717186,-0.15322905358269134,0.05301742044463702,0.05995557903301502,0.05816790842934751,0.17663585376149923,-0.05040369877067829,0.18051795434253973,0.12108129868268898,-0.03395179987499878,-0.07492685971760417,-0.015566631389760848,0.0019240306684934392,-0.0055456761338103485,-0.004548985854611232,0.04223334594985071,0.014089391975019632,-0.10418704468048091,0.14004709538090312,-0.0234641827865302,0.15980059142668965
Cr,0.10645263820643291,-0.1038793245917431,0.030712320436795306,-0.08451308458267731,0.0802427619884381,0.054631870380731314,0.0856507383351501,0.10622547934216803,0.04396993248033307,0.12923136931124934,0.09712881739959255,0.11691141565776689,0.02518016934085013,-0.1204681938335474,0.007965781387615677,-0.08013924781727605,0.0538759619942194,0.07135152773513821,0.02203845520286397,-0.06944014321445723,-0.08077164973738725,-0.03552508402055591,0.17722142950559397,-0.05532283882333979,-0.019423104962270406,0.0634693914306343,0.016397623195305543,-0.08636521373190403,-0.009027225556465382,-0.06169333701514695,0.1533756138827825,-0.05943474725012074,-0.029783998158447372,-0.11902634792828345,0.00206051592035178,0.10161812168480366,-0.09862279518231935,-0.15740056394749183,-0.035622254002070475,-0.0713813498414964,-0.10039792549348663,0.08540674182013139,0.022001268459785082,0.09511856812315711,0.1062564657584383,0.026048083438687374,-0.10979410463067495,0.045309610747855285,0.06546953970558929,0.07811089827974393,-0.01543061799615367,-0.0767094049228129,0.11001592903830569,0.0658537469915103,0.15095892595173463,-0.0538733696642757,-0.0924081329153569,-0.06325916492741275,0.04938050277929117,-0.14511848989350534,-0.11918790102932428,0.15784144489264718,-0.10869361744386266,0.06989285985235094
Mn,0.10184208053853423,0.030205263648150057,-0.1257614880395695,0.11091168265358924,0.032264153375729,-0.03008123678986055,0.056003173539654866,-0.06297992764788846,0.05764772459661928,-0.11215950398227965,0.0922880197540738,0.009659062246963421,0.06723147307142928,-0.1418444968923556,0.02055766204883436,0.12055348270527598,0.010637226569756873,0.07277119033155682,0.03245244491073443,0.0508564424708083,-0.06411705253658184,0.023524670876654132,0.09078021003885527,-0.012459026662135532,-0.09374271537507879,-0.017071271694280386,0.13607928598343416,-0.04730510823717546,0.028849641257253884,0.1340516160812407,-0.04994825374381306,0.03541458166935424,-0.024940213197797777,-0.11012760152802188,0.11468754552760235,-0.15440723821775734,-0.04056182949524384,0.10094689186229984,-0.10826756482418927,0.12184421512337686,0.08053799708511783,-0.0619519307649988,-0.07209468863994475,0.0719309403038158,-0.025161045176269173,-0.14211677594084213,0.021435892107129633,-0.09330957286057165,0.14716760973216658,-0.13011836901088422,-0.06394185843445421,-0.07913443970023437,0.17505881415736008,0.09045533742999871,0.15716423807344893,-0.03724165717151582,-0.08269249749206245,-0.07670564268750471,0.022450031744235113,0.01013773575389755,0.07431435275024319,-0.045943423204951914,0.17270284999361102,-0.08720951276239917
Fe,-0.02950395816468924,-0.06292336411903746,-0.009072274213753747,-0.05336656804018094,-0.05559167317389556,0.0817384445690268,0.05750231210511219,-0.06070855247992666,0.157633190532824,-0.13263741417217412,-0.10759357604364832,-0.021855506707633518,0.0008447653339981199,-0.15638137977453762,-0.010199446086153403,0.027150244428592582,0.049540728881978184,0.07054174928034278,-0.0791537156253504,-0.13863610593259154,-0.017894684534289374,-0.16825885855197217,0.18876983758808813,-0.0016715630159166407,-0.06762343435455598,0.06024627366808552,-0.018406950862553107,-0.05979204607221051,0.12732511463944657,0.08252108647107356,0.0802100997615667,-0.1481696635258434,0.04068207835672847,0.14163989043666156,-0.10194154303957621,-0.09087725416942442,0.11140939879939686,-0.11751823968455338,0.0232526159072695,0.024928199030625757,-0.003008825272013939,-0.1371728606228216,0.09950051569457942,-0.03532730053941342,0.03722946316449189,0.06664391426174053,0.030693979955732836,0.13869499695580087,-0.006809324177513005,-0.09012318551268676,0.18641965817879289,0.03702175754723847,0.018493294723779627,-0.040191061019967084,0.12619769664801858,-0.035773428262330605,0.04330074405187987,-0.05830340336620095,-0.1380304261646835,0.001788360664252357,-0.10147202533183404,-0.054506483841136905,0.057372974280626036,0.03107921312602952
Co,0.07193779959701867,0.0906112368282432,-0.04563528593535909,0.12428611998392225,-0.11812730609187037,0.09521442088087136,-0.03834034499746412,-0.05347763362066747,0.08268612643436794,0.16139248238000412,-0.13690416741882125,-0.07957716807794023,0.11469683605943715,-0.016323117835088587,-0.09929751848804878,-0.010641901486391768,-0.053403299761451736,0.10571932528361581,0.06849744924791917,-0.016029386537109967,0.1410801343793195,-0.04548811958547102,-0.12853158888775493,-0.10040208155293527,-0.020798641999155036,-0.08870746574269135,0.08741249271457768,0.08521570137006393,-0.01629205784026808,0.04724551409664494,0.0021483185160361875,0.15851800810925873,0.1414246368507216,0.053877264359975044,0.09162912146603674,0.016430489520584998,0.037811110197298804,-0.07555291105495436,-0.1904795380899189,0.02848059162973338,-0.08035196812385641,-0.10609777744511147,0.06961310449136843,-0.09355489701649747,0.07851738803514148,0.04543462052416975,0.1110681762933844,-0.014785106713847132,-0.10351850149274999,-0.018603894683406508,0.0946367133516611,0.10278537895403196,0.015125383718548113,-0.029660776310219742,0.12799095904582858,-0.06771930668703238,0.017353825764256425,-0.05055263947605972,-0.1261163586830854,-0.04087035226196499,-0.0715932356713337,0.029140089633441495,0.1611597779372681,-0.04253280167214003
Ni,-0.012082894350215105,-0.03612793574118711,0.16421513586642325,-0.02426048819895461,0.05237602740251449,-0.14552968888449133,-0.0011394440579757738,-0.08185419870128714,0.1035024310090296,0.08385882705722723,0.0675630274220886,0.04012420000849172,0.04391914348250116,-0.03269690031213044,0.09262541005765024,0.14263474625504274,-0.01670022339004793,0.1251538765856015,0.027009646409998807,0.04252580799861252,-0.06348463692464083,-0.09939512665729079,-0.12983594197822593,-0.07400593980000397,0.014036769690615701,-0.027734546065705225,0.0029801202808998977,0.16733597858540497,-0.002687722761267491,0.017983071714552674,-0.10404347729163083,-0.10862361755746058,0.1190141799949743,0.048333000531452286,0.09367943113407266,-0.12354536522742235,0.0369844529473898,-0.08710896593603716,-0.10941189808198945,-0.13556677949678117,-0.1188787221588543,-0.06353944088162601,-0.12729887191886588,0.12084640607698197,-0.04023305140550814,-0.08332338592144013,-0.11011844302409574,0.01706534935786919,-0.10812078192038062,0.11195043738880049,0.1373725816334039,-0.08064668688256145,-0.0060397989376282865,-0.1310027127753756,0.09385414843754658,-0.03497818134569073,-0.0733282117924676,-0.11244889146331931,0.009323986389218976,-0.038523934730756625,-0.07327572263064527,0.08464201008642566,0.027736121920091866,0.11236066872122073
Cu,-0.04342063321304901,0.09719476162664731,0.12938325404714596,-0.02220337649290642,-0.14250327395270276,-0.08786093185267103,0.06930517420650409,0.03181744502487035,-0.04391769437155381,0.036706972258687666,-0.04144997496912593,0.09215022718183394,0.03099185554952404,-0.10980535751231313,-0.09756929066164717,0.02379080409100584,0.1579578389612921,-0.028375484447087457,0.11024444551114829,0.03765895111730307,-0.13432104561665056,-0.16467121313706526,-0.13760778256677517,0.04951332246478128,-0.14081429421962857,-0.059885277713462026,0.013313730198207651,0.04218924402096422,-0.13381241170352356,-0.030011412595444837,-0.03350330544773382,-0.01626015576430594,0.15704288943248082,-0.08447178507616519,0.11853334884719142,0.06646763209070168,0.0178478585800216,0.04788713979453689,-0.029953381872601933,-0.09899112476995152,0.05350203807848693,0.06206145554061218,0.01082301156504155,-0.013217487815899182,0.16476702058137654,0.006110574750840661,-0.15736296656946056,-0.0026913460887727594,0.06331658151813666,0.08564762671650535,0.06329686534534819,0.11269164052147337,-0.04302326635522216,0.0009080264578450456,0.1784536330749667,0.1391070275043263,0.07290375011865036,0.09356345614339198,-0.12663243265591756,0.10917251885974615,-0.021819902268798645,-0.06888725811134898,-0.04411181029969194,-0.0204861735444384
Zn,0.0019351481407693743,0.08123926266950714,-0.03682118954505267,0.047402936384741905,-0.10552313103869092,0.10258106354308186,-0.01751439126646313,0.07731084088460653,-0.17058458380489325,-0.02133504798314731,0.0766946313794744,-0.13864192928427263,0.090079566882791,0.04821172850266584,0.07505208301454137,-0.013768365682696621,-0.00045526886152352,0.03683650748819456,0.016267335371804362,-0.02333481222300978,-0.08431858474200565,-0.10493987982508482,-0.06828887561445653,-0.19770159850240052,-0.0809616708294604,0.06581370605245407,0.07821330021433243,-0.1310481044142433,0.1559123959657379,-0.0136266978236308,0.1391600667851999,0.026340194873631498,0.09177385798875555,-0.14985355676147732,-0.06306942233702253,-0.12649519921025257,0.04379836949736193,-0.011282396466275461,0.07268588815923707,-0.02238205218870133,0.07806756680366984,-0.0978271099610963,-0.0708249792025043,-0.08045294628299317,-0.021141454563358208,-0.06430150536079798,0.03755164190220415,-0.1310134420823119,-0.03205392509190375,0.18267841441733546,-0.11733329729418206,0.08837853842551693,0.1260654888276451,-0.07622201777693885,-0.04532567684592798,-0.004472990782984024,0.09272737762065958,-0.008854457138097517,0.018508099317175588,0.06049459741007648,-0.12094977626648132,0.151875026760987,0.07473082712493519,0.06239773898143313
Ga,0.07415670431458217,0.04360191868739239,0.10786285683994211,-0.1723225515692011,-0.08677554052109422,-0.003050587474210497,0.08282251485512453,0.15434187417190476,0.06718988471230869,-0.09356131025008221,-0.011622753756116485,-0.06706426609754744,-0.06462691617411061,-0.11247083235077636,0.12392466461476348,-0.07070981439660007,-0.11536952476727531,-0.1666902103409647,0.15184439653937215,-0.0028850934156911265,-0.0021422048618996875,0.14296523468769023,-0.028694729011628693,0.009235106677529272,-0.13519888746708336,-0.12849674057152058,0.08940115180586275,0.07668765197354596,-0.02607829913457111,-0.07092649088505021,0.0230987918538782,-0.09441672072834476,-0.07171986475103583,-0.04521758812195933,-0.07546738577102109,0.062725605593036,-0.0718926887301096,-0.11584355449461702,-0.004688197453142815,0.08352508396520722,-0.13814245913860984,-0.13029049766453432,-0.014642336329718657,0.04874928374059596,0.005719952776841383,0.13240538282385303,0.14360201104105055,0.09726831272251858,0.04298790396839822,0.05913587930187443,-0.1378306359624703,0.12952590814490322,-0.008032029657534223,-0.1110568574499834,0.07204904898211656,-0.007757966138696177,0.033388132099143444,0.03146375055416599,0.007774846712250664,0.11275709355778141,-0.0431687561901734,-0.0055401378817181894,0.03580295833487187,0.03023720925560258
Ge,-0.05263763920205311,-0.11625475902055817,-0.10264812548283951,-0.04185728072372136,0.11873151865694007,-0.07336437505837311,0.09329740508732187,0.10929892920829302,0.02033558106898439,-0.08154703917465857,0.031794143215431434,0.1828180685554024,0.09193693623768111,-0.13956015758183732,0.0336065549308599,0.02286612322219597,0.1380166576068285,-0.056987361824723394,0.010120537726809839,0.0803764141828896,0.026311599940653282,0.019953576405336387,-0.13945080061584852,-0.030874877938290256,-0.10716123712947442,0.15950733288161748,-0.037790824792331035,-0.008968331391062205,0.02727973047474806,-0.10323882544003689,0.057007871548220554,0.08022179616721381,0.16797378195273271,0.0597703330291303,0.034904787708869275,-0.09697141214671251,0.07916448432864921,-0.1508644913949042,0.05898204949367859,-0.02123182731589403,0.08151126219737119,0.10272837829139374,0.04393814264247361,-0.12210117802570558,-0.01400797726916833,0.037311131757793985,0.08585989244323122,-0.09878741677816517,0.14587781390736176,0.07962539295618927,-0.058829039606814175,0.09958707471394483,-0.03322225855950297,0.04297323934447985,-0.07833504281105495,-0.019646223804901917,0.07147006593467897,-0.05543936055229566,0.034665915104986456,0.052546618654384085,0.17257934768442484,-0.08945621326738772,0.1363688384712504,0.003262600611940576
As,-0.09498089062000464,-0.10765472890675178,-0.10611944722037364,-0.11631162627777786,0.03712702781750888,0.076870157574148,-0.15532108833419744,-0.1483395698381057,0.011580643898763818,0.07563373243872368,-0.05623071044411968,-0.07233132905549954,0.03224168781384491,-0.052505972381162114,-0.13931971852104255,0.08593163513135324,0.06334203268907578,0.03506938311621403,0.06430501828926091,0.0681887530063906,-0.07957853254009722,-0.02259155582832661,-0.08991557211517827,-0.06268981920299156,0.07290846141184425,0.1358174104066197,0.16231091028312825,0.06780675490709367,-0.08713152736373286,-0.14207076559322088,0.12371147172902111,0.014954157646576469,0.030703762959825135,0.08392665373570704,0.020983267508073243,0.14849614643630882,-0.12195242208555572,0.08329148955610338,0.07936669083023068,-0.0700954206533074,0.024345378643728224,0.010011342061396507,0.15379060762204821,-0.12077993970862866,0.04355600534480464,-0.08533886858804983,0.09400056080025605,-0.12879766183359562,-0.09512823044833557,-0.03002231495140693,0.12571179581481137,-0.07326926010167004,-0.0724100774868708,0.0652261831153299,0.002361600244897338,0.11839556763159018,-0.10193870227649307,0.056871546490060015,-0.0470848082711372,-0.036020649283806626,0.0627255533470063,0.08966260359766205,0.07139957810876377,0.008362731862248464
Se,-0.14935927264683163,0.032438139742787774,-0.15464590091638114,-0.12932458699954583,0.082266510391718,0.08010915415185463,0.04815290217060784,-0.024386152188614126,-0.1557566951701334,0.07541875876737851,0.03406462583170593,-0.09811386049376819,0.09078129186605446,-0.11828354736171778,0.15879533421676667,0.09345403200573459,0.06954466645551999,0.12593811118596424,0.06697296071818125,-0.09923979631903403,0.0007166315440363685,-0.13036862361174834,-0.010047490919077034,0.039198805750901684,-0.028367573325399232,-0.05542727944670978,0.040070311082359845,0.08968467395902227,-0.11742695854243475,-0.04716881161808672,-0.11731901916687135,0.05810304062853985,-0.09593285597534593,0.08356044775853415,-0.07117601932727352,-0.08255356902577023,0.11834139396190538,-0.14343000852480253,-0.05146480046717836,-0.16497758367559343,-0.022733072228784307,0.039327513500153816,-0.05888211586705809,-0.04800037322484717,-0.008418490492164553,0.035706027925181676,0.0944649915720222,-0.029945757551182867,-0.015259918476046914,-0.10384839043916363,-0.052303132336726926,-0.09293335701681354,-0.0830659179427478,-0.07357978796893477,0.010230832708491521,0.012679171231906228,0.16207971755767572,-0.11216508612532139,0.1001320913045371,0.08209371386994167,0.09280513372033627,-0.07275151866681329,-0.049580062144108365,-0.1141238200283449
Br,-0.14548646531368983,-0.06552257457405461,-0.007080613621472415,-0.09415918250502404,0.021252313255311395,0.07756226199338556,0.054916066236040326,-0.08698479023276552,-0.1938315813600704,-0.05668211952949304,0.11574947876339181,-0.17200930372054932,0.047899635795212565,-0.08217264835383334,0.015636279845856728,-0.04826844999921709,0.11157901806430254,-0.0844410880916761,0.038811477854691113,-0.11103762246812598,0.030912975024792722,0.13825582780151946,-0.14989010844537645,0.11944253613105132,0.04789163881773173,-0.1544740618113193,-0.015709696604523562,-0.12788354694223533,0.08404907922122626,0.07678822959026,-0.12564235009521102,0.040587769672696034,0.09263772807423612,0.15291702354470035,-0.03253293098790929,0.11195987531837776,0.06945429259204425,-0.03447815515586668,0.1184092189058679,-0.050588391954618145,-0.024291335759724694,0.02859487317054951,0.15126897111158413,0.11293147827872763,-0.014175153269638653,-0.037487467235358674,-0.08757065297171154,0.004701169262958733,-0.0951532231386913,0.08016544505700443,-0.005059829806701737,-0.0210341310195775,-0.07946123155889336,-0.0760407947373386,0.1522881856162035,-0.0709181925296044,-0.09658645835248837,0.02325890770686187,0.041523428653369505,-0.14919562902375266,-0.020947348279428048,-0.0015207642173231423,-0.0014734106030812012,-0.05722587782993032
Kr,0.03560733627933602,-0.021378825489002485,0.03213623373492032,0.20530920626142626,-0.08009521635261248,-0.031150079429961074,0.02779906213942173,-0.03400879562735703,-0.04210566127716016,-0.001101170524212924,-0.0015355590903801198,0.027576731004438988,0.004174364728059204,0.082546709882371,0.1557111941042308,-0.018656499285791866,-0.05721620534773839,-0.07198600976838705,-0.03538120295801371,0.04218894908007722,0.13083433189538363,-0.011752314410592542,-0.023071558438440807,-0.01720500947646709,-0.10407667881794454,-0.14215917317096105,-0.02018806138014979,0.08097711670620852,-0.04707995674392042,0.0037308237954711498,-0.10191634854128458,-0.044382217365601905,-0.11077046348287849,0.07927424452946932,-0.11041078584977906,0.05634102769728329,-0.0891866965530598,0.030396111961534498,0.1034153943785464,0.06425340404442212,0.01082020757280409,0.22319620963445025,-0.08759045308880356,-0.05193809439737693,-0.015796637423030783,0.02976610517213125,-0.08363527813995378,0.028439545943155013,0.03205760837573171,-0.017586301503452927,0.05508299149485241,-0.000883228856410676,0.005951412366087074,0.0029830100344677805,-0.1634808765417156,0.0885613041775092,0.03897001486828498,-0.10545550567313175,-0.00967981339344065,-0.1120458209807289,-0.0834918830793642,-0.043363023536184674,0.057056137913591834,0.012032692862767591
Rb,-0.07224541559652838,0.010809441749216518,-0.11119781176991883,-0.08158382271834327,0.12564360517451773,0.023438312136165526,0.036606146336685824,-0.035110180045332826,0.0841556316254812,0.08690722962002936,0.04848150527375117,-0.07126728230499574,0.11276890804641561,0.17993042042040777,0.13080057485769692,-0.09244034294422993,-0.1191221349300162,-0.02732790232196284,-0.08031685251384835,0.07457728120871794,-0.10997695907891968,-0.09276682111174255,-0.0815301162964921,-0.10263728619460437,-0.09372743214713193,0.05065241641158956,-0.04254999739742904,-0.12028859824241703,0.008573130734873428,-0.04039533439617163,-0.11707120760989663,0.048332533056745716,0.07746903319396489,0.11520338183946059,0.06568701898483972,-0.13222471419534917,0.08055799941868483,0.08987276108809866,0.08945304907424124,-0.09952847211995434,0.09216255959011858,0.09997458623731156,0.1323163884710356,-0.08613819068637615,0.09084185560932889,0.14152141596301668,0.005083323650390887,0.05171842088911873,0.12041503468194893,-0.02598869076329843,0.0704719974331903,-0.030304659598014216,0.12976477569969624,-0.07033804443396323,0.036500881965532486,0.07773851176368766,0.05939571372687806,0.0494346855723928,0.11244411789564995,0.0967332309682666,-0.12814101690157528,0.016439023170956215,-0.1095961658905138,-0.060432421318067434
Sr,-0.0917040505920419,0.030099534542646883,-0.02840427607908814,0.03894869920908786,0.06922412558252941,-0.02424104879718247,0.13118362362628058,0.12126972378008274,0.044966583950468965,-0.16034464069177723,-0.026401805614223076,-0.11193002000772152,0.11343986406919852,-0.07415285406994407,-0.03827078828933878,-0.027725614349576475,-0.10164576684743529,-0.09817221728567779,0.0009888289357323971,-0.1050632705039131,-0.12012883945345129,0.005074170482703153,0.0419438732827355,0.03262586822142688,0.028816007834091967,0.01890326705900638,-0.08385459138738592,0.13032688284317187,-0.07550330896047903,-0.027031252660845214,0.12718202473416798,0.04659837484066453,-0.11155491937830435,-0.027943333581454025,0.03858442743018173,-0.14028961185778438,0.04027541841530315,0.08554360720367511,0.10201111886316341,-0.060237471549517835,0.04829734052908848,0.05885652819204463,0.0624284884925065,-0.1074842350746022,-0.11742789542722702,-0.061064426235040284,-0.15489081110002262,0.004694660153671481,0.0736815119157181,-0.06386346361948023,0.11413430855557918,-0.13824423939826405,-0.09947468611170347,-0.11895231100537869,-0.08024226400528697,0.08133808078008027,-0.17976443930251565,0.03133868881336979,-0.002517962826307581,0.10960965517584978,-0.09222294121311976,-0.12027758923192883,-0.1245315978443391,-0.04299078951883432
Y,0.12491866282807458,-0.02904796524487025,0.06498369504737472,0.07478040297318242,-0.04371485531019575,0.01706031554424363,0.03309174556578667,0.1366954536378995,-0.11350839854176067,-0.09517659606619015,-0.061529538575016626,0.10889325240883332,-0.00422983306126434,0.05935381878464068,0.06673090066531491,-0.0283646447556611,0.024764593537321952,0.10102125130207305,-0.07116438291100462,0.1256141158536982,-0.057071361125919456,-0.09943967840511236,0.14210078295609752,0.14263791537525378,0.21508899784337016,0.028586918987272725,0.07800277602858874,0.15805630104256718,0.12074266926233203,0.0039360049717209996,-0.004616283169144722,0.06501967336680667,-0.02540876909526571,-0.006137830843191995,0.017712067471916525,0.00722210656581439,-0.0517239537226257,-0.10279045827613756,0.12170164208134904,-0.04833194286465447,0.010208954028095804,-0.060380201628333144,-0.06829471183985436,-0.028316965752632733,0.09612194873779882,-0.09354921033778042,0.07089650853559841,-0.06301425658822149,-0.07572149863630039,-0.14195151361120348,-0.10544569217197709,0.0519227583952297,0.13904383550450988,0.04692966937606246,-0.11523103161647882,-0.03785178528178135,-0.04818228947326057,0.18536391731331642,-0.05683859647369862,0.04757697054443564,-0.047678392684350944,-0.053878165657045986,-0.045498389509474116,-0.12120552632809062
Zr,0.1492848526390722,0.0931589924888075,-0.10298305678660452,0.013657484031667012,-0.0023825616641912823,-0.14482739615937787,0.12214554206220264,-0.06991131734021303,0.06387220618082086,0.022678669511741488,-0.14536506941274288,0.12522036650244786,0.10345877558664805,-0.003143552198480895,-0.0419667486912199,-0.08713184799632609,-0.013662950662621048,-0.036418473878833624,0.00689538080088435,0.07544471255653673,0.05729364746743943,0.1490163159422956,0.07780130945912184,-0.010071001938683892,0.16118437877963518,0.02172821093134812,0.05371077070606611,-0.03873915930324408,-0.10456932859075092,0.08910230775783543,0.024138786868778395,0.0968849265937224,0.09520322476704264,-0.1079851967521121,0.0057683063329490815,-0.07522535140576482,0.006856113639945809,0.08532475629864214,-0.02570081752695264,0.03281955564707196,0.05975006241868276,-0.08170426302896627,0.11463367513801227,0.014614636222103789,0.15166257388281168,-0.04574492163208989,-0.11943559274546645,0.008136878141500496,-0.17492952988799176,0.12319056495876185,-0.1614586294746084,0.0897962297781373,-0.022852548706067715,-0.029666576196636495,-0.0996159938487364,0.03833069741726694,-0.0026478687996542936,-0.07223917470461354,0.1030935168532771,-0.07798059474932914,0.011105206300533124,0.04336351094458823,-0.11163716072865708,0.10751887762700302
Nb,-0.1419517453101781,0.14338954175020693,0.008798852631967728,0.09410053010761107,-0.11561903482880144,-0.09905152513407547,0.05180383769654923,-0.09228048438388166,0.09605602059342375,-0.11228484628514972,0.020085360913045077,-0.04342913670748978,-0.006104143629156424,0.07297252690832924,-0.0659136757545334,-0.15240803117886467,-0.13527913886851223,0.041895319144078666,0.004461213125080847,0.040633155067086556,0.025008652435585876,-0.040762928536127375,0.017366410418298922,-0.11843857299603765,-0.03496487761029278,0.16922772388236065,0.06143030378314424,-0.01595582910744559,0.03931847205649574,0.08000111228395915,0.05350112940660484,-0.08768899078095485,-0.1167939372937547,-0.06384613115216894,0.19815730592128067,0.01287901489038075,-0.06703704770885002,-0.1430672194351422,0.08208990702854776,0.06879094380419615,-0.004017727664173874,0.08932809105848681,-0.050883085599138095,0.0756124746471183,0.0746080171415187,-0.06499972790836017,0.033676759566112484,-0.09997079087025693,-0.13239203075312275,-0.09380403037176448,-0.1108410416554094,-0.06502468674714144,-0.02646733791996144,0.03725765284051409,0.03249384994017278,-0.07915873131281789,-0.13343031400512867,0.04100395911798312,-0.051113060067401184,-0.06634257440028493,0.13452175729612,0.11241907152053418,0.07381786475430882,0.06671087748618545
Mo,0.1833571032231422,-0.11102956913899724,-0.009734288205714538,-0.07876303194389747,-0.04418253130743888,0.03804848364032772,-0.07011194691847812,-0.02179935791001793,0.08954020910754663,0.10577674843540165,0.07201290451358743,-0.08581344920171285,0.02517388704718227,0.012945961919787613,-0.047844932326667027,0.0002010521566360299,-0.0062248421788215925,-0.022694494518936424,-0.07725902582433786,-0.15315676739490663,0.049364111379929417,0.10713796255445591,0.1542936964397338,0.07403533788509876,-0.12231516158799427,0.1514956667347247,0.1445719429144119,-0.02532011398657224,0.0006074979378914269,0.15932797524490636,0.034927653992320964,0.10120900797712992,-0.10999638884048872,-0.05063790969894598,0.07020412561492004,0.061610782038770705,0.08522532749449,0.11642225246745873,-0.05673860883084778,-0.1642995365169519,0.08224122123611909,0.044245156306669926,-0.08117834046668647,-0.014883023794137726,0.03390799185936807,0.06586599137200524,0.08589222254415958,-0.06041232148988707,0.08107156112261543,0.06118890230524965,-0.014475808200469979,-0.03087700723349826,0.05363302115451232,-0.0777617227965546,-0.036381061489330575,-0.044390582027470836,-0.06560553083865954,0.06415314002022528,-0.17138053263481134,0.009098663267720032,-0.07551745984274408,-0.13930076391021243,-0.10733569277387943,0.17292176266538112
Tc,0.04792900818516411,0.14309388783205815,0.11767722559810112,-0.07216992413815201,0.08523676735323008,-0.025602326699980787,-0.0005300399253386355,0.04001941351978114,-0.006275290695284523,0.11084911373141094,0.01283793669544717,-0.05051646669461141,-0.0858494732297841,-0.14894767917802232,0.016719085968366704,-0.11878512364262696,-0.09513165919384461,0.1070698958837531,0.05604091018306089,0.10314153571652598,0.017112638149556728,0.14853824339716654,0.16611097294693736,0.09220062358426885,0.03644496670428093,-0.010828711201107316,0.15624185713959748,-0.09333695385416726,-0.08114521654346389,0.0039551029134569995,-0.14707284235703513,0.12765217635531617,0.08255942645695301,0.034002335415890234,0.08898511102673098,0.02478557810339566,-0.12357045227586755,0.03731544012847749,-0.005552048111656169,-0.039064511464585804,0.031152592113778344,-0.10231859527805261,-0.08712345730512452,-0.11895872944534437,-0.0662637517286467,0.13546378944605464,0.10235043126253054,-0.014194829178125699,0.009307498433856,0.06529295371669032,-0.018488289507224944,-0.10032187210253499,0.1315454772228449,0.03678232410565972,0.13731277069027217,-0.06601675000030746,0.010187431019261733,-0.05892642802691428,-0.11331103914732532,-0.002603921049426726,-0.007603485396191876,-0.09341640845404438,-0.06790211916984842,-0.1285645092576341
Ru,-0.09415139644177607,0.16486705661806136,0.13933550246387602,0.08740167471179361,0.003259767730298863,0.05441125147449589,-0.14161758879415054,-0.05091709814653555,0.09008252524915143,-0.051756806226512665,-0.129585337030958,0.10463491861241711,0.11701367645342894,-0.06361672930496158,0.10658397697067912,0.062416688837170116,0.024962680577338383,0.1264517902686251,-0.012095460372962793,-0.11156682155721462,-0.07078008120053182,-0.03377975379299895,-0.012823645315461825,0.10068650431023028,0.04168457628068182,0.059545038843802287,0.09325915097569216,-0.10954246021716896,-0.09580853760940955,0.10731340028365903,-0.09784355013116852,-0.022345021235013293,0.08926954860058564,-0.06104656363838625,0.15263569469707483,-0.0172204864709657,-0.11503250949770466,-0.03307855797166421,-0.004875881566433551,-0.06517532503524072,0.028850460947865173,0.11622953372959667,0.10207453885139939,-0.06846322201604162,0.025000290947996717,-0.007125547713259892,0.15500851526318032,0.1506226394747601,-0.07287997499256779,0.05712597844258754,-0.08114954180118109,-0.11831284390495297,-0.13776968238492115,0.0161296853989826,0.006747441524362135,-0.15204296658562927,0.014329106028950891,-0.07032470774852881,0.012762202134879913,-0.02589985202784846,-0.04642965241908362,-0.05351741121582281,-0.07583816197436155,0.07591633520880858
Rh,0.04716990538633551,0.19450581899616173,0.10702919834953988,-0.15375953543516777,0.08229377928948324,0.051191631443611614,0.027623062873552547,0.07113485819927853,-0.04395496909374755,-0.0653879365141886,-0.009943158347316846,0.0017440465561273171,-0.008995316699417001,0.045735968706956134,0.12555413238267368,0.12402399376142297,0.13088562182796235,0.09272219412557806,0.12109919773875769,-0.09388341861007425,-0.08470760957973418,-0.015916095382911413,0.15299712021110703,0.01258636171358186,0.1339847164620219,-0.044015132700397544,-0.05195766689009143,0.06444883638440332,-0.06338820118294573,-0.036007294196211174,-0.07112967342732458,-0.062033709402942484,0.11482612748427237,-0.046855845525165855,0.028476159462403675,-0.11561163507107423,0.12210122195869741,-0.049952759888700626,0.03223280697659464,0.10142223583945549,-0.06109905674395191,0.09384238850236427,0.02156304182685227,-0.00550199822950121,-0.05930262290905901,0.2024767809372208,0.043411268022079424,-0.13197208861506943,-0.08036290329512523,0.06914059702473521,0.038372854073013815,0.06100445719268182,-0.015325038265124099,0.07221008697546555,-0.020442279494601614,-0.08623241829661886,1.956128419914735e-05,0.13740577922090866,-0.0884812230502847,-0.05709900336851333,0.10983646070064768,0.051637589446035116,0.13764790906482616,0.10749357765288856
Pd,0.025743857447645926,-0.03981126930056658,0.16210359593946083,-0.13261200441873927,-0.004395151225137471,-0.0037258018309112473,0.10039716135203901,-0.10500728132618907,0.027805637415767435,0.1139578962662215,-0.10976706686473194,0.06504177920422946,-0.11433514931143167,0.062407765977164124,0.13848599984581664,0.10706613011605386,-0.03874742225836304,-0.09535803614706938,0.14370086451415887,-0.009351309045338506,-0.17585267321422346,0.0463209321861769,0.02461121604949421,-0.15198112880033954,-0.07737106448141208,-0.15683720534301965,0.02088836768174689,-0.0161009591786895,0.049164659428242594,0.12748072430079987,0.10736623185318299,0.01830459422412644,-0.09692143077431205,0.08943570616569993,0.032338731396202566,0.026834089285638227,0.08856533527503074,-0.03483428061541228,0.07768646376774511,-0.10388915062507469,0.0305300106825655,-0.09687973072957809,0.12290575027488519,-0.09795319040798171,-0.10243272307190487,-0.03823531744610549,-0.020420234528404867,-0.09604412395339018,-0.03628323542214272,-0.02299493526973139,-0.11617207292858588,-0.02604987867772408,0.08102663648317396,0.11556486702849833,0.07738344584820588,0.032182928695170226,-0.04266551423090083,-0.10251466112050735,-0.026588304865126085,0.12937541162577224,0.14813186809144954,0.03563056519381112,-0.09261794664454215,-0.03593523402413889
Ag,-0.07248229210885203,-0.10706756072670041,0.01150092859790824,-0.08204327624468737,-0.016709089389856303,-0.03530566623924469,-0.12702701523485385,0.15291877580476426,0.06389460260056463,0.08904628293569997,-0.11536937528850078,0.06636356475890746,0.09697477033580143,0.0599631788523886,-0.08463810162102632,0.015032882566572389,0.10632567494319306,0.024344120490574002,0.0575352631043153,-0.06952437204689452,-0.04707269670914019,-0.14736505398960506,0.047023819563749826,-0.15857964770080873,-0.04997581471866085,-0.1021040546889222,-0.010457562004157251,-0.1557232581295518,0.02178374189709041,0.09116448094297175,-0.1281685292008297,-0.07347431279468741,-0.08681306608813182,0.10955121178723785,0.055563397494186526,-0.00533190686946068,-0.11343695664752573,0.04430049504709521,0.056047774712366966,0.07098734533473243,0.015259351912795406,-0.17612544136214459,-0.0851600761664622,-0.10557778735016646,-0.07738064165611788,-0.12879284353313086,-0.07604071657537341,-0.04515016915871224,0.13662978936234332,0.039112219343212726,0.11183034849995888,0.05008898610307024,-0.07169864991486628,0.06513595670556449,-0.0022578114687798524,0.01185230978348588,-0.013171519080533677,0.14679432514830293,-0.06541939162333327,-0.012604209593883553,0.1589954443869851,-0.12331554919570456,0.08116558092866223,0.08964622493759539
Cd,-0.04116875339743383,-0.15394760311998254,0.06991315268764813,-0.11291825558784085,0.026815355503069096,-0.08341244058029508,0.05692194714841047,0.138269101530155,-0.15879048178275765,-0.054796633431989754,-0.05376108844335496,-0.18056104066615816,0.1053099393678393,0.05583822243461925,-0.001641208647627389,-0.09795296043433716,-0.10374176955819457,0.06843719300055029,-0.09199458171519986,0.09064545890045612,0.06254179168687074,-0.08197351199543833,-0.03014305382241693,0.05274921231857003,0.010294778626700366,-0.08790511344494935,0.003706178764396487,0.11224553476821768,0.07967418292268624,0.03420137332285105,0.1093080523488447,0.11830541700472781,0.15114567321401065,-0.06142299380034988,0.03770511678190287,0.08500941871263325,0.035473661353165695,0.012425566836668792,-0.0905188661399869,0.05181475096806095,0.06501005001398633,-0.12480224145936979,-0.007385861939328723,-0.09072271562314868,-0.021272203891224098,-0.09523876579844781,0.002410618086181918,0.043228197978852384,0.016507546768637436,0.029001835016256947,0.13184371820364896,-0.09852843145561153,-0.0501809127072478,0.12772275867314456,-0.028425828048642042,0.1470655375588711,0.10371797054612361,0.007193552798522541,0.16566465558541577,-0.14239101034024418,9.397908737711428e-05,0.05755461634588628,-0.019812456170958306,0.12189646425183988
In,-0.028107710177378252,0.04574508649935488,-0.12009024669761739,-0.06663532169852034,-0.0013210456377018196,-0.009447744479202595,0.08331351531385742,-0.07981832942501298,-0.12816759070302694,0.09747397154504839,-0.09575160313584817,0.022802196982761376,0.03704098218844882,0.06485221858252294,-0.1604818417253045,-0.12445779632039429,0.005339230723925547,0.15763401022397164,-0.025398722189390547,-0.10559181845194876,-0.036557825968043314,0.11723623128426458,0.11982330832079532,0.15246425986334267,-0.10984658442804651,-0.0639165663093833,0.03132315035728486,0.052334705548914576,-0.0733009605741967,-0.10287458359995894,0.09201611577474081,-0.1199570906141829,0.006797033615011311,-0.03334104370187762,0.032077872584035876,0.05106062927013954,-0.021810145357483792,0.03912122576119941,-0.01627280419491163,-0.013787434260849243,0.05761289197321389,-0.06596907116795564,-0.08575926439365215,-0.1286884581895715,-0.08079369179494164,0.06988279097686133,0.12548929679915707,0.05716531638982524,0.10284024285573697,-0.011248135499329372,-0.03933835653813255,-0.05963299660772984,-0.04825288986182898,-0.12140319966751667,0.07578298074655306,0.1643864136019682,-0.12272762877453854,-0.053402203233985535,0.12358355986406692,-0.0492017241662445,0.1275866332114497,0.08165679154637769,0.19453547004351926,-0.034900289487806276
Sn,-0.14617596679048242,-0.08058288872361037,0.05600285708020854,0.008510880551077982,0.13584944556294168,0.008845749646371904,-0.08007859345708351,0.12308314075963031,0.08509795554907976,-0.044124419750549766,-0.1311992653082719,0.023546573634036297,-0.020844471503383692,0.10663679998777668,0.06613785996185823,-0.0014249020869295105,0.1477082766419364,0.03585404286730907,-0.05376354284305853,0.07360910278722385,-0.07487143733780242,0.10368578661728305,0.0900260253378126,0.0591182411255245,0.038847696878596266,0.017370779028739312,-0.029144732860092434,-0.06407558025433228,0.05449898552724972,0.08481657198867718,0.10037507433836498,-0.080526990336994,-0.0027805442414336346,0.11380965054456993,0.023888460496034943,0.05900400358717492,0.10601678689652873,0.06459144675068053,-0.023924094980397763,0.08508488999823983,-0.1398829604593354,0.15638143213712372,-0.09464949639756023,-0.1587219361004093,0.12856171291848226,-0.08773786022891922,0.057195460475190286,0.06362104503824022,0.09958483022318909,0.16047149592591614,-0.08603334803176707,0.025760817441268707,-0.076252948820917,-0.022616473759009072,0.13638223172052963,-0.024938498254977185,0.008144030785117357,0.016624278082210727,0.08179341836851729,0.17054844435840974,-0.12189337537236408,0.051478731451335503,0.13209690396744478,-0.026852957039934715
Sb,0.10384244636334423,-0.09660911225056626,0.09959910425907506,0.10912730536434358,0.1416330290739733,0.10097490030216695,-0.07462819936642791,-0.08753341767263831,-0.1454065167870788,-0.08520528676741317,0.05717072350886455,0.13337052573138675,0.10282701803724238,0.058703327878237406,-0.1434498317379542,-0.1085522395750288,-0.09595319713638682,-0.015520778217873753,0.03984171782206546,-0.12521705567348948,-0.035701392442201586,-0.05405075112816162,0.026137293827236206,-0.009276357255418336,-0.021219905390536458,0.011604470436912567,0.1635643895697512,-0.10389041230492242,0.02383070934275955,0.026408769991642808,0.030725584445279123,0.12691110921699253,-0.03957492738556422,0.009046638948171695,-0.06520823815294927,0.08436921903590314,-0.06016017323102665,-0.09705938471532746,-0.026434439556658862,-0.0028341013095758735,-0.11903992162311684,0.049008037134498125,0.03723688859762205,-0.0872780928460489,-0.00850584428114318,0.054603696704506856,0.028497421007193574,-0.06425310867021318,-0.05139535462472588,-0.004336100523763601,0.14096098571255752,0.051929599672220085,-0.1573076639868963,0.008701415585037358,0.15630408541651117,-0.1230318266393261,0.1294237855133529,0.16022306948768944,-0.10810609224826961,0.12489486646194951,0.00693756591764526,0.05581374985431446,-0.0038677854631058595,0.038352168833658495
Te,0.05869940349079968,-0.025315945770516646,-0.12021405536130673,-0.09754904106791114,-0.10894265878453936,-0.0404925092288058,-0.13581425473039113,0.09821133791135628,-0.1797064662527975,-0.12648371322993043,0.1555399674255342,0.08426895748164763,-0.13871488914586344,0.11713195796366904,0.0011933432071821839,0.10121242082967208,0.06749039903768825,0.03251022190164415,0.10605396260291103,-0.09593464167021835,0.0580612122781676,-0.029182184033653105,-0.11701177981819501,-0.11685124959146856,-0.12688941491954808,0.03150600882638842,0.04896094264655461,-0.018493563480422727,-0.1449285792301589,-0.0341843050220754,0.14008298444986897,-0.009681037034539946,0.03291212021473004,0.09466058148043392,0.10109889918431207,0.040553165246341796,0.10304184871756454,-0.011750339258281223,0.052936277427725414,-0.041398830837756535,-0.10686608123794673,-0.06489120558176888,0.12265111546085253,-0.046376206022773335,-0.04060367687963054,-0.08323030184547142,0.13908634703113618,0.07126098304882995,0.021118720255555792,0.042608229720871256,-0.00258205743139588,-0.10425510954651997,0.12747749069502606,-0.10022207486342902,0.008666689601314115,-0.05767595870333771,0.05005951955205672,0.006871876433422543,0.02000874839924014,-0.10832139530124438,0.012169163547424016,-0.059508318304363116,-0.12184011380809927,-0.10078497418034559
I,-0.05127883803539368,-0.07920135065064735,-0.10355986451718893,-0.09934320727385608,0.0625761811216203,0.027530637911555363,-0.11426142246136421,-0.008836349252678342,-0.16304979858586263,-0.10396894754839651,-0.17110350926762954,0.09401536766358835,-0.08202573917772024,-0.10565393262134815,-0.09277590135232085,-0.11182368536835383,0.05165466441107806,-0.09874525400107405,-0.09844907276897993,-0.0031062851572499234,-0.08798572705367323,0.031620025552849415,-0.03861219025629854,-0.15054035637922636,0.03165457054643627,-0.16067860024841304,-0.00377292613958836,-0.041608792062601256,-0.08817634536639371,0.032279776155268516,0.048616918992324676,0.1952020056190809,0.007384534480590645,0.05021373011305214,-0.09384298425310965,-0.08166853428169028,-0.0022901734569193526,-0.06573986042980882,0.11605508673389743,-0.01914350025924149,-0.05605721220166302,-0.009912523257329041,0.14023828936996197,0.10022213827891785,0.09020489433165006,-0.023187957937355397,0.09905743251152478,-0.15766685769029398,0.1228609163631105,-0.008705409705362937,0.012190354938643025,-0.021472933040834346,0.09836147045506571,-0.11603375817544,0.10480395008774822,-0.003831137154169473,-0.09791320375066255,-0.11224265845832432,0.014446995060803481,-0.025333061288847252,-0.0011833369108371961,0.07830277803254597,0.024141344580720352,0.16584174081188438
Xe,0.0,0.0,0.0,0.0,0.0,0.0,0.0,0.0,0.0,0.0,0.0,0.0,0.0,0.0,0.0,0.0,0.0,0.0,0.0,0.0,0.0,0.0,0.0,0.0,0.0,0.0,0.0,0.0,0.0,0.0,0.0,0.0,0.0,0.0,0.0,0.0,0.0,0.0,0.0,0.0,0.0,0.0,0.0,0.0,0.0,0.0,0.0,0.0,0.0,0.0,0.0,0.0,0.0,0.0,0.0,0.0,0.0,0.0,0.0,0.0,0.0,0.0,0.0,0.0
Cs,-0.08773841045266212,0.030877520543302166,-0.0010925715478007623,0.1659474782821728,0.10581549639033119,-0.19244158236388725,-0.11960910745394733,-0.05575552856332823,-0.05181313310844054,0.056297710376229965,-0.017802063018241283,-0.002238057998526029,-0.03143084415712163,0.1366194071116506,0.19835401961213647,-0.048179430723874844,-0.03429140519716604,-0.11228424567821645,-0.016073040635081064,-0.06412568396070366,-0.08071792864931647,-0.02094793652910527,-0.07816869097535732,-0.05111323759208986,-0.07563547061777638,-0.18800737825491862,-0.0007170363848605353,0.06869508585642989,-0.04284819957185246,-0.08797041571630036,-0.010161854231879737,0.09517141640463714,-0.0533015136048351,0.044301201578214426,-0.11499939877057722,0.05136053948908235,-0.076852139755934,-0.013987829768880179,0.07494420573591958,0.05659396561412475,-0.02481610571636761,0.09538255750897996,0.028686129276633988,-0.09987756682012963,-0.07126516634961629,0.11308803935779632,-0.19319211170809514,0.05655709330294447,0.12956323071303136,-0.06697405140808407,0.005570404995094516,0.00033165484827568843,0.10528532699914836,0.12857357739942818,0.010835023852088812,-0.019418171362411144,0.07153332294257542,-0.04683836611865496,0.026231481321568682,-0.1590207112581272,-0.12703617934067818,0.04699165129529536,0.07335467575655244,-0.04866191192613699
Ba,-0.13974453123619007,-0.07947635756969344,-0.01626408570362207,-0.07056135011045256,-0.021478362547527077,0.0075538575966624475,0.09825018652139927,0.023636129602880147,0.06954655598781005,-0.036424340827810715,0.06555496829188243,0.01646216395263604,0.1248395098097804,0.0018986644798717916,-0.003694956334507153,0.06127734296270574,-0.055358075554878386,-0.11393310200487027,-0.13992822706331842,-0.18481999075154207,0.11353607579331787,-0.08113838046521274,-0.1396350403874085,0.06057937409239576,-0.01696246640336484,0.00313663598028337,-0.16707147944845482,0.15776041860114737,0.1261024716946233,0.11837120744603748,-0.025571892917448,0.02850972905159012,-0.05837800792719541,-0.12282620933235829,-0.15298284255375175,0.006774699389046964,-0.05311392824131851,-0.012225857282716352,-0.13887300486559984,-0.0061398375424804195,0.04206679690812008,0.017879399447461967,0.11834843350004315,-0.11848476020429125,0.09973981362852938,0.04495590100746478,-0.0732297295135999,-0.09607787760082886,-0.013166413172440813,0.08770273323216424,-0.03602010643411641,-0.07903523840270218,0.18304775062543108,0.08729982791176752,0.002875409127194276,0.00794433248694453,-0.08084367139499458,0.006018691870115908,-0.00641262854201026,0.13011493475813696,0.03783883090094995,0.0013187179130698169,0.06801254855778734,0.11205838229753724
La,0.022149461873342585,0.00785980700133015,-0.02913510145000109,0.16492800616734515,-0.09756186146232478,0.03964657549340221,-0.06851289621318721,0.04435355510844593,-0.12217029905879623,0.013154676720012541,-0.07724930087174142,0.0652001088850136,-0.08654714437909254,0.12807625498928116,0.13332661567970594,-0.04108439892252223,0.009281230241977616,-0.09829290934109568,-0.09711329126992208,0.07227386227161595,0.13376985398438912,0.010058470334074261,0.004378895633327158,0.009143686843300738,-0.10807491337090204,-0.006831984884175617,-0.05437518937923192,0.10070957854410156,-0.07466803500200056,-0.005807381216204238,-0.09836336650840961,-0.13807407330960664,-0.09153423520458574,0.06255111147427192,0.05020495971792093,0.06905200347954593,-0.05932716663946958,-0.09138767845227594,0.09790307737434076,-0.051325872566957705,0.13159026767489418,0.10432800681179356,-0.0698761929960758,0.06945369255416506,-0.0863053334260861,0.06771384026735591,-0.06487972248324136,-0.08250245450557232,-0.013708404618371398,-0.008938180341609942,0.07353635602420037,-0.16452378532368092,0.07107770475822063,-0.07438815457233483,-0.12232225054936338,-0.029937416103165873,-0.08251112614197903,-0.10460428197304215,0.09409007363970281,-0.08887540103723462,-0.14534540076081692,-0.1171432276543272,0.07570283904086107,0.09125998181022202
Ce,-0.1928998299497283,-0.006912779883251289,0.062451204869885465,0.07191437842493435,-0.08333734903053842,-0.06836289198627793,0.10956518920331537,-0.04469161307823012,0.08037407158752552,-0.003764279301996135,0.07840567419900002,0.05389909670882854,-0.08274841907671988,0.045191848188710346,0.07387454955827902,0.024266101905177046,0.1456396489826034,-0.03186951020100081,-0.11363342584754654,-0.07130855141061217,0.17258674511970465,-0.11605873393073235,0.15299000193700374,0.08842185142105917,-0.035536056127382004,-0.09931051222896843,0.07188141017748417,-0.06960501294120484,0.07583191918561119,-0.03780556718187345,0.0035680318841911592,0.11478464931443416,-0.03195967712774276,0.0082792840800455,0.013989384423199911,-0.06234098215946421,0.00697495145878883,0.1027360133786752,-0.007076385761589261,0.03676258778333334,0.08004116397615349,-0.05876381617280023,-0.05953587522975157,0.15103299994535768,0.08170707977219754,0.0578168077370905,0.05153951053871363,-0.18186027271558988,0.0059555966266728695,0.03043242585624857,0.051570525403508115,-0.013304888133867817,-0.14223156001732934,-0.07854413422769739,0.13919839466802972,-0.03092120281147756,0.00526223587076871,-0.1689193875031411,-0.1316867802554815,0.053405659993484185,0.022674665371207013,0.027077709910228908,-0.11615839964791089,0.05506672592306516
Pr,-0.019140325909439936,0.0023307545600641387,-0.03556988487332029,-0.10446599722797736,0.044419009384696034,-0.002108001621586865,-0.02427584445600634,0.0892726480946473,-0.02284717896492441,-0.11814287318779121,-0.16048755233428294,0.002629479384637592,-0.10315219987642267,-0.10433900608483761,-0.04040533895136701,0.03239817643574152,-0.05550973542479711,0.09478823069184715,0.0032681609319541944,-0.010953281675247315,0.12158065090520956,0.059508797502320195,0.05511415580914867,-0.002515975521588689,-0.09919393072270227,0.11145123691717662,-0.036390686975442475,0.1432325677937485,0.1204861618932516,-0.015124486204785475,-0.1025968085464648,-0.09833130455515642,-0.051972819886979715,-0.019930299678874632,-0.046100458464224656,-0.014767407430494227,-0.11060894735420801,0.17018918838822417,-0.12892912247463603,0.14956086173851654,0.15470227352428306,0.013922692144178983,0.08005702179186852,-0.06321846927588036,0.057761362177257206,-0.032786684523096944,-0.08578999462888609,0.004795996946951875,0.0013748506088837535,-0.00010441896900756789,-0.05872339655006187,-0.049280243700884734,-0.09245163676733682,-0.1577973575593491,-0.07791847391838246,-0.161827821935238,-0.1410796855921684,0.07061395955874929,-0.1673164360635519,0.011602889379108245,-0.04218605917919088,0.15025425504913478,-0.04023476527756666,-0.08114301272726294
Nd,-0.10076062926937067,0.03769182759129482,-0.05581610364771855,0.06721861246769788,-0.13655614655976023,0.09576676964373719,-0.1404465141673902,0.14101985027004924,0.04151146599086849,-0.03216637511666553,0.09154470490514054,0.017620206345816427,0.08814992595769573,-0.01992431201157342,0.037926913851991,0.006736594559861001,0.09446903772204508,-0.03143422355455661,-0.0494879110821801,0.0958219997016284,0.14795429862423085,0.05139836400855609,-0.0702808667047805,0.004758722812896867,0.21682620966145433,0.0874846790645905,0.009207709934262525,-0.11690449952353432,-0.00542134713756956,0.03766401094779281,0.07787489583709538,-0.13686753229063578,0.09362017469179253,0.02473036438535046,-0.14424417256564817,-0.08372888980672166,-0.11288478966506259,9.591675321611544e-05,-0.15499755490702974,-0.10137278414871408,0.10985106140602145,-0.0978920079547345,-0.04387967099495567,-0.050468492855802176,-0.016778217641573404,0.1377766359817203,-0.05272219328161841,0.08703001312396168,0.0012979946541664047,-0.12004497651339237,-0.09735136728210964,-0.06504262682752582,-0.009312834251364173,0.10852862555713881,0.014063869878147301,0.0038441999118541932,-0.10359187053118546,-0.0847104759821382,0.05868917783046901,-0.017232622683512826,-0.02014109463766532,-0.1327163799127879,0.05736630290341281,0.07150870000142766
Pm,0.008932474869331587,-0.021303519917456618,-0.13405666676953856,0.2257957539137947,-0.08710750731844515,0.10159276784588267,0.12875216366235864,0.077192140807781,0.031225229491407117,0.06621808176137947,0.04433740211349662,0.04912953769226548,-0.006415388103244287,0.1349073105647617,0.11382279379265739,0.08460163865044439,0.04145309564300485,-0.10911685307871351,-0.11129465153856978,0.013395244691738447,0.09236886454495613,0.051341622009561855,-0.010461576751696481,0.04952409035416681,0.01866509462010315,-0.13570649645776292,0.0394613912288598,0.12182485090874963,-0.06933338237066872,0.049835432185481185,-0.06929957447202252,-0.08265500507704204,-0.13263989920204947,0.12545299080914057,-0.09037858156249162,-0.0836103358743511,-0.14828899924011912,0.0816643908997333,0.07352750742948469,0.06732922931415948,-0.06212433182189483,0.19189331207234006,-0.03390209212859831,-0.058429504357289726,0.02356018431847549,-0.007446446163307516,0.01961670779188048,0.08936091024374421,-0.043068667067607834,0.0741984866145273,0.06097720596216091,0.09656397040448456,-0.02277919882534841,0.04289022154713757,-0.12387167007807884,0.1263141194561238,-0.09322038784764884,-0.012290581866749568,-0.010672762945574635,-0.09589974011193528,-0.016794650440121173,0.06942258577488113,0.01571537395111584,0.09339034233353878
Sm,-0.04260318311522566,-0.10784573899842133,-0.11424241652902095,0.23578794349648777,-0.03971919207533469,0.058130063230930555,0.06297647058856021,0.03693964256976354,-0.014274730770515083,-0.09145068238376797,-0.04050190436863834,0.021651304607981512,-0.18022186529576753,-0.09320824077685863,0.0621745497167538,0.030281165918648646,-0.11941144377144289,0.005779114441514476,-0.00919506674441946,-0.037346121336953454,-0.07362482106989388,0.1260733608779398,-0.05305952482501528,-0.0396451927580368,0.10151415922818677,0.112592655350205,-0.18129651276228195,-0.03463074434065467,-0.017358834550023766,0.12906389558290998,-0.131905402922318,-0.03261254149223832,0.0579306117344145,-0.1503929328620927,0.06170608035054036,0.14014465131818535,0.04209459227455596,-0.046619645916726446,0.04410617835662905,0.08524144269856711,0.16786635162328808,-0.07915256447617189,0.047297365399176235,-0.06601953719951734,-0.07570384664831961,0.059582218738350665,0.0068605157671828825,-0.024105018805048645,0.0012001124719060654,0.1079861584196237,-0.08200610127709371,0.03587462794012786,-0.010407925448624017,-0.03160014109733847,0.033971364041891425,0.13666613424177992,-0.018597977836626735,0.0741845913516945,-0.10353605329255204,-0.09980776373914205,-0.01801013618933954,-0.0846821311035564,-0.10452340601979962,-0.02211406862763438
Eu,0.05272508332937162,0.09613148974875574,0.14954477531526908,0.15203913672561317,0.004147064626501263,-0.007647451986929306,0.102585745770415,0.0022622110996045838,-0.069933919451161,0.013377813575514002,-0.028166727896542804,-0.03850864742315774,0.09925491333291324,-0.03688456959356935,-0.02259473013962124,0.02238256310447257,-0.12961935603744765,-0.10552675635870826,-0.09470239209226272,-0.03451808502085381,0.08169925110279294,0.03129126064032778,0.06586785352710038,-0.05414043582018114,-0.05564449588138202,-0.10477992723987033,0.050005049182816785,-0.03873404372477891,-0.100051121201007,0.05566470268626003,-0.020698456555773036,-0.12285463923759023,-0.06863458417219846,0.07640355567759746,0.0013347408908648414,0.09162236654825459,0.009956690859989844,0.031106950907749058,0.11092469070806958,0.13258555703650857,-0.0631538833581359,0.14402435069147534,-0.08319587875937803,-0.05839103157411746,0.10073914022525596,-0.03152293884958926,0.036750587110992085,-0.12273746325433174,0.06912565327450933,0.09670494903455167,0.10957196120555501,-0.11139233069914935,-0.02244621624677513,0.042348336423193966,-0.14817812234675737,0.1401262701258618,0.13428428963339134,-0.12406060183505532,-0.11299489359831864,-0.13342944842793145,0.045737739097761146,-0.1177675450842388,-0.013286400888990213,0.005238922679808439
Gd,0.09676028155372235,-0.06006244112813244,0.03163813200225121,0.028482204104279027,0.010170226431037568,-0.02214660513078843,0.027684068348517703,-0.12329968772314846,-0.09862069033001208,-0.010497723005576755,0.0408444054918004,0.018784514131394463,0.10419756514000783,0.04801820834503119,0.051206839796019796,-0.05175120844864542,0.054057127952695794,-0.06321934320184845,0.050855633917056095,0.0990030860120895,0.2187914435823643,0.0028886754321108474,0.05291154994672189,0.06937496618520997,-0.08656030658460909,-0.04226558734408105,-0.12951107441819015,0.04191393019930319,-0.09482246047058744,-0.059240511321230115,-0.08873740565981507,-0.06652310234769808,-0.05535599117851808,-0.0906472844411338,-0.011451630141533546,-0.04743223634247569,-0.06278141562250254,0.045868578137018945,0.051326300566173225,0.13336110985753,-0.021869896310514118,0.21270987832040822,-0.029617274812322486,-0.044481631372840225,0.06056723716568536,-0.10399989387412673,-0.07239124780994169,0.043382824039024555,-0.04258594356559574,-0.12843673121977875,-0.060104453770505176,0.1160548476366883,0.06449259124580493,-0.05988646498527246,-0.12139319827068125,0.061188628848825324,0.12538633063735646,-0.1833150883247539,-0.09577178779583126,0.009104720676003002,-0.1381678843466247,-0.11041436415530477,0.11194814544599842,0.036364194230032384
Tb,0.06384794495999861,0.026215156481476456,-0.03091124147374006,-0.025264617710294972,-0.10889514704681721,0.09668617073873632,-0.000508754141161206,-0.009906529180449486,0.0038218831584062056,0.06962857468955255,-0.08824880006277191,0.06014678296763019,0.0924032719693285,0.1389174271865626,-0.08392995580323455,-0.043625077776109016,-0.06645797572930079,-0.008244242163689236,-0.118857331787517,0.05194639660357428,0.009464223539560702,0.14439614396569012,-0.12062203461612783,0.07342723588490657,0.1522995379772044,0.08961336637226396,0.0584350134334885,0.05759488467824917,0.09566708478209546,-0.05269887004378652,-0.02835924231995689,-0.144123838659194,-0.08730732317841539,-0.12719127252847864,-0.06574485268407965,-0.10005742896692436,-0.07726005521100145,-0.0873643082684378,0.10886281490853354,-0.09946926019666558,0.08255279492144528,-0.0780071746505219,0.10931920335534936,0.14882518505334516,0.07852076081714358,0.04038879567279693,-0.15826788840924508,0.15240799564507762,0.07204999413273601,0.10618553658358519,0.05300074891883973,-0.03618325649987409,0.08232424536038743,-0.0380466829134254,-0.024751353667175496,-0.1165709416404487,0.10129917353908752,-0.0641627815215706,-0.10845067815063836,0.04982922816885796,0.08750521773860766,0.01384451092587047,-0.020485023892393157,-0.13254398639220458
Dy,-0.051510575257507255,-0.018333994232282345,-0.14272421464403803,-0.01945232567873043,0.006391856674935385,0.016914453081541925,-0.06361997091107481,0.08732487247615783,0.06177094668872762,0.08816555517375935,-0.028724469042948012,0.07993637866860243,-0.17189633000823196,-0.11454413922603078,-0.0822686152757845,0.1064594104252373,-0.06332664508571569,-0.19140627498213117,-0.15809294106931324,0.08490610715261515,0.09680555221842695,-0.06273135584495687,0.059366656246926726,0.04575759582097661,0.0863643321260041,-0.08254423536059238,0.08938023521967564,-0.039004146587919376,0.11173321758770052,-0.1703328642046394,-0.02545070692175456,-0.08338631655994914,-0.005422192161483004,-0.13898607699437301,0.10766818436424978,-0.09484404136178891,0.03779564932110482,0.09489822963976603,0.030007718380064774,0.12286500455927127,0.0576726327770677,-0.05208152013884937,0.08159962395263103,-0.04172803520816857,0.016540848600746217,0.08685927904323384,-0.046510579378855624,-0.03004410344955004,-0.08086053704740045,0.05665423495110482,0.11834676163760142,0.012132589346096045,0.06654630925509118,0.1246733719380952,-0.11935672405413185,-0.05951783041370018,0.0064670511793300635,0.08832528587836778,0.09814812796733678,-0.020689447194582974,-0.11588492605189119,-0.00017336599133585187,-0.09372328244239495,-0.14765677503432006
Ho,0.05685487349914334,-0.016266433809104943,-0.04868064618217092,0.18426838058863057,-0.03047264319299054,-0.09626736410551634,0.011976132802558978,0.029529751294091123,-0.0817183530304877,0.11998738006240144,0.05776833059770474,0.010246072298585927,-0.13982604363522239,-0.014765142338228062,-0.17365138986349618,-0.1206374839385798,-0.00454867367588121,-0.04438089855577643,-0.04175173841807815,-0.093778443962066,0.0021452453811097445,-0.07823873199280038,0.17537717040055525,0.01899234080880581,0.13564878478484707,-0.0027311921124077935,-0.18068925759991752,0.15723719435103087,-0.004554842214228946,-0.031309625672426684,0.0557474298400014,-0.1862259588075165,0.1088884221351483,-0.015283500912684957,-0.05461280250804432,-0.16430178127859943,-0.09951871111677088,0.10085161120075807,0.045325323923816094,-0.07674763650452711,-0.1015797268284932,0.03897837209956908,0.03630056044651529,-0.029059794357166477,-0.03365839801567764,-0.05018649670689249,0.028198093087594432,0.15040395045564414,-0.13964066321396965,0.025785600647795986,-0.059827349546274534,-0.007611439814374068,-0.020920696885585174,0.11477719840179146,-0.011018025466659967,0.018077357021882144,-0.06143764538015927,-0.07878526381752347,-0.09265716878734555,0.07704209819272557,-0.07879832480452231,0.04286955931477182,-0.03826514562987661,-0.06738221712917948
Er,0.09276180150719206,-0.13395329131097977,0.1116126826909409,0.08742376605558837,-0.003135881977789169,-0.06232279769754254,-0.06494238322349387,-0.08959833531450422,0.09641473445098547,0.05224725511173598,-0.036785967877781836,-0.0923082666012799,0.11671036319950433,-0.033194622395299384,-0.09440984735120357,0.08205912753623079,0.09746114973256277,-0.16501534519704925,-0.09338092625295237,0.0959603915848701,-0.027858528827974564,-0.06308060095013994,0.04074525944471581,0.15702303120855599,0.11058455685137479,0.1419978332710118,-0.05809403945736271,-0.04868311996375878,0.14553745957015946,-0.07989823339542453,-0.047669828044481145,-0.03666049420742623,-0.052612828260767866,-0.13985116324425023,-0.10902261150922557,-0.020247533338208654,0.10041799276388828,0.06180611438210443,0.1295514129001544,-0.04974183741168408,-0.03257946082963454,-0.113613525968934,-0.07725495565260376,-0.0487786950847346,0.05785764734657203,0.10493920907376059,0.10300243613322685,-0.06828499939379062,0.03508601447889015,-0.048211488865783386,-0.09948116507488172,0.10749787034583484,0.030623504174461,-0.07700073435227713,0.0073548703828816,-0.061043584446473016,0.006827524927665045,-0.033614161072838974,0.10933707630898853,-0.20697080663559855,-0.029512197585441553,0.011673537251709252,0.013961756539651638,-0.10237476041660559
Tm,0.054028584450966005,0.02344906786838601,-0.021509211098289818,0.18150559741425892,0.03844263710037733,-0.033573504146514596,0.12313590217690823,0.042135928442600785,-0.10019413710620748,0.038698949313191275,0.08928780807144866,0.06721183216626651,0.036989598540546294,0.05900436025282982,-0.08925440784884882,0.13816898235443686,0.10825063937438079,-0.11319768661599966,-0.08751607371680634,0.14307543790074106,0.15728801931095127,0.10097799576283019,0.09252884430576035,-0.019598030578029783,0.11139962841942001,0.040047302370919254,-0.14120745350759178,0.06981584895412483,-0.006718471762722537,0.013730294515053539,-0.011964594721731489,-0.060795052538718086,-0.08222853000402035,-0.01479580832501308,-0.06740051124613018,-0.08805471753345415,0.12207428243299415,-0.10593379156079279,-0.06214220040917455,0.0031748216404046846,0.0817349321436852,-0.09339877610204511,0.09669296606869664,0.12309553849640381,-0.07943515291571442,-0.014781118657768976,0.08853993510293491,0.11847144646706681,0.03358254493858956,-0.15784385105223162,-0.024560723332844946,-0.0010486129176109213,-0.04839927295312655,0.01135932468834412,0.03157131190789328,-0.03319425521801267,0.03938628439939315,0.15108690727154897,-0.031052263309813772,0.06077212577715449,-0.10039408972950661,0.11565373176728955,-0.1197583391825798,-0.14079429831916992
Yb,0.10292584537746519,-0.05495654534586081,0.07757446517867474,-0.06191972673754785,0.11210161531114735,-0.07807456886350748,0.11688781976168125,0.1474686577143382,0.07692984764121454,-0.004011293531133155,0.056841589315666775,-0.06544168141600634,-0.06285440186760087,0.012323275040673988,-0.12000576011831064,0.20647292945001325,-0.17054246313466975,0.06364225190394542,-0.009041558499480754,-0.012838291398858634,0.10571457845094384,-0.08746113963465331,0.009602274318767761,-0.10412115962035204,0.20663096158288977,0.037301483121786376,0.09367272624685018,-0.11256420157012972,-0.04812136687448381,-0.10717800364820715,-0.14334148682876036,-0.0803497141212906,0.027975578654758037,-0.04250860273895924,0.0016646962828276873,0.12264178332827942,0.04308364849907343,-0.044459427708424946,-0.0276230081462048,-0.02619357876310132,-0.10001469629587648,0.09782178394837715,0.03512317996127686,0.10404312624348433,0.0575738906408322,0.032667653664793884,-0.05415237539672748,-0.12176365193842473,0.11722264408698417,-0.01354312856742753,-0.09202283554882609,-0.11165239729981974,-0.086320844493996,0.08528656113349618,-0.052640922150720776,0.04491701126012561,-0.0469276655828609,-0.020507069972093266,0.08758161074403965,0.11690074090837871,-0.01787858436823924,-0.14363992955243063,0.001021776217637097,-0.011598986572839242
Lu,0.12345386628777474,0.13317798578133236,-0.02515779260522018,0.07541775997685422,0.03923929522621887,0.0044936058242174125,0.010303487072729321,-0.0816296680509299,-0.0693717799890295,-0.05796462209669916,0.0007737429965164999,0.09663134650310758,-0.16050159529948824,0.05811852887476873,-0.13596743762290733,0.028686757792661964,-0.07083216423227189,-0.02318074279193262,-0.10980484695639126,-0.02704924280164369,0.1193951706055063,1.1290639659849672e-05,0.009016234461754353,0.13406674364541374,0.17447006205913954,0.0759576084568826,-0.13576143744970362,0.08294372542697155,0.03821561248398014,-0.11793739212032717,-0.07186214709433081,0.019081258713761432,-0.08498087955915294,0.12989240104539784,-0.06836667124034043,0.07103510944873072,0.022256238634324757,0.0027393687911932254,0.05411945338140402,-0.0020996096282583955,0.007025274301635132,-0.16227150096287274,-0.0971618170405905,-0.07333027046452331,0.056974345227920914,-0.13792916751520992,-0.14263789476442063,-0.02914927573747672,0.01541552627149354,0.04530160645810433,-0.10102887646254181,-0.07973993240915427,0.13833166479837905,-0.06123138352444291,0.16469969220344796,0.10768360390198466,0.07708332915498425,-0.05745168933784435,0.09361734336941539,0.04695296895232221,0.0046161158777894345,-0.03180091038454513,-0.11003672746090926,-0.08911647659806701
Hf,-0.08164307079801363,0.0018720207666470946,-0.03432214046663066,0.08946394190025284,0.05002321297176158,0.15110110215280215,0.0685369127245881,-0.04094668721908879,0.07253659495931734,0.12988120302873318,-0.10246753293718497,0.034265487780769086,-0.05624715338835487,-0.09426052265643148,-0.008062244996039383,0.135228126260711,-0.10706145367947222,0.05005244400604667,0.06343350490579215,0.12824153955796355,-0.013007944028512138,0.09991959899451626,-0.02776881216004819,0.03592994257504064,-0.06029142525379813,-0.10713853000799034,0.04982602799952024,-0.008603453352426082,-0.02722641244172501,-0.12691934011066208,0.05965626510934112,-0.17081101670573098,0.08191544435855387,-0.09352553747834565,-0.08482744893983904,-0.03516534582204409,-0.03211479098393901,-0.04853164079602196,-0.016860778662472018,0.1311865609867447,0.0992177329936836,-0.11329056601457022,-0.030379476041824026,0.08460938125816968,-0.039097104250909835,-0.16130714401582041,0.02996595565456453,0.0015119958724436862,-0.008993775762761417,-0.17820093350754823,-0.15508610693982885,0.019498937121333694,-0.07573415287861168,0.020114599696797672,0.018243971100028383,-0.0464680738457676,0.11068155844377227,0.09779298691769794,0.014184506039388079,-0.1317820148653836,-0.12221487104165073,-0.002872758021372091,-0.10743984814936025,0.12410273003649763
Ta,-0.03149335809792743,0.16732578744266088,0.04410142306675895,0.09247868955824598,0.023614023321670227,-0.10031296684954707,0.014380593369892728,0.18645347765786904,0.15095567871311072,0.11832158975070181,0.07282643300987146,-0.13353129033168876,-0.13737035844304674,-0.1448919317985594,-0.12258423176263109,-0.15223081462243043,0.038107359077517854,0.10238852441447342,0.09142570175679525,0.07146340639509464,0.18613092802376788,-0.10572227621385792,-0.10601311545359461,0.08099298358825197,0.005748810852615071,-0.05037010470619972,-0.07366638105664787,-0.07891256444523667,0.005029549989605978,0.016543103359499697,0.028163723857123454,0.024991365636668213,-0.0690638760449569,-0.04473494130962986,-0.024843350974475254,0.040417591629696305,0.07004363775937675,0.03987056645677088,0.02555082248004556,-0.06810405754423444,0.03369063955905116,0.0646874346609814,0.048998490462333934,-0.006715573093280447,-0.02115137671614238,-0.06326670421548594,0.08438384641011835,-0.09922772120918988,0.04946119749529753,-0.12373982657485168,-0.09717648713879963,0.11874179959940183,0.10082061775747152,-0.08987585416907747,-0.0013301648308764321,-0.09384896832601534,-0.07408659697690667,0.06430915918406395,0.07770397069993253,-0.0006951800942283851,-0.02396560786322025,0.0661955922600416,-0.048390771739983574,0.1389157568463673
W,-0.04216083983403032,0.1874978009632855,-0.10160472822573442,-0.12073334216339617,-0.12306394221811504,0.0544799848682503,0.0742244026204738,-0.03688801768398848,0.13665119548026286,0.06486966638029411,0.042259115561778526,0.08784655059630012,-0.07167495398120313,-0.04202604969822518,0.08570335586973205,0.05901644170033918,0.10619849857960298,0.16090940106743057,-0.1388166795198602,0.04998543590827547,-0.07921271252745851,0.10293629676974625,-0.024338998181517194,0.008813925168355182,0.04743769484605312,0.03355394376733689,-0.10794044724119019,0.07223071353838702,0.11963052508396078,-0.12337913622589025,0.08834749246159472,0.08284779917714123,-0.06294018566435068,-0.029157669495679005,0.15889723999662683,0.07120680237188157,-0.02308549655499188,0.04293901357182674,-0.11431545518063885,-0.06127182890671561,-0.11999448955274347,-0.0496063734589413,0.056967592678509066,0.10698216467230647,-0.03969117901682916,-0.10377375012610074,0.06231510048989975,0.11019586979231637,0.07010190884018143,0.09837941076155188,-0.02003100424072121,0.091349802815639,-0.0421209233721029,-0.048757779091906955,-0.02663561628386737,0.0008725744522663131,0.14359603729549367,0.1264477787280671,-0.12526635555385593,-0.09058208458458292,-0.03195048714049154,-0.054291697765846914,0.0458852728057908,0.1294933017028316
Re,0.021307193217610244,0.18945304235442484,0.1237943857552835,-0.1017065756210643,-0.16291993075204458,0.06644156493656812,-0.00012428680409027533,-0.05304654420291424,0.1504620185442459,0.13532948018698013,-0.001623519367941456,0.14036945057930048,-0.07202345542146486,0.0678651802971999,-0.004817837481241191,-0.15890236693022278,0.14469186214627713,0.027783015332535473,0.08311663571246264,-0.03637153658389465,-0.1488302331395984,-0.11384244105957175,0.014705805511802344,0.05943925059265906,-0.02500645243410625,0.08125716257282388,0.06501257919402981,0.06259945877787024,0.01616541978499358,0.18288327638870444,-0.0070122736473590365,-0.011538627002686536,-0.07567124560398004,-0.0615605147988111,-0.06881179936484882,0.05775228580952812,-0.09663697038440235,-0.0466429610384453,0.024646149258004058,-0.0075854306394540424,-0.08656189857301606,-0.06934862530494955,0.10310063408867438,-0.13443215668337408,-0.007595476375288769,-0.027698602151086014,0.08862342375190962,-0.00720061117784192,0.08197972854351337,-0.12953394621316663,-0.06364528287593252,-0.05436243587126249,-0.13772694898556004,-0.04779354610713411,-0.05302652895533543,-0.00025307648943440845,0.019865952077412558,-0.03921994132723017,0.10223576136201398,-0.0672903256837023,-0.05798905984081615,-0.005298306943654493,-0.130862917279433,-0.09441702423862043
Os,0.07758681499919609,-0.0488862175677846,-0.0224181061411484,-0.12201928845924022,-0.05847149186178341,0.08569212918651178,0.08928899459423181,-0.09765243424431065,0.001078922566734665,0.04404554403525313,0.13028131521633943,0.07321587033703227,0.0011357859336605983,0.03010001556275578,0.11573699483035112,-0.14711403588646008,-0.013445693888863774,0.13897303826455804,0.06318032516317358,0.01719059563024738,-0.002524875192101631,-0.09047343791805312,0.029269744185001743,0.07993555273009362,0.0012599684151498342,0.046163738157115115,0.0955388267385839,-0.1131934678513232,-0.024333579559349276,-0.0422974094878492,0.058229133410242676,-0.06133467307733557,0.059499921391613336,0.13314352273349894,-0.007973541294462975,0.11100928827375033,0.14100962118932536,-0.1580193647336754,-0.0957689841940415,0.16427193621777714,0.17147479550812753,-0.03184212602691923,-0.1304446909757668,-0.11628047533980714,0.10247346872843548,-0.09408731609550636,-0.04446914451189917,0.10558621674612977,-0.13533768563780965,0.042823965790393846,-0.05096662271367946,0.09784311780148067,-0.05352682698448026,0.05009464770534454,0.06855492345474555,-0.08883182717363837,-0.14686279547766717,-0.03799134135761901,-0.07743103575818891,0.05713438563902342,0.11414737850232594,-0.003170303864898833,-0.009559926574149849,0.048507395024122255
Ir,0.05284485777451739,0.017998729110154096,0.0930977375457602,-0.07113409549749426,-0.04767115711288993,-0.02125438750600338,-0.01861992168459274,0.09547051128899142,0.06883171185081977,0.07237678758203002,-0.12421601456615242,0.022531927300145416,0.014764841760183143,0.07554196357020905,0.05663706165264033,-0.1326343644246025,0.10472831677232215,-0.10054352389497255,-0.04515762917277326,-0.0345273458529578,-0.1525962796905415,0.03557284736090796,-0.11795475021282806,-0.08239112226368138,0.04982514393965003,0.09905768143833452,0.1321275654908443,0.062087963971127154,0.06872288271576352,-0.020119065031148645,-0.1494294280489175,-0.02392208815200538,0.06595997155571776,0.06972034387819734,0.012313774730325017,0.06252480963983323,0.054321348793600836,-0.1449077370234862,-0.17220275178681888,0.11417040133191726,0.0468847176807401,0.12773243255078176,-0.07874927869550251,0.1375276741375011,-0.08635522812972411,-0.1432978022510353,0.17800595281165854,-0.06730525205055486,0.020329589656952734,-0.09606921826347754,0.050388696498611406,0.13594030530574155,-0.0472855144118943,0.05292142749963237,-0.0020495769509142362,0.022805970192469834,-0.06982810127165967,-0.08333282957526895,-0.07383545091482935,-0.08490928823903217,0.12070797935702957,-0.046305957955123454,-0.11767282541749151,-0.011619925428413922
Pt,-0.024955430746430446,-0.021583422199736222,0.0325808187401719,-0.13904705415800464,0.11836860421403828,-0.04223927852946545,-0.0190753117692875,0.04216514853521195,-0.01005796630002449,0.10063336331802389,-0.06916250290512536,0.07072774639686748,-0.09127602151754574,0.13670223074322058,0.060702948743686355,-0.06650774853927624,-0.11348341183325561,-0.03051226393052378,0.13925239410626863,-0.06329253652196123,-0.020751594030024082,-0.173318674023688,-0.057271092783475135,0.05474522368200911,0.14372458908934935,0.029243303005007697,0.12334610061421797,-0.003089252303630402,-0.13300422170879794,-0.01922766572239832,0.007935990083005757,0.1353978844365484,0.05599751189075488,-0.06403993605644792,-0.06877562305424836,-0.07904485154109567,0.14471753269664434,0.12798863726140106,0.06063736877778236,-0.007481767528100966,-0.006754409599798792,0.011486453717098128,-0.10125676176000528,0.008237926726105486,-0.1819402391036416,-0.12652475978267833,0.1497596548593157,0.10260059198262218,-0.0662205833753873,0.02003097048025037,-0.005861672892673229,0.08451606773427527,0.05890415570204806,0.10207466650589621,0.12134212044922939,-0.10114032688062793,-0.05934878535064192,-0.02297601803844705,-0.0856184171264346,0.053899743216052017,-0.0287501403005083,-0.10452590014005232,0.016505410164439006,0.17689182306316903
Au,-0.002586076271075803,-0.06106293718763877,0.16969329334881564,-0.06550134359335079,-0.056777995532191476,-0.07113998652702479,-0.015832965425192868,-0.0749405469752612,0.06955591610761533,-0.07300943641380135,0.051258408806208335,-0.1501554151902414,0.01903009333031664,0.12303240875782771,-0.0985158953208158,0.1163950590989218,0.05365096603209487,0.10905651232906108,0.038245932101876504,-0.08159327188798747,-0.13494357833192552,-0.02346678041894299,-0.13276919947815002,-0.05987375552453507,-0.10831153923626625,-0.0693796327836746,0.07401158003863599,-0.12713623253633533,-0.09802034056754577,-0.002401027445230926,-0.09416351026121289,-0.05677750093759273,-0.08699151307995451,0.12949740886352026,0.09563370818190937,-0.06772925880027472,0.057480302385127566,-0.006739983831883719,0.02305224948323311,0.028639773752846525,0.0361429915037828,-0.06269218895293574,-0.08592754249752628,0.008900318560783995,0.15358135870911274,0.011259200070128973,0.11400221579989757,0.15155740986169586,-0.09998346512364067,0.04328795829233576,0.07036008254690912,0.16587855076468278,0.168929729545811,0.10574244229013118,-0.025072789481624645,0.1254105088681393,-0.12484573771330142,0.05700623337527788,0.12321971427576153,0.010224385142977998,0.027938195317875333,0.019095574607562275,-0.0005512936790117766,-0.03679885013659992
Hg,-0.09930319423369077,-0.004907836404765639,0.003754734351300982,0.04236211132532378,-0.09921717637863509,-0.08007840077885522,-0.10001585003939162,0.130441340456701,-0.1507405943906674,0.09011440846286602,0.049010268258773124,-0.1024303494115572,0.09642968970542996,-0.16595350657173766,0.13449042113285,0.030126041521357727,-0.054110508581543974,-0.022022600561851104,-0.1000798237187,0.11312261444204982,-0.18913713779339858,0.04440042047217204,0.0010240583043225789,0.09269521544982715,-0.0904003516564648,0.051436553095689126,-0.009700294661824933,0.008827109395188056,-0.14434762926078112,-0.07605321274670077,-0.10322380346301513,0.07374758581659106,-0.08255698754281274,0.07600957713486134,-0.05058327313292657,0.13204557882932558,0.1121720382331937,0.004041205497689797,-0.03536626637696618,-0.0734194274094711,-0.11732384664195909,-0.07880359568287282,0.07332314998542482,0.017868352305040615,0.11518543607482082,-0.03689039020743458,0.03600857156041876,-0.006644561118308471,-0.03149823227122568,-0.030173178431896146,0.043701356697463986,-0.025853837443846662,0.08608950076774548,0.15444724332758136,-0.006011108622773686,-0.09238486506037212,-0.020715089969078688,-0.007741228409026913,-0.1078260229398494,0.06919943834299772,0.18749249471046464,0.1325335540518401,-0.03929140482230626,0.11030893144710598
Tl,-0.10611259756652351,0.017913851410052396,0.08203388942776166,-0.03855762809132624,0.0833852206169606,-0.07465435826083718,0.10358672967895065,-0.014712147626848545,0.07790885656842389,-0.0962878089814735,0.04164953615663866,0.0018135753003327426,-0.01987782971917546,-0.04287094220103075,0.0472459139391477,-0.10016206418521333,0.07869159657066765,-0.06311360899009659,0.12583254943451433,-0.18827096823472247,-0.12185561973233772,-0.08234727659875626,-0.015788674900150058,-0.07223499224347436,0.02885113002159001,0.06995902733569949,0.06528135155845063,0.007983987298628425,-0.15909567458682206,0.03405446750378694,-0.014095880345761652,0.10125485958511946,-0.061624727485307916,0.030467187258250285,-0.050072556164567114,0.12346892053043593,-0.10636704289448673,0.02581494400204078,-0.15618968158497387,0.038838052233282794,0.15031844588471913,-0.036419386244599804,0.0396989374921189,0.1259442303155697,0.023049758693086196,0.0005446696746006527,0.04284750912890481,0.0606223476905986,-0.11298731124824739,0.09934803134065233,0.054198402857295984,-0.13416521581303933,0.11837222482471486,-0.006234631436594743,-0.0973614121419345,0.05069478910422279,0.1624136754903322,0.1125053205990439,0.16344756741183777,0.09499458503005968,-0.08981065333267495,-0.006925852482823671,0.150911034301639,-0.029446578078756915
Pb,-0.08920725361112744,-0.1284101749574304,-0.1165575823769295,-0.05040155072570698,0.024492251036070972,-0.030094792438266293,0.14823575625262925,-0.05976632964344995,0.12192095411971902,-0.092671875121606,0.05097374269657427,-0.09203092878384377,-0.09603927674431302,0.12654693175050236,-0.051614897019665325,0.016893652107235826,0.08661611464685129,0.002875083801780225,0.0057569715003011855,0.01930935769394579,-0.12886363642570606,0.05013945585079503,0.11635064576948778,-0.1948562110005275,-0.13772333653210928,0.06345824586359997,-0.04530817876793721,0.02673167028507243,-0.09044629032222641,-0.010546044922843148,-0.1367546782293247,0.02565001987527542,0.08285567799171649,-0.06506734395420535,-0.02068710524810653,0.13751864749763143,0.027748849510425784,0.11887789924494038,-0.01297629529333884,0.018867622863653365,-0.14773837081907795,-0.11137644271950856,-0.07818107520536124,-0.07744110278356757,0.09831887319210258,-0.021587251281901084,0.034755502408562546,0.029993287372793144,0.004571572827964868,-0.020920033055617668,0.0928780317004227,-0.04052062734004819,-0.08151455641627316,0.19228040545372305,-0.044041181342783425,-0.19388373935336828,0.14009842838716904,-0.10211345102611227,0.029859063293354946,-0.03205107444651238,-0.0014981893942657123,-0.04691222162640451,-0.03825561291002704,-0.03314908690986186
Bi,0.057805599224980075,0.012537544470477153,-0.1487716082478738,0.02888022980071611,-0.0050212136635260024,-0.07382001793883856,0.06363331142148823,0.09103830297373368,-0.0719416735140425,0.08833159759083684,-0.0623994857847579,0.034787155467029075,0.039648844566224244,0.10234890744836282,0.0725815063492482,-0.09116832066399562,0.15204274404755813,0.11101839456565833,0.1279264941558889,-0.14259627441238015,0.00924102721805292,0.07674222696057124,-0.08653697052672107,0.11553144523878098,-0.11756759144326871,-0.040171020247874833,-0.01935010693317643,-0.030983988716378717,0.09100210573723645,-0.10687808404966656,0.14231415318846938,-0.08299802567601548,-0.09258483704458223,-0.12394422484051884,0.07639693300636792,0.1426921158470113,0.0679261220266431,0.1156825631242564,-0.12417734468076909,0.01831984544846731,-0.0023478175525586476,-0.005966555567621609,-0.06288646644458039,0.02828348284137795,0.010873144067779861,0.11185041278683897,0.001500047335135318,-0.11199810483256493,-0.01774181737384662,-0.08365833394327538,0.1543008417439542,0.007252878727796271,-0.07504360409573169,0.160085279394613,0.03841775127942705,-0.15356568224877556,0.04862607785640121,-0.02438590145039615,0.09735470542952535,0.1266371572270823,0.1376582689155085,-0.008134238669612262,-0.026737940891874923,0.03293320053108401
Po,0.0,0.0,0.0,0.0,0.0,0.0,0.0,0.0,0.0,0.0,0.0,0.0,0.0,0.0,0.0,0.0,0.0,0.0,0.0,0.0,0.0,0.0,0.0,0.0,0.0,0.0,0.0,0.0,0.0,0.0,0.0,0.0,0.0,0.0,0.0,0.0,0.0,0.0,0.0,0.0,0.0,0.0,0.0,0.0,0.0,0.0,0.0,0.0,0.0,0.0,0.0,0.0,0.0,0.0,0.0,0.0,0.0,0.0,0.0,0.0,0.0,0.0,0.0,0.0
At,0.0,0.0,0.0,0.0,0.0,0.0,0.0,0.0,0.0,0.0,0.0,0.0,0.0,0.0,0.0,0.0,0.0,0.0,0.0,0.0,0.0,0.0,0.0,0.0,0.0,0.0,0.0,0.0,0.0,0.0,0.0,0.0,0.0,0.0,0.0,0.0,0.0,0.0,0.0,0.0,0.0,0.0,0.0,0.0,0.0,0.0,0.0,0.0,0.0,0.0,0.0,0.0,0.0,0.0,0.0,0.0,0.0,0.0,0.0,0.0,0.0,0.0,0.0,0.0
Rn,0.0,0.0,0.0,0.0,0.0,0.0,0.0,0.0,0.0,0.0,0.0,0.0,0.0,0.0,0.0,0.0,0.0,0.0,0.0,0.0,0.0,0.0,0.0,0.0,0.0,0.0,0.0,0.0,0.0,0.0,0.0,0.0,0.0,0.0,0.0,0.0,0.0,0.0,0.0,0.0,0.0,0.0,0.0,0.0,0.0,0.0,0.0,0.0,0.0,0.0,0.0,0.0,0.0,0.0,0.0,0.0,0.0,0.0,0.0,0.0,0.0,0.0,0.0,0.0
Fr,0.0,0.0,0.0,0.0,0.0,0.0,0.0,0.0,0.0,0.0,0.0,0.0,0.0,0.0,0.0,0.0,0.0,0.0,0.0,0.0,0.0,0.0,0.0,0.0,0.0,0.0,0.0,0.0,0.0,0.0,0.0,0.0,0.0,0.0,0.0,0.0,0.0,0.0,0.0,0.0,0.0,0.0,0.0,0.0,0.0,0.0,0.0,0.0,0.0,0.0,0.0,0.0,0.0,0.0,0.0,0.0,0.0,0.0,0.0,0.0,0.0,0.0,0.0,0.0
Ra,0.0,0.0,0.0,0.0,0.0,0.0,0.0,0.0,0.0,0.0,0.0,0.0,0.0,0.0,0.0,0.0,0.0,0.0,0.0,0.0,0.0,0.0,0.0,0.0,0.0,0.0,0.0,0.0,0.0,0.0,0.0,0.0,0.0,0.0,0.0,0.0,0.0,0.0,0.0,0.0,0.0,0.0,0.0,0.0,0.0,0.0,0.0,0.0,0.0,0.0,0.0,0.0,0.0,0.0,0.0,0.0,0.0,0.0,0.0,0.0,0.0,0.0,0.0,0.0
Ac,0.018990128252665772,-0.10709856804147626,-0.05637030415198922,0.24435583781009343,-0.14724250488525004,-0.08077546750663829,-0.025334672274927677,0.005424538390322086,-0.05057311209307306,-0.10530677729475418,-0.08357941864554494,-0.09198787981319963,-0.050999115279778094,0.005806947179463494,0.1324738953143476,-0.03726023852776841,-0.06481004593079302,-0.032017017293492316,0.08446552896585956,0.13125044354077142,0.17487896513396772,-0.06986995093534132,-0.07012557428966054,-0.07857473967089712,-0.06629771487744704,-0.051471813323749144,0.04220696698391125,0.1851162430486037,0.08232240189341863,0.003062699603873804,-0.0021894419498420335,-0.059027033282497456,-0.13009648387106884,0.07232379747111801,-0.1942886752559993,0.03877045128602344,-0.08972472730854802,0.11625983132931372,0.08205506045685534,0.027650006476342602,0.08029268481860119,0.08969664654346098,-0.04793918359765708,0.05095460954730771,0.05910619047285225,0.12683012888113002,-0.10355172325877206,0.06328699866984785,0.03896200752144372,0.10544579072264372,-0.0334287799986187,0.015710302155377713,-0.048947531351625745,0.007761885647737194,-0.05949701473317917,0.009611239543146254,0.01756289479694132,0.035776940109126174,0.01761742330328454,-0.02157935302097954,-0.029490356186643744,-0.1590357772217243,-0.04476400429879311,-0.031788297649186746
Th,0.11385221331719232,-0.06702900452606325,0.059957634841661854,0.07185564589931606,0.04777876229952407,-0.0026362249098687038,-0.03762559600152792,0.008048148109782337,0.04320210004059529,0.020266294919236063,0.12634680789116254,0.09626634363764018,-0.12714807234230177,-0.12255867786795543,0.011528334025584657,-0.0525660194783281,-0.14936822612744838,0.08950941538241029,-0.15266354263775053,0.11312026953222537,0.07555184542180861,0.034785219680570544,-0.061996783892879034,-0.0270243639500013,0.09691235125746872,-0.05502676438798159,-0.1240708006128475,-0.02408206136158031,-0.07669286594224954,-0.06815792058541777,0.1104819566209537,-0.10358179115261143,-0.13103469677804472,0.007718447246309164,0.1940404597079238,-0.06697861822247618,-0.14181173998668375,0.0099885373780174,0.08378380166827636,0.07769571083430594,0.06393967868712491,-0.08734855796766101,0.07331841773930166,-0.14938178172670227,0.07498267784406512,0.07731474244640198,0.09076243577410831,-0.0524539263450793,-0.1477106749995017,-0.016327813155529964,0.03638508627461668,0.08152372434035066,-0.1432507432616991,-0.09146926977047173,0.008980252423590887,-0.08285220006676854,0.0818127081337792,-0.01965063773135331,0.1047968207866264,0.03902890562474383,0.06408732304892037,-0.05206537653351705,0.09105572392355558,-0.03207657643979496
Pa,0.007419576106212683,0.023203607005813174,0.1137468266518854,0.09556630836366682,-0.19252808059760443,0.059744697664548624,0.09628626347213076,-0.062476785995515594,0.056248848050218965,-0.01413262563770211,0.03889896023997667,0.11047942622913941,-0.04469636547248721,0.060405929766252406,0.1296862373202105,0.012070335413546483,-0.08683588833939285,0.04751778018238556,-0.1199228064429498,0.01999007554671114,0.18852514803355228,0.08816417532440583,0.021656737725309114,-0.07767993402400387,-0.02687273396470176,-0.0955062962059065,-0.06519758444234576,0.043726106669384215,-0.08244264935691785,-0.02824492715417768,-0.10510692914387572,0.08547927405440234,-0.028406552873195517,-0.10858209686297117,-0.13753710775138228,0.10239687364639481,-0.04477427875510809,0.013201840477150345,0.039488544172329755,-0.1030870060545666,0.03294082338932294,0.11385537557228279,-0.14208974084758058,-0.11171483761011006,-0.08062913085259403,-0.09035910052360308,-0.030348559584717914,-0.07997015080980147,-0.028720581822374767,-0.09140579325442187,0.1041387322084849,0.09113187023482143,-0.11081097117679481,-0.007482347397585278,-0.13641590586984742,0.019488531008439624,-0.09765282721082366,-0.029746343244397563,0.012362962254672,0.02049765295997752,-0.11301651895923033,0.04051893583169609,0.0903392167221388,-0.10056770297242258
U,0.04067028123204158,0.04077287928366217,0.17388361496114424,-0.06081270796968348,-0.05473380900497351,-0.024536417743185764,-0.06293147703461227,-0.008512717907966347,0.10697092696375557,0.056192709326330706,0.12985892179242087,0.12359232581582381,-0.04658206026876802,0.06263903388229738,-0.08520635639540827,0.01331102181624055,0.01598234851836123,0.15783488286543315,0.09432886822408147,0.15230183032101163,0.09866276330899468,0.13753680695472115,0.11970773371514898,-0.011182645619177013,-0.04680878187046532,0.002456297130120923,-0.11512913426904382,-0.05800077843046661,-0.003966288262116517,-0.0025046057709830188,0.1871389136805538,0.11860994258386717,-0.11159931786353659,-0.02919980790880263,-0.02193642973166103,-0.034664308769948346,0.12619749386838383,-0.023623192602083117,-0.0037016001611256464,0.1005316153815915,0.09406870561948391,-0.09290772066165147,0.08798891652416806,-0.0028562416506116525,-0.052669233071325004,-0.07957927570339521,0.0020505083633095868,-0.05923116202187171,-0.08195928794902993,0.07056439347382466,0.07393292958365325,-0.08390831175261966,-0.11699555002026707,0.13050406401829107,-0.09534199623421714,0.09793260617552513,0.002871226263901075,-0.1023097094217578,-0.10720254401907173,-0.11447207664224571,-0.0885586731153322,-0.08846527425547514,0.008938906041467534,-0.06910359518296956
Np,-0.03940719723209842,0.10443789473550498,0.09269913417087848,-0.03988820857096507,0.05485426783055813,0.0122598759586986,0.10909806012423036,-0.07039874244421279,0.026212432208892716,-0.0450591518010884,0.11216433131255371,-0.036822873641313314,0.10601221225143362,0.11554005678272827,-0.1032664511799572,0.05160019842218769,0.1269528254149849,-0.04746761992546731,-0.035299588170743385,0.06908393399519372,0.041201675703038905,-0.14200726900120234,-0.0018574885613259614,-0.05368443272497231,0.05710392844257155,-0.07583406231699406,0.11166720931367713,0.041698954599460866,-0.07662000502879081,0.026773232987111383,0.07226910274367718,0.06766236579581165,-0.139409056541365,-0.12844655685450554,0.18720043400082212,0.1544141136499054,0.03291216115781767,0.05442335422912282,-0.1301731509944158,0.07295895461654572,-0.06942037240588375,-0.08739487669991905,0.0848139575303568,-0.07084578120583876,-0.05035547219223086,0.13881028129276277,-0.06909891245624593,0.1260126562395481,0.10736457478550634,-0.011980514422462625,-0.12237432207965687,-0.03313072800091625,-0.0018771349522576706,-0.040683054741702335,-0.03457474428914871,0.06462853671386354,-0.1307373613675071,0.02344341672095825,-0.17956056570457524,-0.023828467899449295,0.09489030682568338,-0.05085918345014792,-0.08627559745430965,0.044428284014408306
Pu,-0.07342032314797452,0.05398936615896813,0.043052182180429624,-0.1078759230008304,-0.06946438747919709,0.024785149283749676,-0.016653532657065203,0.14135474951913185,-0.052906891800798314,-0.05457480067939005,0.15411896490052776,-0.03300015049965066,0.003881522188894038,0.12620339718279602,-0.04859521289124773,0.11489482478380786,-0.1273563236424272,-0.06644885860023325,-0.10268100283250771,0.09850788237826213,-0.08196274337086451,0.012663804378981451,0.20188115352349778,-0.0021212992952972143,0.07020321043544561,-0.01416230762498128,-0.035691858935602616,0.030537389819043075,0.0647173144492636,0.14480032148208344,0.14432796756061864,0.08884560014703675,0.12229695023998147,-0.04921167485746418,0.09076353234506661,0.1997549915933255,-0.07059790491756247,0.11905106368057719,-0.0449847626543767,0.04249665867724272,0.10127590690669605,0.1658669907417617,-0.08201107853961677,0.07650055788815244,0.02966900396984118,-0.045262083001457315,0.08061566269411059,0.015977348410918357,0.013449032186937378,-0.07761324112323716,0.009768274194810673,0.047897826576768845,-0.025816637317594312,-0.10095741470214235,0.1929459565403087,-0.018721193197899846,0.07128956675938035,-0.056445300921630005,-0.05984476003416543,-0.05435758402138353,0.00162666781170553,-0.029920349952174737,0.0175836358243477,-0.029615906365772455
Am,0.0,0.0,0.0,0.0,0.0,0.0,0.0,0.0,0.0,0.0,0.0,0.0,0.0,0.0,0.0,0.0,0.0,0.0,0.0,0.0,0.0,0.0,0.0,0.0,0.0,0.0,0.0,0.0,0.0,0.0,0.0,0.0,0.0,0.0,0.0,0.0,0.0,0.0,0.0,0.0,0.0,0.0,0.0,0.0,0.0,0.0,0.0,0.0,0.0,0.0,0.0,0.0,0.0,0.0,0.0,0.0,0.0,0.0,0.0,0.0,0.0,0.0,0.0,0.0
Cm,0.0,0.0,0.0,0.0,0.0,0.0,0.0,0.0,0.0,0.0,0.0,0.0,0.0,0.0,0.0,0.0,0.0,0.0,0.0,0.0,0.0,0.0,0.0,0.0,0.0,0.0,0.0,0.0,0.0,0.0,0.0,0.0,0.0,0.0,0.0,0.0,0.0,0.0,0.0,0.0,0.0,0.0,0.0,0.0,0.0,0.0,0.0,0.0,0.0,0.0,0.0,0.0,0.0,0.0,0.0,0.0,0.0,0.0,0.0,0.0,0.0,0.0,0.0,0.0
Bk,0.0,0.0,0.0,0.0,0.0,0.0,0.0,0.0,0.0,0.0,0.0,0.0,0.0,0.0,0.0,0.0,0.0,0.0,0.0,0.0,0.0,0.0,0.0,0.0,0.0,0.0,0.0,0.0,0.0,0.0,0.0,0.0,0.0,0.0,0.0,0.0,0.0,0.0,0.0,0.0,0.0,0.0,0.0,0.0,0.0,0.0,0.0,0.0,0.0,0.0,0.0,0.0,0.0,0.0,0.0,0.0,0.0,0.0,0.0,0.0,0.0,0.0,0.0,0.0
Cf,0.0,0.0,0.0,0.0,0.0,0.0,0.0,0.0,0.0,0.0,0.0,0.0,0.0,0.0,0.0,0.0,0.0,0.0,0.0,0.0,0.0,0.0,0.0,0.0,0.0,0.0,0.0,0.0,0.0,0.0,0.0,0.0,0.0,0.0,0.0,0.0,0.0,0.0,0.0,0.0,0.0,0.0,0.0,0.0,0.0,0.0,0.0,0.0,0.0,0.0,0.0,0.0,0.0,0.0,0.0,0.0,0.0,0.0,0.0,0.0,0.0,0.0,0.0,0.0
Es,0.0,0.0,0.0,0.0,0.0,0.0,0.0,0.0,0.0,0.0,0.0,0.0,0.0,0.0,0.0,0.0,0.0,0.0,0.0,0.0,0.0,0.0,0.0,0.0,0.0,0.0,0.0,0.0,0.0,0.0,0.0,0.0,0.0,0.0,0.0,0.0,0.0,0.0,0.0,0.0,0.0,0.0,0.0,0.0,0.0,0.0,0.0,0.0,0.0,0.0,0.0,0.0,0.0,0.0,0.0,0.0,0.0,0.0,0.0,0.0,0.0,0.0,0.0,0.0
Fm,0.0,0.0,0.0,0.0,0.0,0.0,0.0,0.0,0.0,0.0,0.0,0.0,0.0,0.0,0.0,0.0,0.0,0.0,0.0,0.0,0.0,0.0,0.0,0.0,0.0,0.0,0.0,0.0,0.0,0.0,0.0,0.0,0.0,0.0,0.0,0.0,0.0,0.0,0.0,0.0,0.0,0.0,0.0,0.0,0.0,0.0,0.0,0.0,0.0,0.0,0.0,0.0,0.0,0.0,0.0,0.0,0.0,0.0,0.0,0.0,0.0,0.0,0.0,0.0
Md,0.0,0.0,0.0,0.0,0.0,0.0,0.0,0.0,0.0,0.0,0.0,0.0,0.0,0.0,0.0,0.0,0.0,0.0,0.0,0.0,0.0,0.0,0.0,0.0,0.0,0.0,0.0,0.0,0.0,0.0,0.0,0.0,0.0,0.0,0.0,0.0,0.0,0.0,0.0,0.0,0.0,0.0,0.0,0.0,0.0,0.0,0.0,0.0,0.0,0.0,0.0,0.0,0.0,0.0,0.0,0.0,0.0,0.0,0.0,0.0,0.0,0.0,0.0,0.0
No,0.0,0.0,0.0,0.0,0.0,0.0,0.0,0.0,0.0,0.0,0.0,0.0,0.0,0.0,0.0,0.0,0.0,0.0,0.0,0.0,0.0,0.0,0.0,0.0,0.0,0.0,0.0,0.0,0.0,0.0,0.0,0.0,0.0,0.0,0.0,0.0,0.0,0.0,0.0,0.0,0.0,0.0,0.0,0.0,0.0,0.0,0.0,0.0,0.0,0.0,0.0,0.0,0.0,0.0,0.0,0.0,0.0,0.0,0.0,0.0,0.0,0.0,0.0,0.0
Lr,0.0,0.0,0.0,0.0,0.0,0.0,0.0,0.0,0.0,0.0,0.0,0.0,0.0,0.0,0.0,0.0,0.0,0.0,0.0,0.0,0.0,0.0,0.0,0.0,0.0,0.0,0.0,0.0,0.0,0.0,0.0,0.0,0.0,0.0,0.0,0.0,0.0,0.0,0.0,0.0,0.0,0.0,0.0,0.0,0.0,0.0,0.0,0.0,0.0,0.0,0.0,0.0,0.0,0.0,0.0,0.0,0.0,0.0,0.0,0.0,0.0,0.0,0.0,0.0
