element,0,1,2,3,4,5,6,7,8,9,10,11,12,13,14,15,16,17,18,19,20,21,22,23,24,25,26,27,28,29,30,31,32,33,34,35,36,37,38,39,40,41,42,43,44,45,46,47,48,49,50,51,52,53,54,55,56,57,58,59,60,61,62,63
H,0.033825634231565316,0.10309741741160709,0.15866443309502629,-0.15284792443563353,-0.030088430438813905,-0.006542600151465232,0.05795553575912695,0.17305213317074702,-0.28612783237017264,-0.09414362683417941,-0.18178691081114157,0.024898125352593326,0.16324071650588395,0.17244930813509823,0.23398000443229044,0.01467879025526064,0.11752186966002717,0.00439743603858924,-0.08930810283037169,0.29249135131613063,-0.03337644789355268,0.2596403015451529,-0.03408811779739013,-0.1754523154885749,-0.19593911685692667,-0.16808863843864458,-0.03776955862645736,-0.03620326646307121,-0.009996769972055604,0.028965483689008288,-0.11641359185179061,0.16259369915336214,0.04270059036298915,0.08430292479691189,0.04379836486813413,0.24401834723125984,-0.17323360762776724,0.05355075175108249,-0.18337816365243223,-0.10526644859428871,-0.1386241801516281,0.11089888146034152,0.23460524175137415,-0.19310414210287058,0.009080278159332876,-0.006839459372654196,-0.293402393007725,-0.03494496294843313,0.003835195721323134,-0.16450977412717102,-0.030556312703479166,0.15363679560364535,0.0036058795803557303,-0.2023313750523478,0.06765924622386055,0.22489539872573136,0.09449103463121156,0.025228774667546278,0.24700686487111845,0.2613084316516942,-0.13984936956555113,-0.14297298533050432,-0.25354434257702535,-0.07358023886088957
He,0.0,0.0,0.0,0.0,0.0,0.0,0.0,0.0,0.0,0.0,0.0,0.0,0.0,0.0,0.0,0.0,0.0,0.0,0.0,0.0,0.0,0.0,0.0,0.0,0.0,0.0,0.0,0.0,0.0,0.0,0.0,0.0,0.0,0.0,0.0,0.0,0.0,0.0,0.0,0.0,0.0,0.0,0.0,0.0,0.0,0.0,0.0,0.0,0.0,0.0,0.0,0.0,0.0,0.0,0.0,0.0,0.0,0.0,0.0,0.0,0.0,0.0,0.0,0.0
Li,-0.048977169668755684,0.06682364056361208,0.15150986657916826,-0.04630312189299646,0.030495618330674885,-0.06587560467585175,-0.14353516133196023,0.09936646748278048,-0.16026414026994157,-0.08693624662909462,-0.17253832754269688,-0.04764511990537676,0.14989753909202383,-0.005555354690199339,0.1706767111913579,0.09760871400460683,0.03536750779559684,0.12343580232104785,-0.09606145242361751,0.13807616409570792,0.10053953805826558,0.18429363213339855,-0.06533484568231047,-0.08402719821224243,-0.1856080550950893,-0.0751815415759799,0.014672145075588935,-0.032836640948597215,0.04984209017519333,-0.0051769795333408055,-0.06069790599979975,0.14141518421090607,0.08856130666148508,-0.04304601640256011,0.03468878298302651,0.021504048924106293,-0.023045820474840516,0.1644565059881738,0.03931803938856396,-0.07678609655769876,-0.23500307946352858,-0.06573640750384802,0.21389667965053516,-0.24249584288937467,-0.032487879338461575,-0.11095934149889236,-0.1714836436565917,-0.032226683001695865,0.1395973030743261,0.09404156365286223,-0.04824764925386876,-0.005915759616908652,0.06797463098474035,-0.17099768893998074,0.025853954932575134,0.23227261352367412,0.07270652864438042,-0.011440476545706289,0.06072659610857175,0.17439166565857792,0.05944232216327276,-0.09033668948924248,-0.10887759383675148,-0.07174764624479334
Be,0.09121184362300418,-0.12925194747250238,0.19847094252181768,-0.15489876736625538,0.09848423973569759,0.02955521487496793,-0.057343140770080465,-0.01695511569092304,-0.08350257119779014,-0.029598086099415683,-0.011342781061540595,-0.004875150150150736,0.10797217158443466,-0.20952600512554753,0.09397102922322882,0.18473487005351905,0.03271667122317163,0.14172588278548903,0.09307417417864054,-0.029436466555582186,-0.025597607447318375,0.0817330576656879,0.05315129194271133,-0.21151279004761506,-0.12032796177149409,-0.018228764898184077,0.01157314352029284,-0.011083683484259957,-0.1089157397020593,0.07835447828893237,0.047762459868482536,0.13176718497559853,-0.010716869367094897,0.04145081560755956,0.036501257842820545,0.059036746980237684,-0.07221423699982354,0.19794514423800097,-0.032706576875812805,0.0762895296098266,-0.14553671225231352,0.13749680520284133,0.19186972494154225,-0.1890170494216118,0.09435094057198937,-0.14279003720685596,-0.015200980383340505,-0.027666035444019903,-0.009835431923590543,-0.004326693189016815,-0.13179975397938146,-0.06368323819659295,-0.00147663246986294,-0.0003785639250573331,0.04397460343932676,0.11482775836453975,-0.03299958827156785,-0.010724193162692918,-0.0034861277652255647,0.10052524904902546,0.0515506970800177,0.0004341346749364823,-0.2241630293121946,-0.10943374933007269
B,0.01391216971155896,-0.11083304667399557,0.13402987297233773,-0.08058632826175836,0.14496588569667004,0.15705394453089802,0.1267858170707394,-0.09128011859682696,-0.2387817906920944,0.045470302634723764,-0.08035495242921885,0.027406157881976735,0.07975132003873356,-0.18931825635037894,0.1529883681728128,0.07150138360606938,0.13629161269595552,0.11902735075256542,-0.029371373283996874,0.10749052658416512,-0.2004649584137282,-0.016193798247938318,0.12945485418875938,-0.032345280855162695,0.004093227302505945,-0.07331875906188047,-0.05388070549414798,0.18221301388435207,-0.18999817055160062,0.0067428763313611,0.03093728396484125,0.1262370834160006,-0.09823924791305619,0.05888078262580173,-0.06574227466137869,0.11774983282366487,-0.10276164057280666,0.23664501368123178,-0.1705277554995414,-0.053423210516625935,-0.09491239632383154,0.12401785658164115,0.03104344491770788,-0.030850465060158958,0.05717288675697682,-0.036883099275558925,-0.08497138940626416,-0.028698886529792546,-0.2183365122297286,-0.0862052736045142,-0.1048711226468873,0.07167498710695058,0.07688704962317366,0.025220532973217157,0.05259150739924072,0.09700319180348432,-0.13677642026577183,0.03933079271995722,0.27578091768165824,0.017785521730354883,-0.09079491455550909,-0.03656011163115049,-0.17758046145474804,0.015632243443824464
C,0.12945140182548365,-0.1956389199376345,4.16231020656162e-05,-0.1763166881125182,0.06877067231281216,0.140428313266327,0.013268596309711125,-0.007197244677497889,-0.1510820648908383,0.06778566656186873,0.11417433429283885,-0.0708497862015913,0.06975833768272338,-0.10148063834670226,0.041137198314248925,0.11804324731744296,0.2990913629594881,0.039660212092204765,-0.012452722026855526,0.16439227000970244,-0.11743715156676086,-0.029579158521978226,0.10064682129025693,-0.09908750505243476,0.07340874037710499,-0.05060692574745914,-0.0469881875840914,0.20443440355259174,-0.10473242587653919,0.07001545421376489,-0.03640650745550207,0.0917731524258381,-0.0015704773276022069,0.0828286889614715,-0.01709086308165397,0.09354255345931939,-0.06969952212037739,0.18997627651235832,-0.2165107186436105,0.02769196143260709,-0.019226770148895896,0.01923010347804604,0.1337824325105928,0.04468998805386007,0.16312110148726827,-0.10665783553861166,-0.17062501323197177,0.02458561159802911,-0.24830737788568125,-0.12976733838671423,-0.1634195311310602,0.027202478938197255,-0.11205459061063988,-0.0730652574721678,0.14835131686642875,-0.049688713057554464,-0.018071896550479714,0.14822538400367993,0.23453639266359536,0.11644074721535017,-0.09643436281306082,-0.08839141929121722,-0.11804798761620564,0.10044004618718264
N,0.09121547861926664,-0.057350146111250375,0.06027380197810496,-0.13263688190490389,0.126940512092103,0.09738549675435298,0.031586584459579535,0.13395181857756375,-0.21365696349703117,0.022447569607028546,0.16865887256693507,-0.0076261138007648315,-0.08018163313626081,0.048403887819832785,-0.0018125594262479322,0.1232583290367693,0.24971161889523807,-0.11260879256393407,0.08780821446629754,0.07924216243384494,-0.24672882532997195,0.00021131289508526417,-0.11243419286336818,-0.07320710121791794,0.10084953214211823,-0.01530901536511356,-0.10351607710497783,0.13544594178506414,-0.12291344116705258,-0.030494519476102072,-0.1742822243877674,0.029227664530293896,-0.049085219453139636,-0.05477442982333857,-0.024527918640178826,0.09558379990173306,-0.309130289421566,-0.023841797493107334,-0.1887449024696585,-0.03760905260381339,-0.10015872172035319,0.010334967466560915,0.20289033873416382,0.10087113870834234,0.0974265218231324,-0.046625795156949534,-0.18936289686050262,0.06724613594232205,-0.275215100283037,-0.20157629269815247,-0.1495073199440007,-0.03774813767353746,-0.04969326100899404,-0.17957478981884076,0.14278367145258544,0.05242667566470268,0.08202680754725293,0.10197966998616168,0.24770619740249727,0.030181927961664707,-0.034406202462267346,0.04709434168022952,-0.29127190261240754,0.052437553358367216
O,0.09403809205452339,-0.032259562415278976,0.17993524240073633,0.024089941267378744,-0.0511388530657062,0.012623112478292665,0.07211141272052485,0.12199075003760995,-0.2156035280162633,0.025458415979947944,0.14528675936441127,-0.1466112243547277,-0.006330870468007379,0.1779942594073,0.12933427150191892,0.0723671835350927,0.32355806046236496,-0.05181998803372775,-0.0886707021909591,0.17687130149748823,-0.12311425869053741,0.20753367072976078,-0.010185253700948308,-0.11905150458939873,0.000863962973376365,-0.10606076052795409,-0.17661714984062366,-0.006080796752056546,-0.1737163669959578,0.06994719235089888,-0.15982183190328733,-0.05887464887572362,0.12222261519367207,-0.01758216048441703,-0.10293751136288921,0.048794197081133805,-0.33952446640903716,-0.07739127978290805,-0.21496765719640828,-0.08703166863875714,-0.02597593745533424,-0.059100827491515524,0.24599963704734298,0.0655091331461184,0.1288635957316873,0.06642444381533537,-0.22804474003992978,0.014161400384138352,-0.2611424598582929,-0.2870880706164792,-0.04841757695447112,0.07495308404725991,0.02134296739913437,-0.091646223824768,0.006254741160789827,0.11027869133951546,0.10208133511493687,0.24034726545056495,0.24634482784388567,0.23449642346888222,-0.169792650640105,-0.06956990737590056,-0.21162629300924268,0.033982599982017525
F,-0.11680268544444086,-0.11292246847565196,0.15534288533879606,-0.009451457339867707,0.08476254036500508,-0.01674507934847902,-0.02456244979094299,0.28054665544197066,-0.1720113525834825,-0.021863224116252522,-0.03324613019317056,-0.07005150572517191,0.0590404062026666,0.19053797931396202,0.0436322484495021,-0.031126247318575655,0.3696680949890858,-0.08841600173386813,-0.054431491255771354,0.27307453378751695,-0.21886229710284438,0.21747593022046893,-0.0803357950608624,-0.041653281563025106,-0.07777862133264546,-0.13356589168963806,-0.05649432243212013,-0.014359201820005598,-0.0844262545587347,-0.060780341770769006,-0.20618933367352812,0.06365843504714522,0.044379376245715814,0.09990954186113717,-0.015042022380347643,0.11221982759807711,-0.32731161087302163,0.03024608641798683,-0.08479706747430106,-0.1631942069287842,0.05941980305631625,-0.11975258857508081,0.2705727534718365,0.13746133153097032,0.1281173198689552,0.20400262088456583,-0.26316220826745784,-0.0730313153134372,-0.1685307160866374,-0.17292093989663943,-0.01419932694879011,0.02050413654265364,-0.020339801078637254,-0.25326442317395237,-0.05857402050691674,0.19878915149711643,0.16304039038302934,0.18958129311574623,0.10605210430927799,0.2730089632693607,-0.22590905265892913,-0.21030957106426693,-0.12179517685005428,0.12263204458808692
Ne,0.0,0.0,0.0,0.0,0.0,0.0,0.0,0.0,0.0,0.0,0.0,0.0,0.0,0.0,0.0,0.0,0.0,0.0,0.0,0.0,0.0,0.0,0.0,0.0,0.0,0.0,0.0,0.0,0.0,0.0,0.0,0.0,0.0,0.0,0.0,0.0,0.0,0.0,0.0,0.0,0.0,0.0,0.0,0.0,0.0,0.0,0.0,0.0,0.0,0.0,0.0,0.0,0.0,0.0,0.0,0.0,0.0,0.0,0.0,0.0,0.0,0.0,0.0,0.0
Na,-0.07948790772551373,0.13825516104418759,0.10188039701774745,0.015119011825148453,0.06565766094125741,-0.0860919747645278,-0.13708595797327472,0.21163541373003392,-0.10208949112954684,-0.13626970800937577,-0.035513688226981796,-0.029511585154301672,0.08549107056395802,0.02646181476749289,0.14176021273372597,0.018591825988191434,-0.02466107955794693,0.06886281211962586,-0.06413561408636687,0.03341142826595547,0.006716831886334818,0.17584091557845588,-0.03847447022632281,0.029962822428177868,-0.14707725731693783,-0.07919037569474596,0.005995441309902318,-0.09490351270965293,0.16469924512315043,-0.060727659465728265,-0.0045008471223495425,0.10581129916342441,0.07364652267064248,0.05881369703338028,0.023305328602713237,-0.023026825774139403,0.018965396022382883,0.05866578377809233,0.012900052459423486,-0.12148047941510247,-0.2342541827825108,-0.07926285419400747,0.2865456872308161,-0.15539279487392071,-0.11530862831751788,0.019394628340813003,-0.14560502848508367,-0.02266704558243463,0.20305781361919858,0.1849463636269022,-0.011509529713639067,0.05224660419717247,0.06764591456438232,-0.16588636409875973,0.013931906547565783,0.2679243832011988,0.02701232232689589,-0.002442263175190237,0.0005366341146671711,0.0762454504724237,0.04983594215222361,-0.19788454152439636,0.02079528747055575,-0.14051803531555218
Mg,0.14574731639237573,0.14227976259186517,0.060810656071800036,-0.024315525307030447,-0.0498769664681001,-0.11342610013297626,0.07267025780255626,0.012318643037316036,-0.06000419629613185,-0.07215505624066411,-0.04953083256185716,-0.04245794094140366,0.06417259662025951,-0.10794981863931276,-0.02260392037707583,-0.050153040984619646,-0.07813427504428286,0.13700888154774638,-0.1153779025608239,-0.0026303743712399958,-0.02725598477805763,0.12183785988247578,-0.03552292599574983,-0.1481472830082668,0.02928648923072367,0.02227405787782252,-0.014659921881730016,-0.1065106412911401,-0.013377978305767872,-0.035855994324868815,0.059149043084623175,0.20963341525345824,-0.051621147559048695,0.13447338418849178,-0.08692688616538806,-0.02703718204814556,-0.06407882724083805,-0.00998293616961365,0.07276943876094971,-0.04473903848420401,-0.1581691672367637,0.06631176770761602,0.16759646451630503,-0.0070051468451298865,0.02213159826671606,-0.11076376496427341,-0.014883375110935942,0.021509707875707194,0.12396826138571305,0.08032040913356146,-0.07353449624586941,0.12386067281761746,0.0037894346562038148,-0.08957648551470476,-0.07458910368328042,0.20711780328615767,-0.0739690151051528,0.022447464773301486,-0.04533214654007571,0.18948837928594794,0.0017840677759149639,-0.00039150589913055186,0.06320907265949381,-0.07205857333060238
Al,0.011371524217214829,0.014481052752918217,0.07664385226293988,-0.008039669883921186,0.11042857941082264,-0.1080570180309951,0.084363157491677,0.061371659149217606,0.00678851035008549,0.05535334459852384,-0.08254074656404342,0.11330405634529386,0.04228694278242719,-0.12454579879112994,0.11701776585871695,0.0002697323665511518,0.057126441582881875,0.060112764761313935,-0.10188367127521658,0.07603165608023346,0.003077269925208928,-0.09403424396510082,-0.009770822434503109,-0.17906451480215568,0.01697311272148927,0.023385173284256704,0.04556366383632364,0.09161662174900467,-0.04370946376001798,-0.057001984433972204,0.1461348185158406,0.1293756006199342,0.014341769208526464,0.01869692202547928,0.10125891489831912,0.07871508348953264,-0.08150816586586745,0.17507174525855088,-0.1008747584370598,-0.08221790337543478,-0.04662596833528143,-0.03164823079691855,-0.0828414041500607,-0.04853714733343326,0.04122978399533575,0.026239958883443704,0.12342721759681437,0.0011792767871557082,-0.051711061637143244,0.0030374962319713247,-0.195973129018317,0.06464571359729655,0.022284431774664146,-0.06750480336691624,0.04031078840888374,0.07340198459187514,-0.1332074497945077,-0.06971685368719586,-0.00889121627335614,-0.021774280701182668,0.003590995376199628,-0.08969193667560753,-0.12525367396800272,0.06722528278345721
Si,0.11680268808982745,-0.04638334959034581,-0.06420978633114453,-0.0379176295852044,0.050821585864220524,-0.050385286965663884,0.08814101897552246,-0.08196320268171745,0.04980983957530969,-0.036307627632460274,-0.0349787237117579,0.08981383644544844,0.032073863904837165,-0.014623154394954528,0.037159338913810486,0.019499280791482332,0.17960886130000514,-0.020633970026453792,-0.054113141397825325,0.14277430530927174,-0.12242907230544421,-0.055146955237682906,0.026945276220354246,-0.15038329082897936,0.11802471687713775,0.004316871570156092,-0.018689886198262513,0.18133559150042272,0.021610870733341978,-0.10362708238039242,0.13861961168560077,-0.0008399863145868472,-0.14342278530319608,-0.015787721216931526,-0.03308081244414566,0.07352978667962705,-0.038978020567247626,0.21153776679911301,-0.027251676625139817,-0.059244706305509084,0.02702569262906265,0.0595282242886685,0.023106900190920873,0.05625753607870059,0.12244935962465914,-0.07409150793879624,0.08771206222125906,0.09955084210399127,0.00647579598534944,-0.11745812295116256,-0.15815010171042024,0.033861590544512696,-0.0797473898060346,-0.005729306944690109,0.03146002987281007,-0.01388236830479197,-0.06835812881763366,0.02908572669603359,0.07241691565086698,0.04770099879130641,-0.023519678801952406,-0.1260821834693339,-0.13229813970336343,-0.007205289041892809
P,-0.03672809070321304,-0.0755699139720105,0.09010695075945793,-0.07233184407135664,0.021067047295266393,-0.0024420032674366044,0.06795266822138366,-0.027693052301781967,-0.13076643112750808,-0.003495890650226745,0.14700484769360564,0.04185166472053738,-0.08456984036359307,0.16870301114112746,0.03974046458120663,0.058306988926463604,0.18993872747580007,0.04502687294673613,0.02890466669747244,0.17113273293619402,-0.15645283498385334,-0.029378948548508397,-0.15294506716807976,-0.07746904058930526,0.16561319217986578,-0.037358359374193996,0.023146717979594368,0.15496070145931087,-0.0011219585641924301,-0.05340211212177705,0.11128575828404982,-0.09201493175279533,-0.09391672450389407,0.0018998404874854033,-0.02337199121176671,0.0023066539799950526,-0.18734891968310993,-0.026190127493402444,-0.0345730686881301,-0.2064687120041536,0.046747873750742464,0.01945301329828533,0.12122415565339448,0.04627948461196311,0.12598466238400935,0.09260919479475911,0.031005104390474467,-0.04218394564874697,-0.07060018185880555,-0.17162544349444003,-0.18528732251812244,0.04892389012009945,-0.13222598908494818,-0.04667016313353379,0.09662233600255188,-0.08510930285036573,-0.019240413448018766,-0.006548192295688479,0.20590097382770722,0.05141923132712858,-0.12566850064605026,-0.0866504191835403,-0.14767596633886823,0.1002231551732843
S,-0.008194345933252805,-0.11272090202701031,0.12816139026997742,0.0771976926253935,0.0819788676532708,-0.03359436511402285,0.02791644421047143,0.16289012965592609,-0.1106129291380717,0.009573149173756911,0.1294033108311917,0.045301741507942056,-0.14638883250996637,0.19047164876020561,-0.04453370114268335,0.024809100340308348,0.25865607581653677,-0.0899154393101961,0.014936109094489513,0.1230418893472631,-0.20621683646876818,0.017641690718713333,-0.1930589467426106,-0.06981224409080479,0.025287975428016835,-0.015443417424213223,0.0025979412992851885,0.15404918620552127,-0.1316311340426941,0.07110622336209384,0.0158802754010026,-0.2173507548046598,0.042709128866846725,-0.07800426930995016,0.04970339283444918,0.017302618219141145,-0.2230247827161273,0.03628301807178034,-0.1050425072407475,-0.19478938989839478,0.10374683878132299,0.05846903227410657,0.1893572834405302,0.020247642920015397,0.002017250867673717,0.11911916992557495,-0.15908081858800147,-0.07681707479282363,-0.07034174422636401,-0.21116786482906233,-0.17373933009585968,0.11007821569465508,-0.1610824557001286,-0.20758917653793155,-0.046852361471159024,-0.016060073291894184,0.1337783797061536,0.1350441256486178,0.16163331397446506,0.11230198187107517,-0.18423325451278133,-0.21475135910304932,-0.17141504268117186,0.11485368452038247
Cl,-0.11261710121033665,-0.0033993493009925406,0.18906615608398838,0.05411661587844976,-0.016798167700538293,-0.049538854168167126,-0.04050132910552741,0.3351889749051184,-0.1245237306888888,-0.08735089306617624,0.16592784794581988,-0.07548202383848361,-0.11835649569499399,0.1624609713030535,0.07264012839381793,-0.16113510040306278,0.33516339567877057,-0.10770608583703177,0.022977739887348053,0.1461046859315896,-0.1651032945176441,0.16085236096279756,-0.18118585268026408,-0.017990145517999604,-0.10633177762638658,-0.09486576083158796,-0.008774794479692968,0.1206989639761761,0.07400770223754612,-0.07966565738710486,-0.09777003792291637,-0.1775957993320992,0.01655635410483097,-0.05954297371466042,0.17586886968306886,0.07311656505055134,-0.25932295096528624,-0.12006890646846932,-0.055449479281385834,-0.10055358803145778,0.00028944237364518136,-0.17109538523134588,0.29601059237328453,0.04929543871060448,0.03262548709341418,0.16464398570558572,-0.2184340472978085,0.018244345431509393,0.07241502539917025,-0.09364343756740157,-0.08956457460457033,0.11643427023205392,-0.12607092234142236,-0.29167715007964534,-0.07235820684444647,0.19813734698900226,0.2499843465954476,0.1318945314590863,0.08173001960782145,0.144972602072513,-0.09378893425539539,-0.2031005010404996,-0.10057460742302743,-0.014001143956184915
Ar,0.0,0.0,0.0,0.0,0.0,0.0,0.0,0.0,0.0,0.0,0.0,0.0,0.0,0.0,0.0,0.0,0.0,0.0,0.0,0.0,0.0,0.0,0.0,0.0,0.0,0.0,0.0,0.0,0.0,0.0,0.0,0.0,0.0,0.0,0.0,0.0,0.0,0.0,0.0,0.0,0.0,0.0,0.0,0.0,0.0,0.0,0.0,0.0,0.0,0.0,0.0,0.0,0.0,0.0,0.0,0.0,0.0,0.0,0.0,0.0,0.0,0.0,0.0,0.0
K,-0.06840159285230346,0.0424234257259154,0.13273006412547522,-0.025771517413838034,0.07466597399062007,-0.0828597093578015,-0.2521609835042608,0.33327988970453515,-0.12444086717123364,-0.13061935131033683,-0.01400418317229787,-0.04580507045304638,0.07129896125230668,0.08727343302148467,0.10748511236490325,0.025100773785779688,-0.03686230086407983,-0.0005219786105695877,0.042105782163959236,0.06990340748883876,0.10720570292704881,0.21251642195616693,-0.038212622756371155,0.05178937676991286,-0.1703294252438491,-0.14225275789879102,0.05957646941971998,0.003456471030957801,0.10871336202955437,-0.09212387366810129,-0.06465932355184258,0.04608965059176983,0.12634007533171746,-0.04985934001701852,0.0009920378510192968,-0.010125139170292813,-0.09633754336000298,-0.1052955221511509,0.11704096238150682,0.046993054682890036,-0.23352966752849905,-0.09922410269745194,0.25569116938406267,-0.1772110719437747,-0.15240349721369048,0.009404862285588927,-0.22375091500052485,0.04357166175403276,0.17524022009834855,0.18641826369143963,-0.06362117333946392,0.08445255867938208,0.08302143851525819,-0.18812614165949457,-0.03658198772074747,0.21748463035429333,0.09639240463548565,-0.05080565319457717,0.01110014337312718,0.15292763873254425,-0.0417622970866139,-0.17319102961714214,0.07448548246416359,-0.09406300038944593
Ca,0.07534225343204257,0.13921574922777427,0.02860162622590758,-0.09307344244166267,0.03826360808612232,-0.08895605761748353,-0.06493256806443712,0.06541634394117495,-0.003703724119295494,-0.10503307627232426,0.02330919120143583,0.050470675276286646,0.05223918569296734,-0.19853337660357326,0.056566190926925775,0.027209895270927334,-0.16899450144266767,0.06542995174997848,0.060153649218458186,0.05331182608264561,0.04958843099136638,0.11988048788535015,0.07992795311491117,-0.087487192488249,-0.1344181151013563,0.026799371471977994,0.04276360663641669,-0.12241036301361362,0.017807728470089514,0.049915661930656316,-0.08083716534886388,0.12670384057832518,-0.012783628652274762,-0.04562350621645019,0.08811771529029618,-0.0710895926998803,0.0920020992265426,-0.023217759742327468,0.07256907980548491,-0.03590803418296132,-0.140863820131103,-0.1410770356379729,0.08955833820789005,-0.09384722450330953,-0.13988754109154644,-0.08137045625723993,0.025040559802860872,-0.0015714299837792823,0.1778716822656478,0.17038967801531604,-0.07576057362682279,-0.012028243924030716,0.06640329026715416,0.009502655889006253,-0.07738229693935673,0.0869249183195163,0.06402860822423662,0.019825495179752562,-0.10271175500255994,0.09172933810080916,0.009658974134779095,-0.05613201581313011,0.12230023048336158,-0.16037765993864603
Sc,0.06176939851392151,0.015671460375508314,-0.027143312382386323,-0.022049182403878934,-0.11246983761633268,-0.08645477658862129,0.20811434734325215,-0.10466018312842551,0.09255177020706426,0.06879012545388884,-0.022053856784785438,0.05411793474953226,0.016599056351790684,-0.08190467038314568,0.05010155650368526,-0.08759144793426439,-0.12366366575396989,0.05395154014913684,-0.03145325053184589,0.021470268112521184,-0.05250266326862431,-0.0013394070553562963,0.11001815544248252,-0.01827704269969571,0.0022789631833472026,0.09846283485295615,-0.021492184294661154,-0.21581583771359863,-0.052568288586539315,-0.04753404218775075,0.014403936099558758,0.23134245176994434,-0.030711182741090064,0.002427227672480891,-0.07642055664586982,-0.03119854568826732,0.1262731040265649,0.04286629568375233,0.07315110395077402,0.05814544647388232,0.06424608525068184,0.007993248601942882,-0.1364561839635588,0.07021614395980792,-0.13379078928081267,-0.010013245812474009,-0.032764201404786905,-0.013534158478235771,-0.10878004806198206,0.0002609691299653056,-0.04881809099573827,0.05681814756508625,0.07807959620743256,0.01187412813650493,-0.020207524355976732,0.09318447463478416,-0.1334722802404494,0.07550171909933329,-0.035665042659590654,0.03440710379581348,0.0037260827188086523,0.06678651709932067,0.1192228431962003,-0.040766402354342854
Ti,0.08659394752211813,-0.13801696806747393,-0.12038246959436594,0.038112585339216444,-0.05589502967742878,0.04421249600401973,0.21878519797312204,-0.21733987548192876,0.032590672959044734,0.1519063551101609,-0.06199792127059352,0.049709361132112474,0.03744963145805606,-0.09678169793518988,-0.013874248224154635,-0.039418597015269015,0.07410147514163094,0.07270974735390039,-0.0025196445265734317,0.03652652041705985,-0.04314249290672695,-0.0401391533640587,0.06514351087738689,-0.10958222369869464,-0.0018741268774370493,0.09147552676347695,-0.05417868590638656,-0.127817149667705,-0.07133519926980667,-0.01324401573493665,-0.004441257364853222,0.14337838456406787,-0.1544062194089568,0.06239633731287386,-0.094504743051701,0.04590236765932094,0.029657267320629344,0.10459514765496318,0.005980297994149453,0.08883084973350351,0.09077101220820931,-0.032247032270432234,-0.09453167313420455,-0.00797885663618102,0.025959359500776692,-0.1297263418100361,0.04628276530763363,-0.011388323787835804,-0.051196568905101984,-0.1554310652044465,0.06981605085508563,0.027478004919025904,0.09625913756400419,-0.0038775757014221004,0.012069001486599808,-0.06291146059624643,-0.07494514102511002,0.06898273676491705,-0.03826827304060702,-0.03783539699351264,-0.02567169881172743,0.15114366957947456,0.08328328303674828,0.0032593361765616002
V,-0.020069102178673286,-0.10832282734012937,-0.005691618883384573,0.026119890506117075,-0.011276063980861796,-0.007408768393693295,0.0836302133732725,-0.17775455936404946,-0.004651209211341886,0.10288240520139603,-0.07653750804484415,0.10970195086549925,0.10377721206068714,0.036306939648146234,0.014436961688243332,0.013330957817232893,0.01702044869868007,0.010920751268915126,-0.03798842122399807,0.0255161023717747,0.06481044316014802,-0.049594326637364634,0.008242761314216737,-0.11639535967407451,0.0828888509976556,0.07650314160564073,-0.056594481784599325,-0.027778737183682425,-0.05477323698343179,-0.006240934738469369,0.036391081397946085,0.02724895540175535,-0.06889773959180617,0.07641762840471582,0.040015377016444954,-0.04562770273374107,0.0806373147898431,0.07225748528420628,0.009911663697226692,0.09029752012555818,0.05709309220215568,0.09673972106899838,-0.12071281795436765,-0.050581093163458754,0.09927422127897582,-0.04904853960739524,0.1202128898044716,0.03697349853743545,-0.07300874025347832,-0.12399680985032806,0.13908979578933692,-0.04786482223302618,0.04898664954132087,0.001165766438292087,0.05587529581669093,-0.11843718138791794,0.026030830907124013,-0.01669399089180557,0.044207751474169374,-0.170160083725685,-0.03967927228934746,0.20703170242436214,-0.0331987006769243,0.08703272753457672
Cr,-0.021345509211815047,-0.008267137089642116,0.09455521132275371,-0.0012205514071281685,-0.034219227329954,0.0014562776946034283,0.13208027987001927,-0.17647143310762517,0.03173044133568537,0.172222819780725,-0.06662048166839424,0.1638536341213669,0.19752338278375173,0.04673336811163797,-0.051662877266691574,0.06314248756878131,0.030758562771307018,0.012410674487611342,-0.08871567941712388,0.08053770855015653,0.0448868110466943,0.019400330480825026,0.020302349480360783,-0.0943237034338187,0.051934900123983205,-0.02695221799384835,-0.06525943558283019,-0.0011868238471614994,-0.11632427837545883,-0.040128836495631856,0.021390669568919513,0.04965858852996523,-0.011451235375980104,0.05412336651587283,-0.02624233056552444,0.03689620838765184,0.03445112332905972,0.04644190667005597,-0.06545309630328033,0.1919988291404389,0.09845752540142007,0.1222224146186223,-0.14523107357606263,-0.05545291400084876,0.05712752790832134,-0.07857821322813345,0.1063203965925811,-0.018058643266396557,-0.1157791029190586,-0.048005957997462746,0.1347151073823423,-0.03168781383889114,0.04946855009243356,0.04505074367720708,0.027302262818087553,-0.033170314524697944,0.04460558905586041,0.02619361011535251,-0.018733351378021092,-0.1438803205480797,-0.05261803438071324,0.22543965222590345,0.018051063156453155,-0.08043301921651556
Mn,-0.03346791109545597,-0.0018085161303085413,0.1474553064816499,0.028370767339635967,-0.081597136594042,0.11840956160128825,0.09693994569219455,-0.18224209260559737,0.07895872014385302,0.058865205030000346,-0.08212267409084774,0.13181931168705427,0.21915434915928733,-0.037326608124081666,-0.034177210830391457,0.08536069970010993,-0.012173222905945249,-0.002048729276058316,0.0094580711250421,0.014107909979055614,0.06953561692685283,-0.044779262629632284,0.025284971037063408,-0.0058051047295935515,0.08482732940683327,-0.009409514687363108,-0.10859142337192318,0.021457478594320206,-0.1301214816500305,-0.043804712936278335,-0.030465579405242808,0.10314766286828765,-0.09370096271987573,0.054759324042776225,0.02086272795981588,0.0017886056474560861,0.004360425120645231,0.11189964739778495,-0.07462979524925774,0.19314058109158116,0.08912104448106979,0.010100359468314954,-0.09728041578406313,-0.06591037530000272,0.1420348061988554,-0.02570595962491354,0.020434430063433318,0.08165770465325409,-0.12236769398733063,-0.11942726735262749,0.14597546267778327,-0.0832798114199729,-0.008786163077426936,-0.07272710250147983,0.03804722385837921,-0.07206282499414877,0.10822722268574965,-0.03656370648194313,0.00659475056499515,-0.036912024588816414,-0.11097361086135347,0.25845844173209626,-0.10177254962276602,-0.09913043357115002
Fe,-0.06207205389597175,-0.08249006493653185,0.10923521399248935,-0.030379948530480597,0.01831407992048794,0.115932813195947,0.0416459539564334,-0.21394559698471208,0.11353059023016362,0.11723618441372645,-0.087501454373,0.04458970543611943,0.14625763051286172,-0.04763966363236221,0.023842192356151044,0.028151235017347672,0.0032517125698383973,0.0836750298599182,-0.08392849055792984,-0.006224752019321902,0.00815721889521011,-0.08800345438962123,0.10082657903282045,0.03358638476457102,-0.04082053186759007,0.0010843614187597956,-0.11538598865233757,0.06776746805304514,-0.10457346541270145,-0.02094577607644108,0.003204335819014376,0.047547973040228314,-0.04813499556466794,-0.002196914788911975,0.01802948861618002,0.08150427506359352,0.13124044626673076,0.03431328851845143,-0.06656808607921154,0.20910102251318638,0.04300756312952261,0.13620786813780084,-0.029422397260114853,-0.08032809107172618,0.10089919352831923,-0.08283789049887244,0.0490248092973683,0.025131818594163646,-0.060133363047702566,-0.06290641729772599,0.11674874058457999,-0.07565268817676113,0.13988697941603326,-0.0718893503436293,-0.05809155878659617,-0.09842865941437155,0.08748396652236703,0.07393410779535131,0.034708566754362714,-0.009469702190764246,-0.10220954482958083,0.29011051040133734,-0.10645248826795933,-0.04102049070112284
Co,-0.10128789729971176,-0.0720586052743525,0.1975958688368343,0.010079156411593654,0.036658142810655714,0.03752888856015626,0.09291922037681823,-0.12360589309358802,0.029734046538084816,0.19792688411754836,-0.059703210278395515,0.13107421788112694,0.17195360104696664,0.06822436908259844,-0.005954185291312563,0.016705867144341715,0.023580073616075403,0.00994845188233012,0.026791448843517352,0.013322547980870224,0.0901337699796057,-0.10233623215506449,0.10354742496408714,0.059312044866325415,0.05311343744189287,-0.13199328083147321,-0.18415026644699703,-0.004987585895739503,-0.021392775988652902,0.009330551708627613,0.0801616146984421,0.022019056374149536,-0.026830769404718884,0.06226666795848293,0.03373646951847593,0.14524220474896718,0.0781586626239366,0.023575052653386528,-0.06818800904110969,0.16196355648507563,-0.010698647775369894,0.07169976425519797,-0.05440276219964574,-0.14115158107342876,0.09224360310102712,-0.08342886390655721,-0.02430688346932748,0.05418052379845392,-0.06998889561346054,-0.04884412272856246,0.10150747089539132,-0.13840296903086313,-0.016793572131259895,-0.03589816006179903,0.018180478809530567,-0.044302462980742766,0.009148379815840404,0.025055615278063298,0.058216129263909004,-0.10725232969610775,-0.1257732711220298,0.2806266572079292,-0.03897936351471106,-0.010005679051110617
Ni,-0.04080298902527756,-0.126721307791296,0.14736734603836837,-0.053652967416380044,-0.14870113289447195,0.12069742138196238,0.011932877559684833,-0.16582014943005305,0.08502298980265048,0.22705688354426928,-0.03074860499583699,0.09564317741169351,0.1379001527748688,0.14774493102248965,-0.03366077354663913,0.13307646581800428,-0.03329375419897741,-0.003343727982900025,-0.0040990227463349954,-0.0805020560711306,0.02327493617521926,-0.10580479405965423,0.09867694175329011,0.037290134421337016,-0.005015445434848865,-0.220791482380426,-0.20804042179967677,0.1291782215447192,0.0038523162091706606,-0.06292140510412553,-0.09378104743081424,-0.002851157898072523,-0.05073036579887507,0.10681229376822701,-0.01728725129700105,0.08621661002939042,0.017661101268639446,-0.02597592359548241,-0.10558801923545053,0.1357892661148856,-0.0001839562431397157,0.1013607458798509,0.08030325712168278,-0.10477921428506481,0.10300343611371506,-0.006837455902020418,-0.007128135674606833,0.03412004588486711,-0.01689628450299798,-0.0006493257031509328,0.07797928240061827,-0.1413359495492221,0.039782007695411306,-0.08044454503924951,0.05838076352521852,0.03574861676325161,0.10452439591207265,-0.018200845412365916,0.09009294447350441,-0.10945074787434203,-0.1322569175342531,0.2752275226829842,-0.021467690306310846,-0.01181103740480168
Cu,-0.0640218891299634,0.0020404167706245552,0.22943958185296376,0.08300840513887306,-0.07568686836917066,0.1520047933036659,-0.04100197006067252,-0.13125057563477202,0.09006676183814809,0.06930622409432158,-0.013039721215428651,0.12234348112603248,0.171012451851605,0.040417130446348204,-0.045981632459421815,0.16762933753765305,0.0534276970221426,-0.09567089338610732,-0.023694696893943788,-0.04419439826419616,0.13126295814656774,-0.03682961072210824,0.028911381218629583,0.019641904020281306,0.009371567982817793,-0.14877488273267717,-0.19631067375326,0.14531247077123385,0.0677116403147348,0.04320043594547485,-0.02749392499754179,-0.02046192062402064,0.08337990396046847,0.031887173652603545,0.023465906632549247,0.20958240042259607,0.12556712419258634,0.007497183344033567,-0.05374736301731635,0.07164128842591809,-0.14210849321157704,0.1546341769673121,0.021965686075284426,-0.10196792607849867,0.02640024347513095,0.060771014083697346,-0.07075985289482187,0.16001642243772451,0.017177882946581062,0.060973311322993676,-0.013778237495058457,-0.12320985492810833,-0.03475336439478955,-0.07519268444677997,0.004611993424963087,-0.009003587333556985,0.1323624891743666,-0.049889273632612904,-0.022793204739421955,-0.08753700433475563,-0.15739515597426426,0.2195805014284197,-0.010296879892372022,-0.0035693616702303956
Zn,-0.06009215061482888,0.0390285062702459,0.2047752666759452,0.08078596682408185,0.03544047899581562,-0.05727098240857136,-0.012337461800129356,-0.048863727311785524,0.19506384767816853,0.12924394124911265,-0.1696155914578728,0.16333985959287262,0.1729889056188344,-0.014322328832827287,0.07074490463731185,0.051265613021204255,-0.051874699034502494,-0.011371096875194464,0.09758707611375775,-0.05924848541188805,0.10610233580228892,-0.11146183669427634,-0.05522982629394095,-0.02753529903919437,-0.16681279663576415,-0.010767427237012916,-0.027614653068199643,0.13410996096627587,0.025422760447511752,-0.002311316158699029,-0.04506078630987405,-0.018937145689883805,-0.05944478641062339,0.03470610685940286,-0.015630308728960856,0.12332081075199329,0.02027621140871842,0.11431895860706638,-0.1131404652583573,-0.012622952970313394,-0.11375535202354181,0.0530220871562168,0.062486317411611876,-0.13995674044499964,-0.027916086561321548,0.09416553826555656,0.028110123359285262,0.12000350132702106,-0.0019014802357186541,0.10837800593995618,0.007270154394067486,-0.058064142345429726,0.05807540471362952,-0.02756223099874077,-0.05700742188789516,-0.021851515854186106,0.09803553846004952,-0.1195138564915287,-0.016427328864448865,-0.022545469647421698,-0.06481285540609218,0.061564578130809455,-0.07582151001731921,0.11100359359451127
Ga,-0.07899003976542336,0.025302739179499475,0.08708038090752322,0.011428963389243683,0.08257872562671661,-0.08484867762969582,-0.04222421700964496,-0.039769733412756865,0.09765942570249443,0.0502851410245874,-0.07377478208021997,0.12592794556553266,0.03204044557589484,-0.01307067339725125,0.13293476967767506,-0.08774606554179026,0.07335117748716938,-0.01370659797306914,-0.08190982522914322,0.12474240266265757,0.0032647326293866984,-0.1319737432369416,-0.05993773032959595,-0.12261723640114781,0.04281787089394737,0.03358671668170803,0.04905842167465891,0.06220302744921242,-0.047451356997869114,-0.05926150153029887,0.08998025416148513,0.13709086346236196,-0.010598179288374372,-0.05831067567028253,0.09870762869478673,0.09371523394158089,-0.0993857207173903,0.1544589724977417,-0.06908340587598533,-0.05151845517928215,-0.08161267054751983,-0.020054125645539756,-0.03955165354641181,-0.07111726502912505,-0.06315655462113941,0.07966270376071671,0.17682050987607134,0.10357684701752011,-0.07188384779752954,-0.0036312254435449014,-0.18563139857118194,-0.06372019605460567,-0.013419835701538882,0.030899261015819617,0.0006643132334027572,0.045101166210653444,-0.07007630040973997,-0.04912590239835415,0.050879524812887836,-0.017903459143029276,-0.07342596901087761,-0.10500831112617645,-0.027171218322218367,-0.02966169222198997
Ge,-0.0045686953091375,-0.13590423862698942,-0.045718116553740154,0.030529023327156752,0.011729455859737642,0.062974369846643,-0.018792247274626767,-0.14415791017783564,0.060663605961441915,-0.003016587905712917,0.04011989452752962,0.1117684726427936,0.02557029555510686,0.07598473639247075,0.1291029686016336,-0.0014297513400196489,0.15145684145734026,-0.08922550506927404,-0.03041393896412905,0.15275838800349295,-0.08643681585862859,-0.054967902949349404,-0.03327949448607707,-0.1276883943689073,0.10561133155487873,-0.06287036513827139,0.0704544613589847,0.25075441279142574,-0.030746592678092696,-0.06813306431025087,0.07649796661599663,-0.08758420250473344,-0.1570913393504243,0.011390561711074488,-0.03577987794631719,-0.012661817127500337,-0.042026392652121686,0.09143062952162767,-0.023801122823537357,0.004959339107858096,-0.0527849956529613,-0.044226818642234586,-0.021489818238592705,0.04229072193580702,0.12588160950806546,0.04667539807798979,0.132933532179212,0.14043847524596986,-0.01738432077318141,-0.037686987993389605,-0.1380001131181965,-0.07073642458263062,-0.056094967330484455,0.0017529901824947251,0.04784297568064451,0.01336537874523476,-0.002934446918036537,0.02250429599484077,0.0939952829176472,0.021827954798214495,-0.015561384598186711,-0.09770947597947954,-0.017421321960471196,0.11159727986914027
As,-0.08485576669311386,-0.19688228863409277,-0.007755592766367065,0.025149511795622328,0.03778048280868575,-0.004869815835427053,-0.05014769620565665,0.004145113028628348,0.0738965805004385,0.002960314525825603,0.048950479288408615,0.09375504977090407,0.020923914278288453,0.12177279094447287,0.11550441758870114,0.027864633204764146,0.10977039855229336,0.0006999002789960031,0.07186050087227458,0.125409182898243,-0.14184637781885565,-0.1364550041761783,-0.16585231989476187,-0.06677562413793346,0.11779033855211764,0.05564357347029656,0.04663747357535042,0.2557492030378885,-0.0627490232975515,0.019313909499184975,0.05701431378606271,-0.15542791165204264,-0.06007677567038656,-0.07544122999145499,0.019427476080657403,0.002727309333333457,-0.15538884314069473,0.014420647270623735,-0.036909040822099115,-0.12264781313588048,-0.05478355408882497,-0.008037220368993294,0.07339822577602374,0.04301387520722816,0.12767219779182226,0.08030841873268556,0.13627741379356215,0.035663665250274285,-0.02230499158901918,-0.09940838889448214,-0.02364221971938653,0.014962793540941323,-0.12194382395137385,0.01886604224473426,0.12695846056943924,-0.07895486395205463,0.01856008785305319,0.03982818415378519,0.17446153131831227,-0.0435089134114807,-0.1386430757309075,-0.03712570646116818,-0.08463902813131612,0.05990331044410312
Se,-0.09719438836943588,-0.16351028047181074,0.03894790514725735,0.14465370032557975,0.0908292241661214,0.02521355503469108,-0.11014970920450429,0.14979423624500673,-0.032828956842087184,-0.028783364179626535,0.14918075147347123,0.059391830714425664,-0.13690189326485422,0.2623837389685633,0.018431384349702602,0.016542902487349933,0.1162428564433281,-0.06757991302644908,-0.011349119087095712,0.08941610888133222,-0.15069083662698068,-0.08288134802631604,-0.2432325351119235,-0.04664530200879595,-0.07543562087943698,-0.03642342421319969,-0.07108424174978963,0.21855166899973752,-0.10395972192555773,0.07683335157643807,-0.020123427787571774,-0.25945708298376785,0.02847757238320211,-0.1347898813242503,0.08368881875688691,0.02150718975881421,-0.263017035911921,-0.07159558378034007,-0.13671112580059117,-0.11138530376245766,0.010315065917157067,-0.019044708984450806,0.14965605739500945,-0.06342814039621429,-0.008154308791226417,0.10983086975352932,-0.020857052934694257,-0.012265870433111751,-0.04750117163600964,-0.06941910537521628,-0.08465114308075973,0.07613094917514171,-0.09673066666597721,-0.1476997283976777,0.00547117095111347,0.015076320259240895,0.14765565859617918,0.07955821823109047,0.16752982287526322,0.042649106935198945,-0.14690050926868853,-0.2453061469050925,-0.11290339660006839,0.15606291602159167
Br,-0.1183667857190785,-0.06587278314534556,0.21259671469582775,0.10161363000827102,-0.010323406930903608,-0.07326799785620111,-0.08427937214008076,0.2608592599965351,-0.06407798064267738,-0.16162260606958437,0.10703147417889369,-0.008541325753824366,-0.14355157233006952,0.23581892728854323,-0.018485509840895465,-0.13465805662583238,0.3158239566881034,-0.1026299492513645,0.06880099159473056,0.05575497919486292,-0.10578443399233986,0.11590934017638047,-0.19927733496714725,0.05165443712822419,-0.038164635532083394,-0.10326254568928298,0.0021071696681811912,0.152619440161439,-0.0098092457908633,-0.044513831795153724,-0.1331561575802243,-0.19809749731210652,0.09027812499177616,-0.03861583055302255,0.19261182834828103,0.0065098848519928145,-0.22917795194008256,-0.07733333434388959,-0.043805922044789926,-0.062328888757563136,-0.07090482824426779,-0.1343215474289142,0.24007918828802166,0.09748071193980318,-0.030592900839924834,0.22646647755394256,-0.14901944254708488,0.011479371372861551,0.041233156287048295,-0.0013019394071025526,-0.01493594932499604,-0.008868699614927103,-0.12694252012367366,-0.25121621559207835,-0.10017022665425697,0.1277190861109866,0.30293428530317973,0.0490773162404929,0.1278566365328556,0.17553799346495955,-0.15501189674400262,-0.24753321435506875,-0.010134438127238582,0.08590368049849914
Kr,-0.038900290197546705,-0.05513175822808047,0.012072917448541338,0.017174074225153522,0.06718875871608092,-0.013843651466408615,-0.2500117735984377,0.19055486141732006,-0.014420556270620003,-0.13894975263243,0.12338809063226833,-0.04439072014359881,-0.07790626070486689,0.023717176475776345,0.027996956052388725,0.05619295961124543,0.0037232255829285845,-0.0686195158563152,0.10240157928015356,-0.07489009873087339,0.033519851070380226,-0.004657475490778848,-0.13032007989804464,-0.016209977994505364,-0.07513191060969326,-0.03097609927275162,0.11951651994276669,0.09946060404500558,0.061260585120787,0.029548706679353647,-0.01775935215225116,-0.18242091556487597,0.046768690108304485,-0.09597249520453029,0.06304684713065457,-0.05536610573372789,-0.08524390376526385,-0.0447565304751738,0.08451786770986991,-0.029731339608171325,-0.09740169906638993,-0.023931094254696476,0.1732024053419839,-0.1215551203853471,0.0033544818488747156,0.027205627686609467,-0.022546936156612914,0.003927538227896668,0.11032661057269388,0.12250740039655073,-0.07115545515438927,-0.04425736304382228,-0.07027517434130635,-0.01983047424112885,0.015345589995325865,0.053691484423754175,0.1234556457560725,-0.05366092242771224,-0.042016072764277955,0.027694988762691792,0.03491442255451297,-0.15510018894396474,-0.06264702571935693,0.007952430650717476
Rb,-0.022674118237521756,0.11006929977575751,0.05732312148227654,0.049073906767092425,0.09765548945911008,0.01082133788728607,-0.23459928731358293,0.37415544079209184,-0.14135693122002563,-0.16626467131253875,-0.06855882638410864,-0.10325233195082999,0.017557219339122816,0.12008579012701966,0.12701533341984492,-0.013430726485968738,0.0003768705900031637,0.014731417329708145,-0.017013435086124053,0.08681504627444303,0.09478954721697955,0.20295011485116415,-0.07827693113683246,0.09184171741744816,-0.14365603947229125,-0.1255401071204621,0.10222191632944659,-0.019607611630142383,0.18838057261372507,-0.0563704990482169,-0.044248198684107315,0.02261098493582323,0.11004118093289589,-0.04908449996452906,-0.010843464238410554,-0.02495632000175608,-0.04583574299154691,-0.13221672406848936,0.12089908929897221,0.03750532139206309,-0.21107853626245066,-0.02898574435901875,0.25855811499291137,-0.17469966921915703,-0.1479230872122321,0.0413563720692711,-0.16552464286262106,0.03507708073639041,0.12681942726099482,0.20686388411876233,-0.011770073862574927,0.06815207675795479,0.06228313403630087,-0.15415822149204964,0.030932625044620965,0.21320958626482528,0.15593686206780183,-0.04996387388863592,-0.03207797938649064,0.1558005891049364,-0.03559506582677893,-0.17075963600573008,0.04061951388778554,0.009275731995140252
Sr,0.08702619286374223,0.11504156274606278,-0.04767298322845847,-0.04201329417778551,0.08498683333484408,-0.09836603227860921,-0.13317719596579208,0.0827116785128873,0.022417048948771646,-0.18860069284024072,-0.004782048856933559,-0.004581749482649645,0.020599107868628157,-0.15376059977732576,0.10386306882451549,-0.01806333687125474,-0.1887382033886378,-0.03479007800964969,-0.03373053275975999,0.00993526530832253,0.031369004636946356,0.06141767973162917,0.06134131720694181,0.02642655115845169,-0.04615174076514634,0.08419122615224893,0.020132631346734573,-0.07112728149172648,0.06113038418165507,0.023909233811767433,-0.02170548471962131,0.005726215851711021,0.07106814017576998,-0.03524809488614564,-0.030939062657008447,-0.03658612908051665,0.07149754171517936,-0.03690845632721275,0.12840661200551198,-0.003179611966808269,-0.15620668989340705,-0.1366924973746132,0.0736081876183845,-0.12288792595370969,-0.1201189664417617,-0.07236532033751981,-0.05469260458912366,-0.10071244306253477,0.1655083527369614,0.2122903266025118,-0.030485173715423218,0.06452451722545839,0.0006396703820944205,0.032167869853629585,-0.14283803497839148,0.12463790175923822,0.01341885839900355,0.007868375212801966,-0.13989979589002377,0.09340143449493511,0.10095715237491357,-0.061400371611895016,0.12097933541910087,-0.10935095006621108
Y,-0.0032105709277481923,0.09054926830703297,-0.11720901090920752,-0.07205425509137708,-0.1060736219345005,-0.0886915531722066,0.12541918056788823,-0.043146668353047105,0.10089629172595457,0.07980878503109397,0.011574088883577607,-0.03752839883101348,-0.04918867572731723,-0.18120950593932644,0.04151492980463,-0.12646341409810824,-0.10782958867683053,0.046821113833171606,-0.047034994651016265,0.03440565469808848,0.03048860460685783,0.06472315743779931,0.11356648578864982,0.058850930070814746,0.007986007475141199,0.1430045764213276,-0.026960257518231324,-0.14825641537870782,0.012161681882021014,-0.021637598851282146,0.0528016284247192,0.19832214683725782,-0.023438188162772332,0.00910926536480957,-0.029324770812884433,0.004200115009418958,0.13767082021159202,-0.028562592709205106,0.06838725271860946,-0.024601290578467567,0.10685606248274994,-0.05522477188487059,-0.1208711860226739,0.09756289360829666,-0.16677097174339367,-0.08583162631843967,-0.002518325297421143,-0.08796894073088234,-0.04540083437814101,0.035145330498557455,0.033106601590122825,0.06975660590918778,0.10901074774566213,0.023777547010073508,-0.050518834197574164,-0.007000316180516742,-0.06289873469330821,0.028354662978140373,-0.09252073612620153,-0.02228352259761167,0.041851741771914315,0.05332122201195268,0.16989506241699218,-0.06559635529032327
Zr,0.08467040197248492,-0.043286157494624576,-0.2132222794736919,0.016279421723087557,-0.10117677616143335,0.01734359166257391,0.20453366320616115,-0.056744120402397034,0.008180489535904325,0.1058327637874132,0.049178988327355934,-0.006693243781614103,-0.00431056647450501,-0.005090238818258086,-0.08512169066082696,-0.07040899629898835,0.02221545339026433,0.018505872213828295,-0.023532339997249123,-0.04256269200958939,-0.05626449232912192,0.02283190094973775,0.0012734000768032745,0.08581586814033336,0.026280829251773073,0.11249264080391044,0.03257659220257393,-0.16353737470805962,-0.04076362960444924,0.01959863548867577,0.11673166830786912,0.12410681569490616,-0.10163605735651281,-0.02502078721522151,-0.12235386356371507,-0.06078856683913254,0.1022789278170474,-0.0009027506703099133,-0.022658337088586455,0.00584369922130817,0.06752288861332983,0.05800527329907296,-0.12593287126934832,0.10892497852161989,-0.07793262936537981,-0.011914567321389721,-0.012442155610291643,-0.051533416672998066,-0.05222605123681894,-0.04050082010615604,0.04969326326913087,0.009770475274388022,0.015855857141602984,0.06283375052275104,-0.004952167346934959,0.056409511279780375,-0.16149202234052762,-0.0007761444920057168,-0.10192897084105398,-0.0095859022752226,0.006286689237096782,0.09038604817356942,0.049277808032728077,0.04201345257992797
Nb,0.0575241690667817,-0.05812276783890282,-0.13323805504019964,-0.025249509593921568,0.021667462750070633,0.03670918381278732,0.10362630871058046,-0.13614888199418304,0.032945413650916876,0.024163822110405984,-0.032859986860547793,0.009430387837638488,0.10156946703608623,0.08981509352293038,-0.08866830195234068,-0.06621007880594905,0.03579546621604877,-0.043962505813427734,-0.08219631171305679,-0.05048596646600195,0.021114524091178775,-0.027310231457157812,-0.05578530572855535,0.005268630759073376,0.12658503016182482,0.09345691649431552,-0.05429699021105467,-0.0572333905433746,0.041547096154180646,0.0551403817169647,0.10783315844290993,0.03164324654406047,-0.10252329353101597,0.024902829847071435,-0.05682925464122187,-0.04941883928170303,0.09625061265725289,0.03600524460420804,0.0003713345319677936,0.015546785618428097,0.1130592410166003,0.07041968268458212,-0.13650746963060553,0.07280104185931795,0.03610814918402298,-0.060102996341340295,0.12644623854099435,0.047457679264616456,-0.10705581198134356,-0.05953702242666912,0.175625628038866,0.016639445323945724,0.023388863778047553,0.06134062128032567,-0.02948293040922321,-0.09539178347483733,-0.12235305147550203,-0.036591053766378424,-0.04902295077951866,-0.07353333156500196,-0.02905473397639481,0.14265680899618144,-0.027917138348100626,0.04480392151897227
Mo,-0.04444158464597187,0.010133145150341,-0.10559248986369572,0.04237344851027579,-0.05658140948431616,0.0987788111177077,0.09179902552086391,-0.060173683030127045,0.0493421497156609,0.09987303070703556,-0.07596359714282427,0.02842271178571447,-0.006206348446960765,0.1379642035605735,-0.1403720991166096,-0.024243033818706385,-0.01467554403691243,-0.010787671079619929,-0.0968205407190903,0.01409494860972583,0.017887451698548277,0.013002931900724352,0.033860617852726524,0.050991916029607204,0.1347855501215424,-0.03294195735371741,0.03942283025626595,-0.028321542319824013,-0.08124076587033321,-0.0011543506148537393,0.0229993684557004,-0.07833610384835886,-0.03579129064791717,0.09420533773848355,-0.04998755049620892,-0.0523772238560217,0.05128659912055188,0.012221502777488501,-0.09263422673671944,0.08878390557520494,0.05722564363522615,0.09515944133638296,-0.16196293866474962,0.08067140015015652,0.09777525910313566,-0.11181741063583595,0.060534467831194094,0.013843902243716557,-0.03871193381231988,-0.09053489812060139,0.22882288557383215,0.028827814369874763,-0.009243631204780669,0.12173339298671002,-0.029056624904126135,-0.07522509787045072,-0.1399485682248231,-0.01584268296061103,-0.004758078167664871,-0.11588885319197148,-0.008522626717375812,0.13130200020927346,-0.05220402262343746,0.10140656143442253
Tc,-0.05770666924462695,-0.013764369615152868,-0.0515965725610508,0.009409781165091446,-0.045041715815896874,0.12218164652585024,0.05238216632621345,-0.0613944114910535,-0.008165625844719452,0.0018929344922900247,-0.11133401931998965,0.06604969141503383,0.06565795735241269,0.10282871468226253,-0.08121262999690801,0.12292583522916925,0.04026190653818072,0.07403183336348593,0.029416053784461146,-0.03987794612132015,0.00021706108529333132,-0.07577059607206514,-0.027034099977942413,0.0879176735618798,0.12824005622074358,-0.02210600091058816,-0.024730096465997397,-0.029423996545290505,-0.17444509543909037,-0.023583799835642166,-0.018583874774442066,-0.06158553218316526,-0.07290724462077322,0.10304813685057516,-0.04614487573676814,0.035232089948583095,0.05315141478852503,-0.02288291331688843,-0.03553459514152442,0.04350619229228114,0.0499335618479847,0.055826185553540325,-0.20731047670151592,0.06163148163759119,0.20605003127961663,-0.10069870106161227,0.001755821881041185,0.09425631387848057,-0.0851330212843221,-0.09802272953704246,0.1826567693835177,0.055540323901717134,-0.0053809917975757016,-0.012240705868984667,-0.02643331790017751,-0.09446388527840165,0.03924291415503389,-0.029978002084950543,0.03338878153354053,-0.12207728807895948,-0.026647025398781523,0.19864572268696343,-0.11796852422085967,0.09781338700831463
Ru,-0.02635109355470129,-0.06897511745899579,0.016413417558276428,0.0010484026391029456,-0.06478571139247016,0.21124035903589725,0.023765218436694636,-0.13912083839609615,0.08226723363805376,0.12259394035938699,-0.05624182990756562,0.037116588580113394,-0.03744146844575224,0.018181024770733696,-0.06099647594202595,0.11643212926580486,0.07510693255504265,0.06384800997348306,0.055731067407070546,-0.0836158029565474,-0.021868828958965015,-0.10362128380904939,0.018178260722587897,0.09752159418125134,0.05622296976047566,-0.016720100953348943,-0.10095067317731342,0.0874502555720644,-0.11158152309871978,-0.021522092041799105,-0.02253840923654328,-0.12037299825402609,-0.00450991922821103,-0.0056994085494464514,-0.10733328215735904,0.04607270013684394,0.0741206092997056,-0.05884504027657914,-0.08661475202183784,0.0506827417117594,0.014167215480468434,0.07416379370310856,-0.10141829980519435,0.02815817149422842,0.1756375620480121,-0.02021711464719567,0.007720819764146658,0.06641203316453402,-0.019464624693985164,-0.08969177901756864,0.20792447611229953,-0.014979515667882286,0.03153395996671316,0.038283066169038725,-0.010331811454193119,-0.1492599511749586,-0.0135707790958478,-0.022873182947795733,0.009876807053033116,-0.05941380502384225,0.035126604121765596,0.23124498830456391,-0.12195179843328743,0.1905749961880799
Rh,-0.0419496411027351,-0.10889821441125537,0.01273621979885418,0.028249522929298373,0.03408815012921463,0.16470803565846562,0.032156713448987885,-0.078493590734874,0.13170523519514687,0.16008693110995237,0.03692901426924635,0.00348042534987379,-0.04390521598231269,0.13584279780614336,-0.07082149605714831,0.018782503453581772,-0.016969261584819286,0.03994566160727321,0.06370114374511598,-0.07143733033403646,0.08229144993529308,-0.10400227482192574,0.04587850005442988,0.07683851137005712,-0.004398991937224941,-0.09658800807598143,-0.11677385544920306,0.11072225624722347,-0.13225454133071657,0.07848287615820118,-0.05580098380830056,-0.15842609828161025,0.013385833222367213,0.01470294615314034,-0.03714754201196167,0.08983022206533525,0.060377986812480605,0.010524140055678418,-0.05859897635112623,-0.022275449881791084,0.008654805750038066,0.11080751658911527,-0.12355022564302483,-0.029335612442395513,0.18298936630254092,-0.044471911840240505,-0.0097217965742586,0.15253231467778855,-0.0916118325200669,-0.10839176935736793,0.18831937431759696,0.04327234657867185,5.18249951328885e-05,-0.023574835230836123,0.026510091347053646,-0.06737585670564945,0.035380776918341565,-0.07328116356867186,0.037079325417846344,-0.02218086054638972,0.04466400919835901,0.21946938775519031,-0.0427561480511648,0.165399157936477
Pd,-0.1633436979673159,-0.047442395670418275,-0.008615748128720404,0.06366598563167547,-0.04991603245006273,0.09695246475054224,0.01676264393943751,-0.0005540531479100602,0.11578562210336202,0.1040395923275195,-0.055542114548840844,0.06361413758836086,0.030632056587681162,0.17631656223014153,-0.08831887669676118,0.12201960949868257,0.006767035294242176,-0.026858372620116665,0.06500676943085748,-0.0999775268197736,0.02733946154395109,-0.17591655822191302,-0.042792360254956835,0.10994992699570605,-0.010876877521571031,-0.15684211440727097,-0.052995981104888026,0.15210604351211265,-0.10443569201566011,0.03279867428346319,-0.09036452269425947,-0.18112098920244557,0.014411721686200241,0.011970315262037639,-0.061054142286610526,0.020370376349182973,0.03219222226247257,-0.03211806539147619,-0.12132707940078527,-0.03403258417800392,-0.09224852380257847,0.07904251327969684,0.03116766812751539,-0.07350406097433689,0.06374217132083865,-0.016939716627887937,0.056139950543511,0.027459138307761106,-0.05931347722461261,-0.02985551644150318,0.15439747267223117,0.04226759559757589,0.0934077053211795,0.031139355401987766,-0.009702004261186236,-0.08908716107139406,0.04784369469458704,-0.10934289893513581,-0.00023684554626706353,-0.0901443616761424,-0.05126861740971096,0.07984510187424801,-0.11257485378629209,0.21668996981393168
Ag,-0.10466451110970516,0.038329129859279616,-0.014369893416422754,0.14586195398476562,-0.07783667619720569,0.20034514873076587,-0.09902050810597825,0.002852615112166372,0.04268364010313717,-0.006241437010169169,-0.0004865114091670072,0.09923247718857521,0.003982191091280429,0.15692207168791283,-0.056736684697105674,0.12956900021270223,-0.0028142594169929106,-0.057665587474665,0.007317190294222597,-0.057560208448768704,0.12101661525823175,-0.12431377297684908,-0.09356508796197978,0.0804222945507284,0.0008182735814370535,-0.1697125539549107,-0.09291449398736656,0.20953750343737187,-0.03708516685218498,0.04123949401702015,-0.038214436863643605,-0.1346936786012887,0.09486632747734376,0.03607661203968093,-0.025595472214184206,0.11599932642082848,0.08693780574945084,-0.002891833794504252,-0.014638323034008149,-0.028604395576467802,-0.12925950148638324,0.05520232476180743,-0.04909186134356598,-0.1286431382470201,0.13754190760934823,0.0912110735395453,-0.006271161792001586,0.1415131226702059,0.057569033320727415,0.04145859782814665,0.1301011453782461,-0.003000859547216192,0.07278035313065824,0.014453079378940662,-0.04980829466774557,-0.03441188490967234,0.0867003442372735,-0.09233919356755074,0.017218715084118593,-0.050314863947781494,-0.08022738091227741,0.14821775663202988,-0.03279754751871675,0.2015353567079623
Cd,-0.1533844680874241,0.09892264066706036,0.025063155645694342,0.07652223509703719,-0.0027959445401535728,-0.05121240842792822,0.021895942091830156,-0.0187979173657939,0.2085290416323938,0.09704509587175557,-0.1654036411716311,0.05515322917867323,0.11210681927001462,0.0912483370052913,0.02315233819176128,0.06323632532999837,-0.015025807248461668,-0.04121174907034615,0.031760541332396565,0.03518381534832968,0.08550259023608998,-0.1818578303838839,-0.12208266952806981,-0.036957668512521226,-0.1265134797741663,0.057760915331238276,-0.10400806785611237,0.0789424079452536,0.01719713692260139,0.04155241255390085,0.012236098037028523,-0.06014114595827836,-0.08313386293685036,-0.07330337024328552,-0.0015273494462048072,0.05326707398038043,0.09173109702539378,0.07059121692701403,-0.13869774301966295,-0.020339416581184388,-0.15904083247822373,0.07379021822257,0.01336050229106907,-0.10591552850070489,0.0225810112350408,0.1579647621364532,0.027033432839639427,0.07357645243982867,-0.018523704837621075,0.18234190286524388,0.034621961749145155,-0.03195221155354214,-0.02281883440814426,0.025808076945267183,-0.11630557622279675,-0.03467023177917412,-0.028042509114015977,-0.07110457761782077,0.05064923536588671,0.10521178308887869,-0.012601829646093214,-0.019875365692866544,0.015681070484953766,0.03576317818883232
In,0.021619846898869845,0.10998984563317848,-0.02542841412551262,0.05086673790027072,0.042224159739012834,-0.07654137224597649,0.046495954725190095,-0.0016539655801458696,0.07889507850730461,-0.0682692758913699,-0.0802381254466808,0.04947415662459881,-0.04491107861943548,-0.015664507208500017,-0.02547846452793282,-0.07211033501825635,-0.05139631550400658,-0.05371284018518615,-0.10217035584095253,0.006122635148953421,-0.010030405057024511,-0.14068455374102995,-0.04825049697398986,0.06618257283636855,0.05667945300902177,0.004579782033814564,0.008971899636832462,0.0509248274107969,0.08840292322976333,0.06519395230793082,0.08794466977855554,0.14347864160682017,-0.07013589070630868,-0.07554215657918999,0.03735287451733869,0.02638546035610014,-0.08272953734690631,0.022045162663126252,-0.10018157097690997,-0.022208745902192444,-0.013083994635014069,-0.027422932045447452,-0.05889020939747178,0.05829091487697579,-0.015059725859033913,0.10085151925254089,0.15479792067608875,0.09999967541348695,-0.14451095502062944,0.01262522012180514,-0.16345672770817934,0.07503827989209277,-0.04842129121297636,0.08233498530251214,-0.12309492894245164,0.11844123741075875,-0.10690571012140583,0.05132517135431773,0.07304753111764992,-0.009381180380430567,-0.011216736571255131,-0.18624117795733228,0.05918580748708251,0.06583111530682781
Sn,0.09303891687359911,-0.03351103945921563,-0.18794438526634122,0.011265548034773842,-0.023971985418796297,0.04236874138142803,-0.0029837150489299266,-0.09734252248670089,0.08393949388742497,-0.043946321177944704,0.05694099410062139,0.08730747226667798,-0.0958175821097271,0.07365010482954712,0.01044042797638297,-0.07834182187830986,0.10630360074312732,-0.09756043706069314,-0.11547974522626105,0.03976330873788285,-0.12658338126473404,-0.047887027121678694,-0.06118417015875091,0.10208861056432565,0.1669999366776515,-0.050197826749120565,0.0800581820355748,0.1505913229715179,0.07514821498253847,0.03320685614268757,0.07938206710833066,-0.08187942471075343,-0.060718452126994775,-0.0005008095979697647,-0.09744082252834746,-0.00047818935557135807,-0.0868448566099428,-0.08910144552015382,-0.10962570554341804,-0.03685212788014005,0.014082660847528572,0.03169251715934462,-0.031270610236347036,0.08752157329400091,0.043200879950164514,0.08714859719849714,0.05109308833631114,0.155248863574831,0.007988571457855795,0.030326263472723356,-0.004661194869049636,0.01920686225983443,-0.08559989893151045,0.09702729373466411,0.026075044913013195,0.05370434332400057,-0.02956271267021349,0.08123532291613104,0.05355017193793802,0.07933220214860874,-0.004651367649627804,-0.09646661068505726,-0.011179923380991,0.14356233318168068
Sb,-0.003263660231724112,-0.07747517215698917,-0.09416373628366326,-0.009091626624635783,0.0711537238241478,0.03958876854859065,-0.012108782831613648,0.00844629064497173,0.06906695875264951,0.004554905352994725,0.18664524682711817,0.0012829606843187424,-0.10957234497250952,0.0867870545827875,0.03730178162031057,-0.044828972166015515,0.011443347034548178,-0.06443303132729028,-0.04353424858205613,-0.008250799143718485,-0.07024567171165595,-0.12690341819666956,-0.18675868857295294,0.12880110220093433,0.1436161160691258,0.06665552433582231,0.028348705344279978,0.19908182424631984,0.05194640574156143,-0.015754458683681586,-0.007691335750144982,-0.1998746619949406,-0.07513268423628884,0.025602682091326958,-0.08626455222779741,-0.05015946395264532,-0.08300124393303762,-0.1289725898760182,-0.02965674803178067,-0.11655802828974168,0.0654965101747605,-0.03467333344298924,0.05389089974029132,0.11290284505483685,0.07962614396031552,0.13975533760446457,0.08848018218317424,0.048436463698971546,-0.016742463607720935,0.04025089483744045,0.07335577427355833,-0.033190899726770494,-0.10903682074759088,0.08552253331673677,0.04108349381824564,-0.07943075959693147,-0.017599304483035746,0.030383897871709135,0.13778004494407786,-0.006049489918707243,-0.08435939179297074,-0.14051444147145836,-0.04023701423719445,0.10356813283540386
Te,-0.13622270428154074,-0.14520443060230856,-0.040908244849615014,0.147842988033292,0.0990236906871299,0.09115899621679012,0.004238612662124842,0.1465073703133151,0.014904177764915085,-0.07245624634980184,0.15219410494126556,-0.025626136798999867,-0.1582316203019833,0.17460059216635504,-0.005901407381396097,-0.04232482391180566,0.08143409006947881,-0.07476611612420406,0.05041381136571391,0.04732384981516155,-0.059918582525018846,-0.12792281061489288,-0.2364714300640912,0.051005545052861825,0.02906858585741342,0.0009055594589404117,0.04321443575525188,0.23517622227523272,0.0069441497267115375,0.031059410193932876,-0.07035123659906838,-0.28811939422959865,-0.03357944161330612,-0.08990322284479316,-0.017140305795392656,-0.028143575174208593,-0.18067918509580327,-0.14451802990265744,-0.08815623686515563,-0.09019854241359823,0.04785619777599634,0.0020896135028470987,0.04404860289155234,0.006226291955215257,0.008613768315957464,0.16783567910078812,0.05063152646868578,-0.0017882801031063368,-0.033179759250491804,0.0034548354973222514,0.055217246981700344,0.0958274174096842,-0.12144267209688313,-0.07291337658028037,0.019602810092743454,-0.01995318432135105,0.13032546715149074,0.0486088955364101,0.11935157123100498,0.06610452424824152,-0.11527003191104611,-0.17756146273776777,-0.02778839022884451,0.12125372470642602
I,-0.13329948184729667,0.007972217624335549,0.08031824594950077,0.06237956281974061,0.06142802364017153,0.02444303430756103,-0.08527665036238599,0.3058624742847661,-0.04939729747948633,-0.16287544988416788,0.14600926498841113,-0.026977620522335294,-0.0993365755079465,0.2349433759755282,0.0003506359755160829,-0.11249494828509589,0.21434656352482828,-0.05048961223700862,0.05927559300404626,0.06576557834536254,-0.1313997416763458,-0.035563327542260915,-0.2284337164785712,0.037098108225421554,0.011633143166729839,-0.04814988286469092,0.0387308680082254,0.17110552666828371,-0.02303145248238943,0.05650912928883557,-0.11859754589519082,-0.2734596363009055,0.055042915800690026,-0.004650648308202772,0.15641180308909033,-0.04733731879322841,-0.1045336895059959,-0.13365028882548352,-0.12145673445797688,-0.03018468009780904,-0.002338618618352611,-0.0691377424495503,0.21080607582890037,0.04107691285003677,0.05061801284163103,0.24916142245568418,-0.10917879888622707,0.11234982142237475,0.10953714579919653,-0.03302740736693529,0.04298618723280306,0.0792836324651115,-0.08694668920022884,-0.16348772114682808,-0.1354630817482491,0.08482454902729156,0.29174453167919184,-0.009848378745744768,0.055680531452489,0.20775956675020069,-0.1094802609963737,-0.22033323215045716,-0.03737431693363207,0.12057715026648617
Xe,0.0,0.0,0.0,0.0,0.0,0.0,0.0,0.0,0.0,0.0,0.0,0.0,0.0,0.0,0.0,0.0,0.0,0.0,0.0,0.0,0.0,0.0,0.0,0.0,0.0,0.0,0.0,0.0,0.0,0.0,0.0,0.0,0.0,0.0,0.0,0.0,0.0,0.0,0.0,0.0,0.0,0.0,0.0,0.0,0.0,0.0,0.0,0.0,0.0,0.0,0.0,0.0,0.0,0.0,0.0,0.0,0.0,0.0,0.0,0.0,0.0,0.0,0.0,0.0
Cs,-0.07558794615070329,0.09775508251901487,0.018775677225387928,-0.009098078443341425,0.037967849414342766,-0.04046809295983396,-0.2944456198510577,0.35457888178047864,-0.11879597778523718,-0.13029859059106505,-0.007532827433173758,-0.12595338116129226,-0.05443260338073032,0.026141349295738147,0.07441852981503769,-0.029979950989694765,-0.04138693897575153,-0.0230317431301741,0.026213459149737005,-0.022910385057482992,0.11942526842082125,0.22350854800658088,-0.10614554734536105,0.02113257371493269,-0.1272465440615469,-0.14509148428120622,0.14657187654507434,-0.07550136568001954,0.18345501281235638,-0.04339067836149977,-0.026174383189948285,-0.05930578092753046,0.14403568181909396,-0.0865713160413622,0.010214084416179312,-0.0018924557694696019,-0.051013353128565114,-0.06967811024660375,0.12092821541378952,0.04286918385308443,-0.16620935762317002,-0.010132668582379545,0.27767772331111606,-0.17913141199968524,-0.09093218704580941,0.06003829435524472,-0.21368211089128936,-0.01005817382208006,0.11513965220549192,0.21066953099040625,-0.05777907690855197,0.00493741571240976,0.028331934526558043,-0.10391049159207133,0.020823200086918736,0.21844595393914587,0.14478048425589024,-0.09304037318413065,-0.029219623936102578,0.13578159140201773,-0.0016214046370321932,-0.20312994575844712,0.03437511587385365,-0.07298301129810085
Ba,0.05725391323065721,0.15824397571129623,-0.036029200555380045,-0.066268331003784,0.09550179043402428,-0.11989590102477017,-0.15098539815126025,0.020981085292291327,0.0026346960787303774,-0.17250021860853113,-0.06056598310556705,-0.07475604815360813,-0.04092125144482844,-0.09324678141158095,0.06072149514830587,-0.008700339724835237,-0.18587874020148967,-0.015922459322241705,0.03290424705878969,-0.078788220910621,0.07695980214732953,0.04744661875678171,0.0776482177715691,0.019337602781369475,-0.061622713550229025,0.053983380243709446,0.07849426915456752,-0.09912309157291989,0.12286482197007809,0.01186955925546256,-0.05810201586710017,-0.02123660444792707,0.060950595326905825,-0.044803963029889905,0.028968210625959605,-0.08713943647670767,0.04609894401636621,-0.05871103303396474,0.10827010180256326,-0.08788753832607206,-0.1466011060459858,-0.13326549816848043,0.11227299812266045,-0.10130444048735007,-0.09427804819080186,-0.0518869480258772,-0.06289733079959937,-0.04819269584756672,0.1085305730070093,0.2210211480961174,0.00634637395446536,0.0775514231060069,0.0281639447391797,0.044438504832509,-0.08286678844213533,0.13960279043632545,0.008325669580901536,-0.01316436360097142,-0.1187061027851724,0.012727726687399455,0.13530306783212645,-0.13442019103565628,0.10683288369323377,-0.13097818915684692
La,0.01420654572055384,0.08247872692430004,-0.10330026319842558,-0.029420927652671448,-0.0331744555990931,-0.07099586752645094,-0.05653763690359584,0.018364265783456558,0.02021682625492014,-0.05109939141081484,0.03920590780498755,-0.05777697547918692,-0.04908523998514278,-0.12595026887624647,-0.024096087860859646,-0.050313016448379745,-0.15138949503406748,0.0005177636572189752,0.02938016805676401,-0.09361990387729514,0.06952739939740289,0.04598125049277135,0.06562861295264547,0.024417402518615225,-0.030261550601059416,0.08809284389187483,0.09256176349891057,-0.14009710723399119,0.09003817413359988,0.012483659845522837,0.012862200621751406,0.02647283045233309,0.03147453994032479,-0.00868564841205146,0.02397316440616795,-0.10531370494101694,0.07983790870294429,-0.05514452755475904,0.15856779941081753,0.021139799485211545,0.06979104338726483,-0.06929248937063423,-0.0728538228914228,0.040427880166433734,-0.13287413498602738,-0.04134723466306073,0.031130385374016255,-0.08886656168248483,0.09987641668194253,0.0721234584457628,-0.016853850021652343,-0.06012592171809443,-0.0036153944444586826,0.10819447838903273,0.005478004484138557,-0.021823124742041768,-0.058731473749306234,-0.05913787944670546,-0.14281472740196693,-0.050475131370042635,0.09529477840286375,-0.019370328540987195,0.1393503932323593,-0.12812724206123194
Ce,0.015067919447922556,0.09936289734823528,-0.0925485040844845,-0.02321606807975367,-0.05007142593616524,-0.055064525567961584,-0.05752700409159396,-0.015822800361842915,-0.027632372499938967,-0.02249194678165125,0.0015444615147983017,-0.04073389714702904,-0.013218481917346652,-0.11021264871506506,-0.03447923693585142,-0.022977165333943044,-0.16900815828469556,-0.01030075086370871,0.019423220215307197,-0.07812379250636707,0.07098038690756173,0.04971114968763655,0.0867085999094037,0.03288556098947446,-0.01709732262293767,0.07580581482179814,0.0649394904208188,-0.14551694537387108,0.0820136920371208,-0.0033927837864170494,0.00581478173595325,0.0680255217290677,0.05717064907585432,-0.009164549296815282,0.009516460091842382,-0.10219852108211379,0.09785092444795689,-0.06272228352508802,0.13283028342677272,0.04187546631354519,0.06556522335532337,-0.07753739976454342,-0.09308247350107095,0.03123212228872718,-0.10152912668661809,-0.030209710055951473,0.053287735155853465,-0.08215747659003873,0.11771178701474835,0.050515466772327176,0.0105611733970345,-0.06369017115624699,0.012169807746067556,0.0937587712951238,-0.008720685202834715,-0.06428303776180914,-0.09379402429815684,-0.08197140223072918,-0.14980280755860484,-0.09492031727705878,0.0781641592827247,0.001749638026257683,0.1728230665244276,-0.12878449337553624
Pr,-0.034102284561293446,0.09243398891559397,-0.10538343765261342,-0.021199985275616093,-0.010015636110261293,-0.08818080902741797,-0.09469914986634795,0.0033732324364216496,0.007984817518069565,-0.07193484384656769,0.01424219570032295,-0.04438918158241068,-0.016241959989261902,-0.12299650529511079,-0.01317052768659099,-0.028088345075207143,-0.131372690487704,0.041905141888106845,0.018703548876666424,-0.09877960150834661,0.0970001598645333,0.07091538692397646,0.09090731263671388,0.011493580380079735,-0.029312740897960494,0.06149377279612046,0.07988851294056254,-0.15131729085516454,0.12490646771889258,-0.047008636122610234,0.03793415902159152,0.06434935139049763,0.0246182987770667,0.05122869641456711,0.048671653902626726,-0.10671285113403328,0.09691960584699515,-0.049148516568704184,0.14768039854862902,-0.024905328532583884,0.02645394201476015,-0.0664744459718275,-0.05740321531925636,0.04133500578059846,-0.12829228796622155,-0.06659369985615797,0.03511109668502324,-0.08033776875843752,0.10206971540334253,0.10472498459693147,0.03643882605406631,-0.0604667928042276,-0.0007776706784936905,0.11144600981005433,0.016153519114913334,-0.02532996180190254,-0.07203144548633808,-0.08284015328576481,-0.08520388108620024,-0.052984449778590285,0.12566360493608103,-0.0017009898935303207,0.11045069828273826,-0.15720037185341582
Nd,0.0030746735459561154,0.09960740769319845,-0.10759732419000033,0.0019036583974603328,0.001197859124531981,-0.07267243677816239,-0.043168302360149076,0.0025232031631846545,0.053193458561534894,-0.05747849223708874,0.03213212859073978,-0.038500917237901514,-0.07067813566345252,-0.1368029468757918,-0.00408954055155043,-0.04350629309497563,-0.16823067567023214,0.029805324877658756,0.02273556030595838,-0.07695468521300712,0.07955067735050858,0.0038579764975404745,0.07306589197108411,0.02125584118056714,-0.04973987340837632,0.06933537192822718,0.07269397123029207,-0.13738660105328143,0.08921367707804387,0.01755823551241677,-0.002396470046267168,0.024683363994472577,0.04392259597269921,-0.0022347162469648577,0.04152054505395436,-0.07268943234572921,0.11650234943519047,-0.041321874151640625,0.15594486368975727,0.01229157331280583,0.07785054005188843,-0.09601991566410314,-0.036062272487743886,0.05215557460015052,-0.13215517872890117,-0.05167559223757665,0.02991938203910926,-0.09513817081188136,0.08340190148031895,0.047064261915536684,-0.016885342153906753,-0.06417905141810636,-0.0041354670746984725,0.06782848871737361,-0.00039308410349705444,-0.04911476619419217,-0.0735590427562743,-0.04294108489365803,-0.11295653452136305,-0.06823644979731999,0.09955893286985339,-0.04105689337412182,0.17821663775743476,-0.11374227907699261
Pm,0.08281285356328497,0.053589126899564674,-0.09983602541213134,-0.045356388563830514,-0.0490740851122743,-0.07996282996492694,-0.021372825674553335,0.02433283582906294,0.021587145780579,-0.02317388625926158,0.012858096899852973,-0.07928875244515936,-0.05477724598095949,-0.1561274549755431,-0.00011819483435958018,-0.02964583743416435,-0.12234310520285928,0.018810459100893125,0.022961388302916955,-0.07201024212949608,0.07274036039573031,0.07345694482398021,0.10814186177617695,-0.004299647285205023,-0.031489460176681104,0.08554691082391533,0.06443495542416543,-0.17270383285657773,0.040500784279341305,-0.005918355050430376,0.02012866873857892,0.07449614936147073,0.016123901090244683,-0.01997102931281248,-0.0016155281979160251,-0.083383000698116,0.09403930803546792,-0.028795517671718934,0.16885279327566188,0.05824656856485815,0.06725548576388202,-0.05673920995721091,-0.07565338598376387,0.020533618458134426,-0.1164564728970869,-0.08448347749325343,-0.0033669059790384036,-0.09863584719894457,0.08409085194931719,0.045997108322113886,-0.016486814503622573,-0.03804478087962499,0.04260172466364466,0.06634703021725796,-0.008240743557655802,0.011167447805220162,-0.06976367900639499,-0.02508056755745343,-0.1376193074202931,-0.024096315978961325,0.11322157608139836,0.0065721427997965905,0.12478077558518144,-0.11769994471217574
Sm,0.018648963799629974,0.11588074818765602,-0.09029850795458036,-0.040050910923959536,-0.020261654232994905,-0.08439459236271134,-0.004647843096899337,-0.0073314492654819865,0.03291734967432044,-0.043071402074998745,0.01652196168145155,-0.060321233565529556,-0.06386589083955282,-0.16357606361420823,-0.007464081620628776,-0.057316840794230356,-0.17528121514295897,0.02258951231727702,0.008753096089554855,-0.0788770725006265,0.061991387891780575,0.03170099833139084,0.11201360982510887,0.009066395996197737,-0.048150800545612785,0.07892026818251152,0.04443977449345927,-0.1375756677199286,0.10395899294807547,0.01890717541405103,-0.0016787714051816824,0.06340567243184127,0.030960950864534344,0.0021388233290112225,0.02912856339592612,-0.0972689014944034,0.10674118400095602,-0.037591224090831286,0.14908614092310143,0.026715461769453868,0.0554203341526375,-0.09653061407037596,-0.054893018810302244,0.053242046664022866,-0.13228063524219313,-0.05575806686887903,0.03205549113627074,-0.08221744997006775,0.10816257807339269,0.048639967297558026,-0.03336630498185608,-0.06454384136471213,0.021286655480002747,0.10354566350981166,0.013315661772402234,-0.021301885184530377,-0.0873904168909354,-0.06746681683613737,-0.1429979591749318,-0.06781691024763341,0.10997060278409938,0.004925038341177134,0.15616940723968883,-0.11927368192151033
Eu,0.07786489145522682,0.072719007566252,-0.07748606025905445,-0.035994772365442476,-0.03924964523627208,-0.08407577946596476,-0.1025354706269422,0.07284957152571948,-0.04152635279084704,-0.06828831761447983,0.032698235233787586,-0.05131757462432131,-0.041356618235776764,-0.10059844594532898,-0.032190343380151795,0.05269306405112599,-0.1666631522669139,-0.05863767272417573,0.10218026746829689,-0.05585975871848844,0.06101923661069728,0.045690468584345854,0.04792689854557513,-0.023633585034782315,-0.0671876610704674,0.07026688307123674,0.09949419288780889,-0.10833457837189318,0.08019164186376732,0.017799663708272975,0.013759080689057705,0.001743218538430218,0.032924196763147374,-0.026670500380066846,0.04871749567400275,-0.05058070934478181,0.12972792378184006,-0.04889237024079821,0.17005004918989428,0.05034621360444743,0.042770232001232915,-0.04230182588584467,-0.11007793948041157,-0.035937175453418194,-0.08151739296795991,-0.06096615961889685,0.04712907737513581,-0.09176917191247885,0.15753438799563085,0.095754781456941,-0.03946166789889045,-0.06609222161668792,0.05949064032133972,0.11596229419354002,-0.007656747192716476,-0.027593671041273356,-0.0255787540223278,-0.033446726387230966,-0.1740741391686029,-0.013468645811064182,0.08570571539517005,0.014679018658566627,0.13459720799328762,-0.13750411026805498
Gd,0.04360678442987951,0.07624489592578579,-0.09747193816756923,-0.043585761937592817,-0.028794727341856403,-0.07571264413995106,-0.03904908133103963,-0.02403310122414249,0.04674265219116283,-0.032811316986277976,0.031182396425207193,-0.057037650591650634,-0.057518999392035315,-0.1691604556611669,-0.02028790827720743,-0.03409885402928586,-0.15563051824410168,0.02231376864875301,0.03383710965559193,-0.1034143784375644,0.08503952398331818,0.022081569894504313,0.08169204546811766,0.009227990654080994,-0.03536499930383162,0.09399293635344481,0.07781953728101605,-0.13948597752846534,0.0761657217569542,0.007993015537107089,0.020568172687520727,0.0566897922519425,0.011748974736487597,-0.0159800245757214,0.013808348017262473,-0.09741881475083392,0.10398837782166626,-0.02647340793794312,0.14949634017843372,0.03432820164964769,0.04673738781341813,-0.050327212418675056,-0.06818207750300194,0.024203117166475958,-0.13388338692565654,-0.06299706056931265,0.03571753733137552,-0.08195127881622516,0.0923539053944189,0.07202583425363689,-0.020813574955463817,-0.05566959958469586,0.01444695683172302,0.09708143298114309,-0.008844648774687679,-0.029040887878201804,-0.06283084525163488,-0.048724636021233024,-0.14990377901195343,-0.06499740953077589,0.1036914521916499,0.007219195305515406,0.1467477657195974,-0.12323150033809095
Tb,0.08317158280364276,0.09873176655004316,-0.07426102631828624,-0.0731510993939104,-0.024213217233322603,-0.06234650096705257,-0.002948575593086245,0.010731887580834794,0.03909558877019085,0.0010530874262874535,0.017663809968222352,-0.08671677836318223,-0.0743248708132201,-0.17618700048711983,-0.011975993953705653,-0.0635948608128971,-0.13050055711495967,0.002909635080819585,0.024596522097635135,-0.08037900250901592,0.056158798259608955,0.01751953610801995,0.1238008963814537,0.012143734076071088,-0.022869860719447545,0.05498417451221692,0.05490468921904419,-0.12285931084445241,0.10220895305402622,-0.0006315732051986891,0.004426831564746176,0.054236987432424576,0.06513050187863245,-0.008509225060311966,0.014685153466693938,-0.06149810271259097,0.08975007103714712,-0.03106665276531323,0.12274512834338404,0.013484010678204041,0.09440487303342626,-0.05307818895696623,-0.07718192872557689,0.08951122657459039,-0.10360760910550718,-0.029126462917253692,-0.0021498482206623545,-0.05019432623703935,0.10347211237682405,0.01876751467587446,-0.03289291758647469,-0.08092196201694862,0.03454458553045056,0.11077475336504906,0.038611470378159866,-0.07669142265367015,-0.08211601087938827,-0.06415963517642057,-0.11474866719597845,-0.031700581186634075,0.12897059863188667,0.026825483984362172,0.18291756815757523,-0.14187256296089565
Dy,0.038575007689829556,0.09806283167030679,-0.08807958015116678,-0.044202518482751474,-0.054496732098537136,-0.07996519527014509,0.040044291869689386,0.004385268603414081,-0.02741887563580548,0.005214074365962022,0.002231048723703848,-0.07632861062195401,-0.03735329913221601,-0.13674835943729755,-0.03381190719679343,-0.07044830241930376,-0.13036920463346133,0.049915109792150296,0.020289006245124332,-0.06696798858104895,0.0501987371845123,0.09051498187400377,0.1213945262428133,0.0066051449837563475,-0.019787286796944248,0.09192150413298408,0.07523491632164878,-0.16482654249906362,0.0646875563300284,0.007220620096986443,0.033793184284295105,0.12896263471009684,0.025724358657508297,0.03908194134559932,0.001563426474994859,-0.07825341599604457,0.09267312538301835,-0.05623433726402415,0.1211543065453928,0.028264419477839253,0.10356089231228381,-0.0452871584689452,-0.11716349519063808,0.07586417990509471,-0.12460298167118554,-0.06375674814347666,0.01980304218148222,-0.11404111417244038,0.0808291441523096,0.0373570512040278,-0.025160891082918205,-0.051242381961945305,0.024954783986076562,0.07333511343599242,0.022812211344104962,-0.028258437778847584,-0.12295162784072611,-0.035381638229891266,-0.13000980823332497,-0.048357009261113276,0.07870964083851806,0.005953276628854948,0.15826345767615152,-0.15546288854898088
Ho,0.07149320259465619,0.0815889501539279,-0.06690515237758334,-0.06817978305404322,-0.04779113152254312,-0.06545134083019714,0.02863700929461408,-0.013236412361811556,0.010553896771888633,-0.0033659592727945035,0.0027996001552804575,-0.07451504598338503,-0.08458941925761547,-0.18673163571581075,-0.04098991345654884,-0.09769727968662276,-0.1266404428808098,0.05976042496475561,0.012371546586782614,-0.0668918193376847,0.03605113279285046,0.07235514986329122,0.1145741619968832,-0.0030926673507606583,-0.01466752514714485,0.09198824063477713,0.06820250629549975,-0.20223149913473853,0.05649071844939173,-0.014510707403849004,0.022214215978032838,0.10126015862781546,0.012535895200249126,0.016224050356988616,-0.010319837090857648,-0.06701033573679112,0.11833718346918902,-0.0447822334533524,0.12659976302760292,0.025169176233262525,0.11514616911570963,-0.05776901295573566,-0.09122307864109697,0.07820038814433518,-0.15354498186064588,-0.07573981741848007,0.018720818351110526,-0.09385739948146954,0.06642674562551705,0.02311313083623277,-0.05732900172769425,-0.04350305272696244,0.04408382121539773,0.07459518992061791,0.005879267480087233,-0.047386543838109654,-0.09660374917224958,-0.019150091893981848,-0.1307514338072519,-0.028377495924376675,0.10152942974229316,0.021641881977351528,0.1863273850564128,-0.15059963346685543
Er,0.06351683517393239,0.09612167445307138,-0.06434184705445128,-0.0673821424996831,-0.06198394940292644,-0.07264474066306634,0.061904318343469385,-0.007926346006974552,0.01489307427257769,-0.002935848550756817,0.006161478226912502,-0.05726023364271258,-0.08895225673480395,-0.15457708149279178,-0.009287922429186246,-0.07931839554836119,-0.1437380158727024,0.047542295262606796,0.0075758931181236135,-0.08231244954010997,0.038664891390639236,0.07856526657332043,0.1286526754295987,-0.0165147415480809,-0.03786993368978952,0.11792067842409394,0.05327490733726698,-0.17544272432066008,0.06253540035939162,-0.007686522816540667,0.03098564946068168,0.10738047790278844,0.02402989096907888,0.02500305966563869,-0.006864099364669951,-0.07399121572781611,0.10575509957363262,-0.04535641143800172,0.12592899115831716,0.045527972647099936,0.09805433840787087,-0.05086883814975773,-0.0981728663334895,0.10679637573748033,-0.16111094633708137,-0.09057000298594778,0.019653833472462495,-0.09656390333882377,0.07015039143750514,0.00576266943543286,-0.0392830443042933,-0.04913503582814873,0.05021199788002839,0.08779095258811584,0.023990471408396753,-0.03991350106966967,-0.10977683598052451,-0.012038244721592829,-0.1413030207830491,-0.0297155926822372,0.08576768062233357,-0.0023453921204270186,0.17203129210935242,-0.14213043209224205
Tm,0.12123849581053082,0.07173767179775115,-0.08854784898441372,-0.09571705879148014,-0.07475763457635716,-0.05449350260015371,0.07363515653939978,-0.0397959766917763,0.01850324036307386,0.05428743152485346,-0.028547444703120185,-0.08007511476840282,-0.08769975478588803,-0.14686940547711605,-0.010929885434483715,-0.0371572441088468,-0.13889163199605956,0.03423215378062027,-0.0031215643889756133,-0.04125479901439633,0.018333837146317186,0.05137057492008618,0.15911595634371015,-0.04085213781183876,-0.014109751300328847,0.053031284776990484,0.028923140415710567,-0.18516444741228716,0.027171827302723793,0.006715581481345726,0.04008978627973912,0.15596014771849018,0.018894601851735176,0.043325692606899814,-0.037222530791964185,-0.056977840561087685,0.06499943232703585,-0.00265690702591454,0.13487832516432394,0.04594840093034483,0.08240716637705867,-0.036623836101497866,-0.13070716368978522,0.10979263305415807,-0.11715598260451295,-0.056025569878523133,-0.027173829790467396,-0.10674814071074787,0.05474814018513468,-0.03659118621551909,-0.0773660224314775,-0.03357786040544615,0.02061940927321811,0.10260446555185683,0.017951111316507493,-0.0522909929012755,-0.11313099445376237,-0.025631527114107086,-0.08710956280053775,0.014219963989646589,0.12101526170387854,0.045255760470359396,0.12207637226635833,-0.1266420457516493
Yb,0.1236133897338018,0.1204568978005378,-0.03554240409385,0.03500196934800752,0.019535825739262394,-0.11413301948416882,-0.06450121543227488,0.019478968475607136,-0.04009417010324743,-0.04511971975772562,0.04473703857369343,-0.09549537497018737,-0.063551481250167,-0.16228545373815975,0.024083058073357602,0.04310727653736207,-0.17148737172665596,-0.04602728993636491,0.08317164948198412,-0.007523784580689833,0.03335419502270151,0.10283101734351685,0.15714430612981836,0.038170725991848585,-0.03702133202248526,0.03970564340724236,0.03350991762528927,-0.13691479108720106,0.03818666941455826,-0.021179893888544833,-0.05219258070740588,0.00333976272184444,0.02777533931834257,-0.008567310522162426,0.06928062807787695,-0.048524189867227945,0.12871076680921062,-0.007861775426373684,0.12353131983463832,0.09005005465844484,0.040873366851650855,-0.06328508094104504,-0.1447046940648476,0.02546059571626088,-0.07559970405031584,0.008293266336586716,0.0680993821105697,-0.1047159647398193,0.13891923773930842,0.049260715733742716,-0.02191095405341047,-0.040812023358892134,0.10473586178442978,0.11442339613284523,-0.05748416924179381,-0.05975664399587317,-0.07049427640893056,0.005760120115066667,-0.14304158996755392,0.0596502260166488,0.10020738817372243,0.024868129070168575,0.17982520735423277,-0.16008786944322026
Lu,-0.0027130586247161876,0.08889215422143056,-0.11915051984807405,-0.12117669580623616,-0.051381359592707856,-0.08337068000621763,0.10595324018848633,-0.07694839369063461,0.07716854574400887,-0.006515223396173642,-0.05624861637331093,-0.03987549847445835,-0.017688566150538085,-0.20483396730046505,-0.013392791864971908,-0.04935151170548399,-0.18383351016767274,0.10775367575569267,-0.04401685520156821,-0.05573509364474773,0.013713837535261045,0.08758226766540496,0.09352160388389685,0.06498914484046915,0.004071569707962636,0.035060923857456794,0.00015432521780433788,-0.18443275141052354,0.08342482116577161,-0.07722306874864251,-0.018139007977883766,0.15604262373876324,0.036188360063147115,-0.00856266022645192,0.005738572747856773,-0.0771155512250407,0.10766861972357032,0.06712885738295975,0.12389205743646708,-0.057758240253828017,0.05401684798980635,-0.020824722283224285,-0.1495302474048738,0.04412861637291196,-0.15782484724762055,0.01833197450582856,0.04155602155788242,-0.1011515995823104,-0.07391374637018122,0.008694124237826308,-0.022619172686682648,0.045846900546804695,0.03817554537501732,0.11398989618912121,-0.06932382831655219,0.06145562737282755,-0.04707410325068029,-0.003282938165113891,-0.028552542400535848,-0.05709276836763791,0.0550870051298028,0.039546744693750135,0.05001848760991767,-0.048450755489951126
Hf,0.12483125839812319,-0.09946579656607392,-0.19300532389624947,0.010051741318861973,-0.05498479329808874,0.0436160235910107,0.16413001554948548,-0.18391582934355888,0.04856977649497267,0.07431386634665091,-0.03834818268267214,-0.08338991322772453,-0.02540975938340833,-0.008265263669480218,-0.08850701368077965,-0.08739755360508072,0.015988642910023665,0.03134794745683444,-0.01594930882871078,-0.023315164065981952,-0.05472908943963113,0.017197074948645426,0.07393115990975647,0.07298235873996381,0.03977988703731241,0.12392934621357277,0.04530356422501316,-0.1506238168580092,0.002883089569657643,-0.02936910002800721,0.07959433407398474,0.10377495397552074,-0.09984111616127404,0.08057457504532477,-0.10954017008430446,0.02124514365652086,0.10342203624881736,0.020922331055083322,-0.040488542450397985,-0.013243689418426697,0.09900872567931442,0.01466279585658175,-0.13990104218709512,0.04281876582451209,-0.0260651372489693,-0.03154689006564688,0.071290489252426,-0.05486501056699017,-0.05734612041585779,-0.11042782968956075,0.09383531542008891,0.09780698057783171,0.06209143518830047,0.1273549474752226,0.031319687104176215,-0.000635067123913351,-0.11373084451808392,0.022387308458568393,-0.08194495024124593,-0.03856897745303341,0.0722652791388008,0.03149776118888127,0.01557564788455157,0.00727908899887137
Ta,0.11609638620197915,-0.1078689295426928,-0.18415463003066038,-0.05290144109894142,0.01409002341323637,-0.044370904204744384,0.16482234738822452,-0.16475278195408039,-0.025918223429676587,0.03343711498640026,-0.04389419486342502,-0.028152200114752706,-0.025571751839335577,0.010953808147624965,-0.14763462689713813,-0.04729412134428332,0.0023454222706210774,0.03150260263881744,0.007812650234409625,-0.08663951130174066,0.00976285267083694,-0.03466622165425885,-0.04147921056237794,0.0896954755366674,0.1471091458414597,0.11114868474695337,-0.03103870043068036,-0.10535117086897845,0.0037423688168311876,0.050712822170846786,0.012384153940954783,0.04094412233341855,-0.07363953389856402,0.06527671916095651,-0.00945641896429533,-0.0625071890595648,0.08268803104896714,0.037813725366036846,0.016130015721360764,0.025030304256234922,0.12386366210519437,-0.002186922745902582,-0.07365428706872318,0.05963057941424436,0.0677369468578729,-0.04909744425628017,0.11783223785121551,-0.04319027845498011,-0.0821476605879935,-0.09206862895392642,0.1290820804763456,0.059792336464253394,0.07336489356852047,0.07252092630344836,0.03257549462019034,-0.0694221690671744,-0.13460730918727828,0.01629803829196189,-0.028751412577671706,-0.06954891024919742,0.028485125941980265,0.10766289788721808,-0.0021729856135675866,0.045540175719177504
W,-0.07408852200731463,-0.039430798996840724,-0.04927484899116513,-0.018990142575546574,0.028978063200440118,0.023921320832395995,0.09243429015010661,-0.17196812032099854,0.026351494446750938,0.09035320266917655,-0.14982557998430945,0.010519539224582484,0.027742482311213342,0.09924726528919148,-0.1554579016672385,0.010020487647755197,0.028495131856755573,0.058653352382907344,-0.0011351297910063558,0.0217298037920237,0.030886708315374278,-0.010087600057086704,-0.01987601145333493,0.012990176015029505,0.1138636412244342,-0.008399889138041445,0.0005525695065074414,-0.013074506539452578,-0.09261691160040385,0.027501292175656455,0.021683295080742494,-0.039952453475911774,0.06671344440550261,0.03752503124964123,0.006182421166824929,0.014395991148382192,0.05102272078250702,0.07667855552274204,-0.05285183489890229,0.07198492648794387,0.05016317532508077,0.12458424246710366,-0.23519552356302087,0.08923250238803893,0.0769972540316045,-0.03647277619625867,0.12176417060366457,-0.015004873751037477,-0.09277758026823446,-0.05244978007948504,0.1571077884360552,0.028975065646399865,0.031935628541321426,0.09295060314412186,0.04897190178057444,-0.09786321222407406,-0.05979357994542919,0.0415936238968823,-0.03696154850090893,-0.1780973525201393,0.02816376227654241,0.11420945083026648,-0.09185913422914994,0.02330008915765424
Re,0.016405666329902088,-0.01707566937235441,-0.04678336042771897,0.0700120008222867,0.039310303771410024,0.09840466450758653,0.08808314918704177,-0.1637755586981784,-0.004186422672286927,0.06266727601171437,-0.13338493317142602,0.04233851917783672,0.04442316919732798,-0.013929000692696253,-0.10207533686354911,0.08816589456139638,-0.028866168285796766,0.06884359136579336,-0.021083525067469248,-0.08379834106934568,-0.050839238080353774,-0.05041644254185713,-0.003235923133296869,0.07310716510368719,0.10065256562742213,-0.04472879796235868,-0.01752289348712228,-0.04317407867305236,-0.08064460502699873,-0.047628639878042923,-0.018371435870357083,0.015645476695622024,0.03127798753956723,0.02481417565289377,0.04466949099554132,0.002438740348501614,0.07826061432288192,0.09428884492405773,-0.11341874285745776,0.024764295263748393,0.05894702681035739,0.04706961174243953,-0.21600450707850175,0.07606497637447772,0.20220997584060804,-0.07612512985334478,0.0775009845999864,0.05079017954746257,-0.08647524648380493,-0.11648709553891573,0.10720896562765887,0.053654270398456466,-0.02210362633854249,-0.0205165897481349,-0.016836227402949416,-0.1905305164849948,0.012653079249794526,-0.02380114278524221,0.011299323444178527,-0.12819180461540447,0.06694612629473762,0.18433013140204108,-0.13581320644818864,0.040756970137677685
Os,0.008153157148716166,-0.15339663284651894,0.017275524192754882,-0.021898354847134382,0.025595360564831714,0.1300713504134808,0.010229164323719127,-0.14116792127910488,0.06244377114888859,0.08605903200964488,-0.003861550640340279,-0.05692968335380387,-0.10639097118750174,0.007195013684532255,-0.08360671432875924,0.1397388353992658,0.03395384925472647,0.010769795244641195,0.07079427051507281,-0.06940847799803927,-0.025043575585777033,-0.162534055568891,0.005827384740910994,0.05808866516389163,-0.018532955408752372,-0.08760760200865773,-0.029053168317354536,0.07106633235804649,-0.1323369354042286,-0.011624295188609357,-0.0536610615131019,-0.1716296174245539,0.04112445562045715,-0.06532997656628585,-0.05335447060594006,0.023392879761266132,0.07404483472500906,0.005438453246965665,-0.10861002484706278,0.03780932549670553,0.009791809285057096,0.1243442529796842,-0.09500766825183335,0.05867852276083952,0.18018114648789782,0.02385011256096389,0.04294782198831337,0.043002065942841984,-0.04446664397743468,-0.04142984864764791,0.18938920373190438,-0.0009019481438991545,0.05308100003362277,0.025265935506437204,0.04420476909359602,-0.19846035422069724,-0.014386547043443661,0.008108619993437358,0.019613021736054198,-0.09281421948141468,0.05032124313129014,0.1124830883417322,-0.17682927708500634,0.16850230005668623
Ir,-0.083624057562969,-0.14256549856070702,0.005069812210218632,0.06198107692325606,0.043113471880093145,0.13527039867631718,0.02500079168221766,-0.12567916698290632,0.09072665293974629,0.08552924264400935,0.02960415853539996,-0.02378716002709691,-0.09860964723419412,0.08273045761416419,-0.03247705081332306,0.1467344107719682,-0.05921192824467664,0.0007940939184875751,0.09256956765907237,-0.07022676606961016,0.03878152579357595,-0.17242225404158787,0.06301744708749894,0.08398884589316347,0.026537243376439094,-0.09205422941866631,-0.05121984138032113,0.14051085420573065,-0.09815575035702515,0.05156643456881488,0.014267192346208135,-0.11909382141360682,0.03442379434385746,-0.05791577113826885,-0.0923314344085927,0.026986842872220893,0.02822367648800032,0.016417085384299694,-0.09747135886130254,-0.02570070099548525,-0.01811108107061572,0.047794054648267865,-0.10352234509804029,0.006770615677319635,0.1486411529999022,-0.014947376146604725,0.04212528267025038,0.08422882171465913,-0.08718974201645331,-0.04724851326002015,0.15441427380955206,0.0352915595485858,0.011633812952201898,0.04992647523322623,0.021825029737910933,-0.1322718111607002,0.0627374217739305,-0.03636011663965019,0.09658228420019226,-0.10371546614841244,0.10200435196075838,0.12902672437120147,-0.17715608886051928,0.15235588358506286
Pt,-0.03330987822637973,-0.11872249376950496,-0.04491614936380075,0.11502968260879773,0.002249565973714097,0.07459522910093083,0.0513599029403516,0.007313585744154489,0.029089163695839526,0.13920375438067253,-0.017749831688995372,-0.01001216300366775,-0.037392943956622175,0.16672103592337295,-0.14226625729104186,0.06387101164605298,-0.09800344225185394,0.004123621045853561,0.036376043711245615,-0.12935016736988247,-0.02232862599976425,-0.16749784491509503,-0.08039340915091628,0.14645716729603875,-0.062323744226105746,-0.1077888002475845,0.001912388613556129,0.14987185204130468,-0.14281057262489755,-0.018073884629887293,-0.04706834833023751,-0.20618243641265913,0.06408136541254189,-0.03756064792162207,-0.05859415381135134,0.013933524719075356,0.07774133370596013,0.030518164935668567,-0.11828893462179753,-0.02685448295757196,-0.07342310661878178,0.06603645650473794,0.010501815884370647,-0.036107747356312045,0.15152962005288878,0.03230390640163842,0.08644912769317414,0.04812030237375117,-0.10885818345435447,-0.06783353321281044,0.1256730299215265,-0.009716640441824,0.029868262907922962,0.028192724074135277,0.07504790599947525,-0.15224095683333375,0.08842528819725305,0.009961492402335858,0.06726361633377025,-0.13977042590601674,0.04490843406416434,0.07297031440797899,-0.12432088117745811,0.1615456950093364
Au,-0.1185095637148265,0.013366089476975658,0.041131825816831225,0.16747403398911276,0.04376638206517212,0.16050359674577763,-0.09787599665158433,0.06032561801651103,-0.021885378917896478,0.05831890848070019,0.008251545108894781,-0.004803982361480074,-0.019203781260944675,0.20377903913809822,-0.1628348911070423,0.09710037177647876,-0.0025898616829062144,-0.07053746480077952,0.10243390647342085,-0.10091583995084273,0.08105020552961274,-0.15958569526918892,-0.0880558673994346,0.11067992722226731,-0.07444831639671486,-0.12224075731581158,-0.015602763770773116,0.19307024762357772,-0.07098081183546649,0.06287747230085908,-0.1341430600101818,-0.24414646471681326,0.08634492244511585,-0.09495786336483229,0.05360734141929395,0.11374108801699617,0.07053738631712128,0.0021856834200338947,-0.03522436875141602,-0.06097227297285882,-0.06263230306772341,0.13278479905538537,0.04537356675424035,-0.12139768444541493,0.1092817569543642,0.14213250189058285,0.01573449526600292,0.0901560708786801,-0.012982305205740839,0.06583776190897724,0.02820496746318519,0.07367346385049758,-0.029536026546459843,0.005281159996199745,0.002157754716764272,-0.12314972204483894,0.07267996615320163,-0.02148380240870033,-0.011654853830084149,-0.07674508231167093,0.028089541676652462,0.003193459710354375,-0.10646389974706016,0.22991161364609206
Hg,-0.1549641440964285,0.08677165911864775,0.12546116466698465,0.11620037967890531,0.033283872282036296,0.01817516002325055,-0.046818831498233855,-0.07027353194755348,0.16196241229516462,0.0006528815461087149,-0.15435571322912592,0.11719129780438671,-0.03668425568777054,0.11672328317504395,-0.16687337928217358,-0.04165527117081371,-0.09934585759201613,-0.14032246143354038,0.04468951961836944,0.02273791118436803,0.01189427591404747,-0.05486114044129515,-0.16798887534109191,0.026847145083187102,-0.10649700170543917,-0.05777790772983339,-0.059457769650431064,0.12570606131739098,0.08396075710050102,0.03157900203948521,0.0045317658686492195,-0.005810947398750113,0.0319024144719422,-0.03176753795619336,0.05748215111411992,0.10088207094770603,-0.03268006136975183,-0.005110028969430579,-0.12339110611224839,-0.05063061323214797,-0.13365756419195887,0.13970836163664452,0.08075709094849089,-0.06584236515452394,0.054396620754584915,0.24539848604367243,-0.038893792968228584,0.06492115806016534,-0.0697322673637021,0.11947821256089129,-0.09601685582795015,0.09180478092123556,0.002911401558675483,0.01022545754142507,-0.0769510225818833,-0.1250080823710909,0.12205775620786385,0.007915563454052608,0.007961737012222487,0.0951850123081542,0.021328483254108972,-0.02743889056699815,0.0021308040019463446,0.10496677400793972
Tl,-0.03190612274277045,0.10092390016288576,-0.02164026313523961,-0.013797989072909939,0.011043294166479797,-0.10849663386502063,-0.040070476379196834,0.04399146392746786,0.003939042270067205,-0.05605467962820275,-0.010060858887572372,0.06772027197574093,-0.01630453553448445,0.01535969807013517,-0.06871504219105856,-0.14559066598108414,-0.06653408677451013,-0.07306049138888439,-0.07939068983534538,-0.026413009889701983,-0.07208717855311944,-0.11441806933249608,-0.05735920008307239,0.06001655351788534,0.044615093740607493,-0.04460317290361597,0.04270224564776907,-0.0019718212600165342,0.0679583414505709,0.037305227157395676,0.15000286073513022,0.07597111508676914,0.08041893116526812,-0.009238379680160287,-0.019584717438896004,0.09591879324511271,-0.0928650892808925,0.042750290991091906,-0.10158516114302533,-0.05577577392964523,-0.03630320666279129,-0.00643688504944317,-0.05591354867564682,-0.002376571808031838,-0.04663342683749952,0.18298947938118656,0.13280909955725004,0.09177598648721501,-0.12019334956805183,0.1183095801993794,-0.1575227164614045,0.014278093237379788,-0.03664282936476428,0.11738650982416506,-0.06822950902807794,0.021250311073004156,-0.0742087497983172,-0.03626715689396332,0.02408630266270499,-0.0003646133367373846,0.007514026439062885,-0.19673776856352196,-0.02108632430908084,0.07897820212102269
Pb,0.05377431835095077,-0.024264132416740695,-0.14178012381698737,0.050871982852437006,0.011082038398104834,0.01252746383005935,-0.05718156079553532,-0.07155400399040159,-0.023402447038023695,-0.10516627827190193,0.004758871031988196,0.012047594454403555,-0.005001163639520468,0.09759578853952484,-0.06293201080375468,-0.09766696855080856,0.034515326360089985,-0.06239285473585225,-0.059826305478028835,-0.04762951352172917,-0.11071795185999753,-0.08570538672308854,-0.10341737200921813,0.08713770706614665,0.06797930515838747,0.052413072244313776,0.12133970700158722,0.11368223717487447,0.18696689735042016,-0.04661589004005154,0.09334085447103455,-0.068444245892365,0.041159906848062706,0.06752352544617597,0.031062681355469447,-0.004755529028973648,-0.006324162558821858,-0.08367851734122898,-0.09642723245634423,-0.0034777462611256535,0.023294972628899017,0.03601056957016132,-0.0407794377396831,0.09302350235211924,-0.009407428677007446,0.11548774194670441,0.10945624308172715,0.1322412711090576,-0.045167807902662074,0.11679841228757083,-0.0822182983646354,-0.0237754093624461,-0.07044937389050365,0.12044055465183126,0.002550269238072831,0.04124852814532524,-0.020496602039671612,-0.022560780815851864,0.032603895438505746,-0.03481885768193246,0.034964355592362245,-0.14882978822125945,0.05656815464219173,-0.008071940745766747
Bi,-0.03403188276555535,-0.003757196589345045,-0.045832506646654204,0.005687382308341389,0.07638551798361612,0.022534256760874796,-0.07225218421191554,-0.0245607770300225,-0.009028486248561401,-0.06576970843121495,0.09908573426698408,-0.008373764111161672,-0.023293850671732716,0.12573698679349019,-0.10516705353084234,-0.08158095779235774,0.005315255542484074,-0.07124633601173505,-0.0633862585406657,-0.04883146945290947,-0.09879095076935915,-0.1249028055866632,-0.15398937635123827,0.0829445986131912,0.15581355296446459,0.032431228605119704,0.0883701152463614,0.10056141118492146,0.15708534949547262,-0.042235064135322735,0.10444239859502759,-0.12380206053046962,0.04250738949035477,-0.0024531493605214586,-0.02595323092740409,-0.014990417395993641,-0.09399715860755271,-0.09777737326298055,-0.06799778198687632,-0.038968705986880514,0.10002535775034818,-0.01794463151563578,0.04621064846472871,0.07657338373975842,0.009501965107902683,0.1750686836401686,0.14016802996738612,0.09972609233231641,-0.0481726794974438,0.05951715625077683,0.007745937507763751,0.0008247550440280635,-0.07532408681150743,0.11387926198676154,0.06478072473664732,-0.06797845411340853,-0.05119083330175576,0.02760181066514148,-0.010231945380349257,-0.02011464389209893,-0.08461693005873838,-0.09332185385753751,0.08671210282191463,-0.010947380230508154
Po,0.0,0.0,0.0,0.0,0.0,0.0,0.0,0.0,0.0,0.0,0.0,0.0,0.0,0.0,0.0,0.0,0.0,0.0,0.0,0.0,0.0,0.0,0.0,0.0,0.0,0.0,0.0,0.0,0.0,0.0,0.0,0.0,0.0,0.0,0.0,0.0,0.0,0.0,0.0,0.0,0.0,0.0,0.0,0.0,0.0,0.0,0.0,0.0,0.0,0.0,0.0,0.0,0.0,0.0,0.0,0.0,0.0,0.0,0.0,0.0,0.0,0.0,0.0,0.0
At,0.0,0.0,0.0,0.0,0.0,0.0,0.0,0.0,0.0,0.0,0.0,0.0,0.0,0.0,0.0,0.0,0.0,0.0,0.0,0.0,0.0,0.0,0.0,0.0,0.0,0.0,0.0,0.0,0.0,0.0,0.0,0.0,0.0,0.0,0.0,0.0,0.0,0.0,0.0,0.0,0.0,0.0,0.0,0.0,0.0,0.0,0.0,0.0,0.0,0.0,0.0,0.0,0.0,0.0,0.0,0.0,0.0,0.0,0.0,0.0,0.0,0.0,0.0,0.0
Rn,0.0,0.0,0.0,0.0,0.0,0.0,0.0,0.0,0.0,0.0,0.0,0.0,0.0,0.0,0.0,0.0,0.0,0.0,0.0,0.0,0.0,0.0,0.0,0.0,0.0,0.0,0.0,0.0,0.0,0.0,0.0,0.0,0.0,0.0,0.0,0.0,0.0,0.0,0.0,0.0,0.0,0.0,0.0,0.0,0.0,0.0,0.0,0.0,0.0,0.0,0.0,0.0,0.0,0.0,0.0,0.0,0.0,0.0,0.0,0.0,0.0,0.0,0.0,0.0
Fr,0.0,0.0,0.0,0.0,0.0,0.0,0.0,0.0,0.0,0.0,0.0,0.0,0.0,0.0,0.0,0.0,0.0,0.0,0.0,0.0,0.0,0.0,0.0,0.0,0.0,0.0,0.0,0.0,0.0,0.0,0.0,0.0,0.0,0.0,0.0,0.0,0.0,0.0,0.0,0.0,0.0,0.0,0.0,0.0,0.0,0.0,0.0,0.0,0.0,0.0,0.0,0.0,0.0,0.0,0.0,0.0,0.0,0.0,0.0,0.0,0.0,0.0,0.0,0.0
Ra,0.0,0.0,0.0,0.0,0.0,0.0,0.0,0.0,0.0,0.0,0.0,0.0,0.0,0.0,0.0,0.0,0.0,0.0,0.0,0.0,0.0,0.0,0.0,0.0,0.0,0.0,0.0,0.0,0.0,0.0,0.0,0.0,0.0,0.0,0.0,0.0,0.0,0.0,0.0,0.0,0.0,0.0,0.0,0.0,0.0,0.0,0.0,0.0,0.0,0.0,0.0,0.0,0.0,0.0,0.0,0.0,0.0,0.0,0.0,0.0,0.0,0.0,0.0,0.0
Ac,0.007269813211218699,0.007882307500375543,-0.08651364562156022,0.004890245648073482,-0.04976774412884986,-0.04022878331590186,-0.1336665966821881,0.013505792650477026,0.016759115590075514,-0.13568950285958187,0.09763930578741797,-0.10358464482409792,0.0018062363633450402,-0.12650048097736166,0.028926244595494404,-0.05157420608870189,-0.11546929990307696,-0.013063868423397969,-0.002688332509273196,-0.13169703129192564,0.10763708771613693,0.06985737686078598,0.09846663250028996,0.005042803116657949,-0.013259072139827638,0.08967395682015201,0.08154226715537949,-0.14078487279916455,0.10121058904702097,-0.006383739402093924,-0.011207015396990863,-0.008276913039068272,-0.0284128139015426,0.005654773343465241,0.026973993928527368,-0.17167691107788446,0.0257451092001499,-0.08118755492366918,0.21114326963589725,0.0031585555092497864,0.0718396111910553,-0.058799757085403775,-0.051533179563938755,-0.030901405753949632,-0.11249813333733512,-0.14000550762587313,0.00526368832635717,-0.1124307785529056,0.14602726607703748,0.12816131016112717,0.03345137536667044,-0.0745144487089682,-0.049611262154301415,0.07225046326563805,0.0005077706638296425,-0.020162885092331866,-0.011034606421284366,-0.06993176440639279,-0.16107168346215014,-0.10087394111527764,0.11677579072647781,-0.01303323566624784,0.11162247893110828,-0.12044356314133517
Th,0.06255986081742727,0.06102280409911461,-0.042712394880365434,0.0004866308458772136,-0.09463213597558794,-0.021283264626405087,0.027762011720713693,-0.025217366242879367,0.015710863873738958,-0.044327041746618834,0.08217247200910996,-0.05168362579282873,-0.03420432797073022,-0.1685485661931563,-0.009087885418149559,-0.07342811671453363,-0.07125847271073352,0.029377221463249985,0.005023958796221806,-0.1174198575588957,0.08590797410792071,0.011111383633093396,0.15655394309110962,-0.005791185486381907,0.013354883819576002,0.12879511174986438,0.04676168668040895,-0.16230369278953985,0.0039326208995995125,0.0482583563740686,0.04346991338013579,0.04989715133671968,-0.05292705382297835,-0.02763633067932834,-0.025546030589921356,-0.12595146320320857,0.08078309607072494,-0.09485012976418997,0.18664957654106673,0.028200247528072278,0.14595163646948534,-0.04400053845787715,-0.13644508685719522,0.10173788053682573,-0.1378132413372374,-0.13151171497280942,0.0310690474952982,-0.12350638793340611,0.1208556938611139,0.03278884355602542,-0.01698039197342349,-0.10197759895988252,-0.015650591448970973,0.03905507837162595,0.02177019292647794,-0.08102250214996443,-0.10985662278430475,0.0002681930063200689,-0.09964682512864993,-0.06557626699964904,0.11022693828733492,0.03482700639897535,0.19290932840034997,-0.09290507312844934
Pa,0.08678089818004801,0.0010934828749544765,-0.0831961340569398,-0.020430206582997573,-0.0996330524409755,-0.04607436506313432,0.027941663037276434,-0.02302205487459593,0.004503018098346051,-0.023638219634978565,0.07127848430797955,-0.06783333456770851,-0.03894573241203014,-0.13959090618048042,0.00271275068381737,-0.04168256184727259,-0.06965578825691446,0.013100037956223429,0.02839514003924869,-0.09998153890478463,0.0695250459687596,0.04629987949761572,0.11047186634416138,-0.03283717562021547,0.007542583715632125,0.11601603068064881,0.028582755459859707,-0.1879466042142144,-0.019734351212261025,0.03338622569822915,0.028563076156096722,0.0481145669831952,-0.05713068726747839,-0.03494407483052393,-0.03311437334075998,-0.12563952447580676,0.0346299015125812,-0.05713515006998575,0.1870166204637247,0.059398924739235616,0.13996827733750689,-0.047832306320526076,-0.11352071452893336,0.09649437482831416,-0.09947523350251218,-0.1299816005002942,0.0007573996178035754,-0.1258587451438022,0.06382713094451181,-0.014411353096624528,-0.02083320444492095,-0.06928122963466421,-0.020100633227741874,0.0492630378143367,0.010508149701013035,-0.05362651279839987,-0.07544627113849078,0.0099236518508732,-0.10271386889649131,-0.058271878129607706,0.10972272239134054,0.05996301823795865,0.09920243044315236,-0.05210772705020505
U,0.08211406603988398,0.04145126159828582,-0.0431328463814317,0.03773644119471897,-0.09312393788086605,-0.04611420467001639,0.006863643581845476,-0.12482759077489287,-0.011325117716007955,0.005791898924273009,-0.008250674396173057,-0.044049501730048936,0.03275175572519944,-0.15898480053985314,0.0072269508116536135,-0.021209052518891068,-0.06791144161068216,0.029315613243943925,-0.028063514405930846,-0.057137992649719256,0.10827177750171632,-0.022098974786424974,0.13933782333315198,-0.056842779251205594,0.05197017558202522,0.1411464740788735,-0.05285346575335141,-0.1365496568101427,-0.036630431635389656,0.024924981860199414,0.04587836779427125,0.02522642038098181,-0.07969595411750771,-0.05577342303771606,0.029365578447059965,-0.07687626641442905,0.06313800021021382,-0.01628491731648202,0.14937414667238508,0.0900557683899553,0.1665878902356085,-0.04669423580527098,-0.1682612405647532,0.0885746523367664,-0.07994722391904836,-0.09702138088581122,0.09527854087354046,-0.06309478404930194,0.08763442213274791,0.010185692091562337,-0.056706459625669496,-0.10626761447560425,-0.05654251404557098,0.11366291839295845,-0.012326991773394223,-0.12478658314588727,-0.13952734244749498,-0.021985663324584646,-0.11928952239583623,-0.10983990968466993,0.13174854354764176,0.05230829931171068,0.1059740416826125,-0.08450331296906838
Np,0.05663847866113692,0.05908769842377907,-0.039900483803098956,0.017598352155218315,-0.10510377680354784,-0.012437314722465799,0.011813981885321437,-0.0016516309815960786,-0.021741917949930797,-0.044338840336804006,0.08829356451951334,-0.09423380124110398,-0.04475472098860688,-0.12071266641827094,0.006153522429166742,-0.04402460242318435,-0.07477779098848389,0.01960558282032301,0.023429795793240366,-0.09947459528100276,0.10007158771998596,0.05109705280726138,0.15227329452000957,-0.03273780827760709,0.019606658999103,0.13372532864514064,0.0032991030112782442,-0.1622489408344448,0.018255592301944318,0.02732139644339669,0.02424675114492541,0.03259268476865519,-0.04336669543431171,-0.03682179358088481,-0.016970359520234585,-0.13031053464569922,0.059231622402162724,-0.10825171627153886,0.1523682927927433,0.0532016114284237,0.16615237154714116,-0.07454232330324635,-0.1125224557474559,0.12250496010992182,-0.14207898302595878,-0.09786874443272088,0.0022975540812252815,-0.1287454070227537,0.12794228906831523,0.013455482980694784,-0.002863755188625866,-0.07133916026204534,-0.026412894034328234,0.014651263891000913,-0.004159243459902993,-0.09269054454047786,-0.08756166488800435,0.011854551295023349,-0.12898508143108037,-0.07612223851808664,0.09727919955119707,0.06948929526922094,0.19306970721476238,-0.0763618743347484
Pu,0.10666378548724799,0.049409745811577165,-0.046474577740376,0.01490678016038665,-0.1243888036694551,-0.021611223640695166,0.0440260101759494,-0.05163194930312576,-0.020146367332168645,-0.02067588415613041,0.06662012334177225,-0.08478056040594224,-0.018070211312053712,-0.15349081398857797,-0.008771979091444681,-0.032162919542707766,-0.09821757985244567,0.02422288320489188,0.01594854168290239,-0.06725301931414754,0.09569947231201603,0.07616126018889088,0.17425840138537915,-0.04885759127224028,0.024675175926102966,0.13287476642865076,-0.026778306455946168,-0.20305649774026419,-0.022704798158535728,0.022845170212124316,0.011366705429910041,0.04698158254383827,-0.031391262257473004,-0.03381214032300582,-0.021742861858883952,-0.08957074852168227,0.07644923295079539,-0.09004956436713861,0.1986443073918021,0.10558590213760932,0.16631103704182157,-0.07322254319099404,-0.1551968109344663,0.11528319155647959,-0.11031389004612951,-0.13287183457022764,-0.019260020366424078,-0.1399924392351659,0.12611907753476542,-0.012547341574358559,-0.008895243485090062,-0.09105098378626374,0.007074746282107738,0.011980471464069076,0.005853739565714189,-0.08700117152790494,-0.07672663654616756,-0.005959838280666042,-0.09221068351968326,-0.08745946134117076,0.11023129851206379,0.07855177296488577,0.1709270254246348,-0.0689042055629996
Am,0.0,0.0,0.0,0.0,0.0,0.0,0.0,0.0,0.0,0.0,0.0,0.0,0.0,0.0,0.0,0.0,0.0,0.0,0.0,0.0,0.0,0.0,0.0,0.0,0.0,0.0,0.0,0.0,0.0,0.0,0.0,0.0,0.0,0.0,0.0,0.0,0.0,0.0,0.0,0.0,0.0,0.0,0.0,0.0,0.0,0.0,0.0,0.0,0.0,0.0,0.0,0.0,0.0,0.0,0.0,0.0,0.0,0.0,0.0,0.0,0.0,0.0,0.0,0.0
Cm,0.0,0.0,0.0,0.0,0.0,0.0,0.0,0.0,0.0,0.0,0.0,0.0,0.0,0.0,0.0,0.0,0.0,0.0,0.0,0.0,0.0,0.0,0.0,0.0,0.0,0.0,0.0,0.0,0.0,0.0,0.0,0.0,0.0,0.0,0.0,0.0,0.0,0.0,0.0,0.0,0.0,0.0,0.0,0.0,0.0,0.0,0.0,0.0,0.0,0.0,0.0,0.0,0.0,0.0,0.0,0.0,0.0,0.0,0.0,0.0,0.0,0.0,0.0,0.0
Bk,0.0,0.0,0.0,0.0,0.0,0.0,0.0,0.0,0.0,0.0,0.0,0.0,0.0,0.0,0.0,0.0,0.0,0.0,0.0,0.0,0.0,0.0,0.0,0.0,0.0,0.0,0.0,0.0,0.0,0.0,0.0,0.0,0.0,0.0,0.0,0.0,0.0,0.0,0.0,0.0,0.0,0.0,0.0,0.0,0.0,0.0,0.0,0.0,0.0,0.0,0.0,0.0,0.0,0.0,0.0,0.0,0.0,0.0,0.0,0.0,0.0,0.0,0.0,0.0
Cf,0.0,0.0,0.0,0.0,0.0,0.0,0.0,0.0,0.0,0.0,0.0,0.0,0.0,0.0,0.0,0.0,0.0,0.0,0.0,0.0,0.0,0.0,0.0,0.0,0.0,0.0,0.0,0.0,0.0,0.0,0.0,0.0,0.0,0.0,0.0,0.0,0.0,0.0,0.0,0.0,0.0,0.0,0.0,0.0,0.0,0.0,0.0,0.0,0.0,0.0,0.0,0.0,0.0,0.0,0.0,0.0,0.0,0.0,0.0,0.0,0.0,0.0,0.0,0.0
Es,0.0,0.0,0.0,0.0,0.0,0.0,0.0,0.0,0.0,0.0,0.0,0.0,0.0,0.0,0.0,0.0,0.0,0.0,0.0,0.0,0.0,0.0,0.0,0.0,0.0,0.0,0.0,0.0,0.0,0.0,0.0,0.0,0.0,0.0,0.0,0.0,0.0,0.0,0.0,0.0,0.0,0.0,0.0,0.0,0.0,0.0,0.0,0.0,0.0,0.0,0.0,0.0,0.0,0.0,0.0,0.0,0.0,0.0,0.0,0.0,0.0,0.0,0.0,0.0
Fm,0.0,0.0,0.0,0.0,0.0,0.0,0.0,0.0,0.0,0.0,0.0,0.0,0.0,0.0,0.0,0.0,0.0,0.0,0.0,0.0,0.0,0.0,0.0,0.0,0.0,0.0,0.0,0.0,0.0,0.0,0.0,0.0,0.0,0.0,0.0,0.0,0.0,0.0,0.0,0.0,0.0,0.0,0.0,0.0,0.0,0.0,0.0,0.0,0.0,0.0,0.0,0.0,0.0,0.0,0.0,0.0,0.0,0.0,0.0,0.0,0.0,0.0,0.0,0.0
Md,0.0,0.0,0.0,0.0,0.0,0.0,0.0,0.0,0.0,0.0,0.0,0.0,0.0,0.0,0.0,0.0,0.0,0.0,0.0,0.0,0.0,0.0,0.0,0.0,0.0,0.0,0.0,0.0,0.0,0.0,0.0,0.0,0.0,0.0,0.0,0.0,0.0,0.0,0.0,0.0,0.0,0.0,0.0,0.0,0.0,0.0,0.0,0.0,0.0,0.0,0.0,0.0,0.0,0.0,0.0,0.0,0.0,0.0,0.0,0.0,0.0,0.0,0.0,0.0
No,0.0,0.0,0.0,0.0,0.0,0.0,0.0,0.0,0.0,0.0,0.0,0.0,0.0,0.0,0.0,0.0,0.0,0.0,0.0,0.0,0.0,0.0,0.0,0.0,0.0,0.0,0.0,0.0,0.0,0.0,0.0,0.0,0.0,0.0,0.0,0.0,0.0,0.0,0.0,0.0,0.0,0.0,0.0,0.0,0.0,0.0,0.0,0.0,0.0,0.0,0.0,0.0,0.0,0.0,0.0,0.0,0.0,0.0,0.0,0.0,0.0,0.0,0.0,0.0
Lr,0.0,0.0,0.0,0.0,0.0,0.0,0.0,0.0,0.0,0.0,0.0,0.0,0.0,0.0,0.0,0.0,0.0,0.0,0.0,0.0,0.0,0.0,0.0,0.0,0.0,0.0,0.0,0.0,0.0,0.0,0.0,0.0,0.0,0.0,0.0,0.0,0.0,0.0,0.0,0.0,0.0,0.0,0.0,0.0,0.0,0.0,0.0,0.0,0.0,0.0,0.0,0.0,0.0,0.0,0.0,0.0,0.0,0.0,0.0,0.0,0.0,0.0,0.0,0.0
