element,0,1,2,3,4,5,6,7,8,9,10,11,12,13,14,15,16,17,18,19,20,21,22,23,24,25,26,27,28,29,30,31,32,33,34,35,36,37,38,39,40,41,42,43,44,45,46,47,48,49,50,51,52,53,54,55,56,57,58,59,60,61,62,63
H,0.02950214599353702,0.1245238097080308,0.18814218720819945,-0.15902178616955212,-0.025812502157021074,-0.04311032769166038,0.05530553807358444,0.21288522215371328,-0.31439858585517727,-0.08708524990644494,-0.20248741630203151,0.014370925270781714,0.1770840687221544,0.18644232397834887,0.26122415265983817,0.008461621242411727,0.13411978868239785,0.0053934375504957515,-0.10702464291132446,0.32173197891680455,-0.020434343813729574,0.31463173393602084,-0.045081665525167625,-0.19514624788134854,-0.21618522155256117,-0.17751706702806508,-0.040314249945140615,-0.08365224313234328,-0.005096408641074299,0.01111576905168568,-0.125711585948666,0.18342235982186378,0.054490372747136945,0.07049233343473388,0.03896157351156299,0.245548374577191,-0.1990643585366711,0.057857694572769,-0.16422147571760637,-0.11047525248528098,-0.14788337696603468,0.09271510533762979,0.27921319075032675,-0.2147843688252124,-0.0040570052540817025,-0.017954181945409656,-0.34164657841367346,-0.04604739489319822,0.001135104848035776,-0.17745501173483164,-0.03028830081195995,0.1662038473939174,0.021735124291852436,-0.24606304496016004,0.06333953554123756,0.27416428738407994,0.11304566665113644,0.04252262515194924,0.25302057006606227,0.27089761592297906,-0.15233748441869163,-0.15064144967110435,-0.2618755210719477,-0.10292751243036678
He,0.0,0.0,0.0,0.0,0.0,0.0,0.0,0.0,0.0,0.0,0.0,0.0,0.0,0.0,0.0,0.0,0.0,0.0,0.0,0.0,0.0,0.0,0.0,0.0,0.0,0.0,0.0,0.0,0.0,0.0,0.0,0.0,0.0,0.0,0.0,0.0,0.0,0.0,0.0,0.0,0.0,0.0,0.0,0.0,0.0,0.0,0.0,0.0,0.0,0.0,0.0,0.0,0.0,0.0,0.0,0.0,0.0,0.0,0.0,0.0,0.0,0.0,0.0,0.0
Li,-0.030139216517528697,0.08693087250436184,0.15675311101711858,-0.05627431458247972,0.05953342411245455,-0.07677700440243955,-0.14269593720667767,0.13108374845164528,-0.17458427782315106,-0.09836374626637909,-0.1900532526491867,-0.03224644159109765,0.15209200994899177,0.0048502367185213995,0.17866393579976075,0.08362271457321913,0.030155547221854283,0.11838993679977394,-0.09412911719265558,0.14539345400675074,0.09696123746463331,0.21492055133729948,-0.06725244726345493,-0.09487012526583602,-0.18047015769258362,-0.09806996065884341,0.027125989634890497,-0.04673393871972417,0.06656974756451382,-0.030523777026336758,-0.047062171278561334,0.14316334261876573,0.09243544698959807,-0.033848449204423856,0.03820829124632863,0.04259612629080909,-0.03396165436252704,0.1538407216915367,0.03054568380837632,-0.07523349140900193,-0.2656322864036277,-0.050912284833155665,0.24238969028118848,-0.25411503499497,-0.025313904710611818,-0.09907398882755111,-0.17505624071124687,-0.009752379040742372,0.1454922114113528,0.10492025128615826,-0.05162841953580319,0.03805233139987745,0.0732668869290311,-0.18426698843577896,0.023506290160374022,0.25985884992714037,0.07002126855871645,-0.013817222148782714,0.05922482296443658,0.16388762588072955,0.04930274177549841,-0.11002307707084792,-0.11763337891835368,-0.08547374992253194
Be,0.08201778074670221,-0.10052287698264026,0.20523360057562448,-0.15980133762376647,0.10947669676871588,0.02619410650299341,-0.05131168896004083,-0.025468353887008167,-0.09771194017643073,-0.014483330409199295,-0.04141982536106959,0.007614183423345272,0.11079013642270273,-0.20950869551089105,0.0866042837736222,0.18665135837830052,0.0324309030680023,0.1492641168493409,0.0896737435336608,0.0037879500677411356,-0.033839398304552445,0.0933986909745924,0.06906204265317333,-0.20381559913658742,-0.10813782931276669,-0.03699004160984823,7.077002808634704e-05,-0.008627531185233694,-0.12522931764774797,0.057865881911136355,0.033159407357265684,0.13999532331538864,0.004805969705301682,0.03404100145240788,0.04193922055671777,0.06978735018560407,-0.04303826857390368,0.21737264936683437,-0.027716760180473567,0.07648837493913514,-0.16250354111889753,0.1272022190907924,0.17968723164495526,-0.17701609412187944,0.10072623682719095,-0.14664132354482087,-0.03236799536530979,-0.02039433900511366,-0.008062507075085032,-0.005880064715248193,-0.13177011054092166,-0.045874892406672946,0.0215576211802567,-0.024513110209657258,0.04221996745839732,0.1074063821089874,-0.03918482577270414,-4.000920101495403e-05,0.001531252874827251,0.09287418524180785,0.05330428935107098,0.018685087648756864,-0.2069527725301107,-0.11205190315761197
B,0.010837364497637548,-0.1130475505890972,0.14156137635112298,-0.0973996862903081,0.1224369277562635,0.14122769165578078,0.12194672257256284,-0.08949799004452334,-0.23783666521466867,0.04952212294006529,-0.06236266225740256,0.02564967007743561,0.06558460064211202,-0.18766782835112947,0.14615029111331704,0.08715740485986569,0.1672579784700014,0.10442292930513271,-0.011300560492383541,0.12008708678816926,-0.20842446476313034,-0.013375772918049152,0.1312939710342273,-0.05634165558210716,0.006761272385107135,-0.07595491921071058,-0.048022586301118865,0.17593903766091445,-0.2243471466624841,0.011297807462056476,0.0097095873922417,0.12413211402720531,-0.08677009665186595,0.05334951255393388,-0.05125412105015914,0.11909422183593812,-0.116574290708626,0.23662141767452508,-0.1549305885085775,-0.048491934018976744,-0.08050040044369189,0.11169745090961773,0.0203637659793786,-0.012691723514383024,0.07575435716098523,-0.05214321560953449,-0.09792133256523883,-0.03678287080888879,-0.22903813616588725,-0.12636420635360993,-0.12327853759011344,0.060243046639726745,0.07480338654231007,0.011416163719055331,0.05178463557769132,0.0870807078062204,-0.12510182189741084,0.06154417621863717,0.26942181664456627,0.011764533162025036,-0.08767770303986328,-0.02561217757680538,-0.19327385127411817,0.009051442791053672
C,0.1287067969290252,-0.19553755732131275,0.005949166678428325,-0.1750150875536737,0.06970562461077424,0.12228957600130866,0.030221997976398164,-0.03620041213830942,-0.15908115881253446,0.06309121191131506,0.12321872797621561,-0.05514064657199604,0.054397873061192537,-0.09678630113548417,0.023152359457015045,0.11945968779323683,0.3208611828864811,0.02137749727824263,-0.00620870342061962,0.16220888836969022,-0.15493632686511938,-0.029504625974879364,0.09101002260092321,-0.1123988890791173,0.086314282868599,-0.04021980834005182,-0.0473823290385559,0.1970247965360067,-0.13592149020244307,0.0719692462103719,-0.03856842651217421,0.08567669658092228,-0.012032901260603059,0.079135221859299,-0.014084027821892203,0.08670142961956413,-0.09622071707006438,0.19101406519780686,-0.20208307436208242,0.020128928617656857,-0.0017865423785752693,0.022711745577707356,0.11884735142603436,0.06563741133825927,0.1694244893864347,-0.10502379237692971,-0.15655987768909266,0.024614493221316865,-0.2641177366569016,-0.16611856458901222,-0.17117942998200547,0.021689140016502944,-0.09973695509576004,-0.05903612631906625,0.12174657682564895,-0.0370437534786235,-0.026218871126437015,0.16097307187127055,0.22187046276849998,0.10029200052011966,-0.09869861790219696,-0.0738891708925422,-0.13439137880616536,0.07939994080349104
N,0.07879667791752291,-0.07134255941644067,0.08104525601637019,-0.13549015348078905,0.10952702119361424,0.09078086080873399,0.0547410742315603,0.117334399136697,-0.22712743749814437,0.044337713306326236,0.16976961559934714,-0.009345200668420085,-0.07248905299175938,0.06553986030817929,0.0030343173340715065,0.1111466008223249,0.2885276939199096,-0.11009938614044415,0.07444342311766898,0.1068173784511213,-0.26588532608631577,0.010145494897872032,-0.09938118594364315,-0.08864938266579128,0.1012007039513101,-0.029280707132667137,-0.12070901833035158,0.13078962892676946,-0.15609490313379726,-0.030235841048574144,-0.1876690135543383,0.027282270928076734,-0.04144730420965242,-0.036644029347517405,-0.01045056767315473,0.10762875185883668,-0.32489714281455145,-0.018778019981275575,-0.20104074997140473,-0.027016283274309248,-0.059564357240775564,0.0023736585281832374,0.19396213138168397,0.12006186037979565,0.12073572252932331,-0.04144690535980441,-0.1922541064169776,0.061503220439647115,-0.30445320731664116,-0.2596772159272054,-0.13948611960072294,-0.03850557983881691,-0.03997901485940145,-0.18871724416900457,0.13302406763431052,0.0470231273094216,0.09609805866031539,0.12783021548586868,0.2671684756641671,0.027000725623785825,-0.06249512753821024,0.05952421354787555,-0.29376348727682156,0.04492789068349004
O,0.07534023766325615,-0.022966278131438,0.2062923390578355,0.01087046593057627,-0.06675913927607961,-0.0032394401220006267,0.08455288100701025,0.14402666286467816,-0.2396891576556257,0.03548030705587192,0.14498038657813547,-0.14400592235963897,0.0026870120255379163,0.1944428297128296,0.1398131575969248,0.06819503172372632,0.36206530707384543,-0.07031196072770722,-0.09014413642012248,0.22072476205494324,-0.14743899932335022,0.2288300463697003,-0.013978877774286712,-0.13882600784139526,-0.010233062119162504,-0.10534866083892794,-0.19592475772749146,-0.025852089301525657,-0.19138251932012876,0.06431375421837376,-0.18614237341171302,-0.04755487658412291,0.12006963588974141,-0.01489558349595279,-0.08839861132479995,0.06813039649623125,-0.3667708689622568,-0.0809158948859087,-0.21744012373813076,-0.0874982754188907,0.017780622708242922,-0.0725549640211491,0.25692586883689006,0.08795793233360943,0.1271998682360429,0.07502534232282788,-0.27323595334364015,-0.007742953217736499,-0.28121535020635435,-0.3381923851668974,-0.05093042452706809,0.06773968718424059,0.011440649324842875,-0.13155857158515954,-0.001920944229659937,0.1107694718199346,0.12777290953295833,0.26862111722177023,0.2707199095639768,0.24012835487381703,-0.2012783041761055,-0.0710652321903101,-0.2121921853931698,0.01876981171926172
F,-0.10421249215605868,-0.09395901111348172,0.19500549204194484,-0.017522246700732932,0.05604069251535926,-0.03969806561642541,-0.007487398400268504,0.29848272225346356,-0.20311677624419391,-0.020344910299480393,-0.005575125328016127,-0.08148902136633451,0.049302581558335654,0.19858081728722166,0.0711152824971002,-0.03579020017759532,0.40988517266800584,-0.10191415699194868,-0.05325653635648379,0.30345657348190314,-0.2297178957058732,0.24848165650373846,-0.08480971581431396,-0.07845806069427988,-0.08684584778350908,-0.12568132387471226,-0.07579619343321761,-0.029534131879883983,-0.10364274112683901,-0.061600804241199826,-0.2244864005557741,0.05097632298647891,0.050417321981922565,0.08010218306655252,0.002359629471124728,0.11971491976038087,-0.35749809253822873,0.012221985262504611,-0.09092583736037035,-0.15551188792977685,0.08951710172019314,-0.1356699522682496,0.29251835754292044,0.14881049491492052,0.11824620632025466,0.19878793398140185,-0.30580639861438563,-0.08440275189512621,-0.1703781679798559,-0.22735828405176,-0.026941447346876073,0.02831432898450899,-0.026454421054569945,-0.2910564084714322,-0.06420640015184265,0.20015996997171107,0.19356153923726827,0.22169787568476731,0.13598507936453216,0.28292267113791364,-0.24389005779048928,-0.21019043753657632,-0.1283448721193141,0.08585837839472253
Ne,0.0,0.0,0.0,0.0,0.0,0.0,0.0,0.0,0.0,0.0,0.0,0.0,0.0,0.0,0.0,0.0,0.0,0.0,0.0,0.0,0.0,0.0,0.0,0.0,0.0,0.0,0.0,0.0,0.0,0.0,0.0,0.0,0.0,0.0,0.0,0.0,0.0,0.0,0.0,0.0,0.0,0.0,0.0,0.0,0.0,0.0,0.0,0.0,0.0,0.0,0.0,0.0,0.0,0.0,0.0,0.0,0.0,0.0,0.0,0.0,0.0,0.0,0.0,0.0
Na,-0.044288906112279765,0.14806307035553276,0.1018896709039398,-0.010700915759556569,0.07907735654814146,-0.10402503532800496,-0.138651258633937,0.21345471734223953,-0.12471797145824624,-0.15181384971460124,-0.07945858826864684,-0.033774145741895155,0.08471937907183671,0.029548945617239197,0.14665752598098092,-0.0027422292884337987,-0.026948958995860937,0.08221173781209011,-0.08497018116102051,0.05451998959963441,0.02723068451114463,0.21254493507043648,-0.06433369621700741,0.0074753263711431,-0.13937246125787162,-0.08365744260372612,0.03930002187509188,-0.10051546874140459,0.18419136759790344,-0.07517814036527046,0.00944034400092841,0.11028640806514096,0.08250929982625327,0.03570040217253758,0.01996623673068902,-0.010365449738282078,-0.0025423465077918346,0.051558419817357655,0.02404892466877524,-0.11492034855520647,-0.25326365495354103,-0.07356912980922627,0.3036123550353692,-0.1755525872795747,-0.10867350744065338,0.0038298307226974707,-0.15086119037502957,-0.0039414769340371395,0.2090614862261985,0.1939429196856561,-0.022178722003629286,0.08987044452147709,0.0585313324006214,-0.17398915689877303,0.003596737440522625,0.2992484575059839,0.03423462617861374,-0.010426396296410866,-2.3111366983259963e-05,0.10489186458528262,0.04816463683503448,-0.20897363944368294,0.004841486162348472,-0.13958550452457316
Mg,0.1456645530617896,0.13030262747122762,0.03776555117262678,-0.042596410069804753,-0.022873069116762342,-0.12007220301886368,0.05901485082483303,0.022778427687185552,-0.06495491856254683,-0.0711534199211089,-0.07440297567343195,-0.04016269555028862,0.06740031529059352,-0.10335023833812722,0.00030371327896114704,-0.045151171948338,-0.060775534690186844,0.13163300820588283,-0.11922586352488175,0.018629544332577408,-0.012628040865947196,0.15022264033673047,-0.03399454790956825,-0.1296293043252241,0.012467226518564816,0.030952200611570446,-0.001083869462871457,-0.13599943062498862,0.021800875686843853,-0.04776283812285611,0.07544956588320555,0.22359186413504561,-0.052567965645948074,0.10095290262416863,-0.0993157070206642,-0.022314321259502695,-0.04218258879595708,0.020304179628713816,0.08101846226874937,-0.03940018612102638,-0.16264345165721664,0.05000649377497366,0.18984206519279254,-0.03815287916278861,-0.0033479562580956165,-0.1224188150474136,-0.05321141336118209,0.012354191249479677,0.11739897526209542,0.09282184560184865,-0.06890234226438167,0.1392221018376996,0.016945937386533383,-0.10602321440247202,-0.0658545709149466,0.23443509066570398,-0.08562919113794766,0.03145756406772433,-0.0538565253067629,0.17928861628794152,0.014619432492021864,-0.030487529519401407,0.05290977316821074,-0.08714525395230505
Al,-6.630737612392686e-05,0.032633372134789694,0.08786010196952661,-0.021920531181367022,0.11141910958923183,-0.10644131342504122,0.05925058689895668,0.04555777465551823,-0.011812385888403136,0.035719181504333244,-0.10850654486003303,0.09861506398399988,0.055720553971460286,-0.11544313460410675,0.10332334080589681,0.010648500846780021,0.05645302526780535,0.0701845574898165,-0.08579021720000986,0.08096597871243111,0.0030449755687155487,-0.08223597357709769,-0.008062021979595244,-0.1548889212295236,0.016694127898372237,0.011693677205494668,0.05301478065410276,0.07541032098863526,-0.05389470894326449,-0.054091953195256615,0.13376684401046735,0.13335608569206575,0.010024384453502296,0.005499052912381842,0.08903187271312367,0.07175016175735925,-0.06919255460636463,0.18361787814473268,-0.09112497240001977,-0.06596952439214156,-0.06930427707024231,-0.025039580315778357,-0.07448367114226072,-0.05021934507921185,0.052017073138807345,-0.00150360660084431,0.11850259284455437,0.02327557817999955,-0.04475061842620543,0.005466865649743501,-0.1688481676710382,0.0628111885800884,0.03135636542112068,-0.05190810505197583,0.019929745495381103,0.06915871063670528,-0.12913989131115342,-0.06384044968565455,-0.00020583787547585804,-0.02137642542384922,0.015994667800336638,-0.07938303988531156,-0.13314794897439208,0.043079670242048354
Si,0.11408582950139316,-0.0678652137600952,-0.06468499328799167,-0.04660106459602001,0.06289284296770688,-0.04586090467545348,0.0723962515319066,-0.10366755019229891,0.028489272147385336,-0.0341335994134228,-0.03756168530072088,0.07357797281612741,0.04386501524212944,-0.025394163411666868,0.03675430958673516,0.021205902070815345,0.1871088840293252,-0.004053058786602377,-0.060206021714142036,0.13932840407360106,-0.12975296755982824,-0.04724327120834509,0.007325988118806109,-0.144213393739192,0.1248819543924153,0.01583489566446914,-0.0014011659124323057,0.16429432177103612,0.011184708049540476,-0.08648077966396484,0.12922772706022892,0.017604567874669054,-0.13675202396628428,0.0045043522878399226,-0.03762817002351473,0.055055343689429444,-0.04942748602552255,0.2044721985418035,-0.035814790511851914,-0.04871440150770055,0.006902027315460893,0.04093338030878873,0.03194742686841034,0.05617382549075214,0.13818855140373976,-0.0721446493434201,0.08993161525508415,0.10123477206006813,-0.009821979949448103,-0.10173697660456493,-0.14094053347222937,0.0395594025962279,-0.06984884966736193,0.000497654194992207,0.026454261226970335,0.008122414782629577,-0.08306711878571142,0.04582943376557471,0.06861484925857232,0.05268036742462656,-0.01432499700121936,-0.1192538081174213,-0.12272895938332117,-0.002893494486362639
P,-0.031486358205147426,-0.10082559126569722,0.07266308222155145,-0.07776396354596764,0.04034931590466434,-0.006034640360553528,0.06820832274970652,-0.031324768494208594,-0.13468134350859673,-0.008001547424305491,0.1419820001289482,0.03516853995693117,-0.08371214930753122,0.16549955705036853,0.03790025696735965,0.05995185780135224,0.2029041207909595,0.0469579784273845,0.0187679283928725,0.17229939663546437,-0.17348946795463477,-0.021822430377932744,-0.15321231054118323,-0.07078197988272598,0.16719117782720652,-0.03435542818773076,0.028210554717956592,0.15720295169100357,-0.021018531895067704,-0.04778504376635724,0.1043779345792959,-0.09459839296812421,-0.08791412016518221,0.013548373715661144,-0.03153798393387009,-0.00877277455978774,-0.1859591942849087,-0.008558079875258313,-0.037558152837425425,-0.20256549914216038,0.04238665400948789,0.013173320938284567,0.11968562748700964,0.05463167383185356,0.14123818529720014,0.07345615829303351,0.03543991045063016,-0.042452304667984275,-0.0790605360823238,-0.18193811500446272,-0.15197993224365997,0.06182085362527038,-0.11140217302230829,-0.04461818354506163,0.08436494707130184,-0.0707940157012149,-0.02239894296442326,0.015370129526757339,0.20517981610350902,0.04373527788012323,-0.12156262828278089,-0.09116092303827181,-0.16610033709611052,0.10605358016837749
S,-0.013578137293839174,-0.12853586108897472,0.13392090874603693,0.07128092781177481,0.08114788064199957,-0.03964004639330946,0.024602655589884052,0.17431415652524088,-0.1330572805134411,0.003757249376779054,0.13313889446649288,0.021046759907013973,-0.1369633603940149,0.20932001073156645,-0.03524933527220379,0.021612595157466115,0.2838441239544244,-0.08095749245797314,0.0014173674013158806,0.14632235894435622,-0.21570750790426624,0.048287978128735795,-0.20168715944703797,-0.07489114572655743,0.010772152601471947,-0.021063419971257758,-0.006990968831591638,0.13809116687433318,-0.1419899207006422,0.07736198720049998,0.008317493917830173,-0.21238397819117927,0.04403051578798042,-0.07316321011227102,0.03502035969958057,0.018398794445023747,-0.24555880306032835,0.02955179072524458,-0.10897290781752907,-0.19214083349230474,0.10361220921641875,0.05092663564262945,0.22086273408392096,0.022339246883382933,0.019474978486354957,0.11335199476597271,-0.17764755946858923,-0.0880176338152763,-0.0803799826106857,-0.2275489306735287,-0.15169700168629763,0.12484123572808481,-0.15119868324380786,-0.22250779792658196,-0.05364674594777492,0.004380711598391697,0.13995452475589035,0.16617852690150223,0.17702908649329696,0.13199596924336002,-0.1935377785092878,-0.22999843991799182,-0.18503138400303706,0.11900617468431852
Cl,-0.11159831597273834,-0.005835251455639152,0.22088376771820695,0.04860077697564459,0.0026907939255760107,-0.05657866626597114,-0.05815107701341158,0.3609243613295766,-0.1602044525268398,-0.0939421803213086,0.15102235547319282,-0.08363228339817087,-0.10823998126266589,0.17892031385004575,0.09125984070139379,-0.14151412262211618,0.361069671532211,-0.10378815985517777,0.012671537826129417,0.1783043854650052,-0.17851716989509483,0.18822558963627292,-0.18089950126643645,-0.03919352610325691,-0.1068843165419581,-0.10390827535648173,-0.01788573664018487,0.105068941890439,0.039265747657241855,-0.08095570683935364,-0.12485410798418552,-0.1647863021410589,0.04401911521663888,-0.053581013177549375,0.16209198902282662,0.07636758750896497,-0.2908238205427235,-0.1099666232715069,-0.06791570554667888,-0.10195000218956014,-0.0001590281887500479,-0.176832969047403,0.33207068186616906,0.06610417765484358,0.035338835354950277,0.1858581500377549,-0.2516828511541736,0.004405067847018137,0.05333495523824229,-0.11316325229919302,-0.08993520697116049,0.09574701936381394,-0.1108769684758924,-0.32140881914825303,-0.07075929022448801,0.20484516892795024,0.26580822804522786,0.15121116512295263,0.11624295555184956,0.17985001278186424,-0.11899897267871293,-0.23371370900078148,-0.10090467210434101,-0.003464035102637064
Ar,0.0,0.0,0.0,0.0,0.0,0.0,0.0,0.0,0.0,0.0,0.0,0.0,0.0,0.0,0.0,0.0,0.0,0.0,0.0,0.0,0.0,0.0,0.0,0.0,0.0,0.0,0.0,0.0,0.0,0.0,0.0,0.0,0.0,0.0,0.0,0.0,0.0,0.0,0.0,0.0,0.0,0.0,0.0,0.0,0.0,0.0,0.0,0.0,0.0,0.0,0.0,0.0,0.0,0.0,0.0,0.0,0.0,0.0,0.0,0.0,0.0,0.0,0.0,0.0
K,-0.05960898157329141,0.08448059586476837,0.15027347730117452,-0.01255525300776989,0.08652106311016276,-0.08433107040889708,-0.2570367192690646,0.34921407974837143,-0.13554107344070293,-0.15090937917487154,-0.049437506372751745,-0.04762068157588125,0.06928320041143143,0.08978184347209564,0.1371369338532934,0.0024975183275481676,-0.03936274033552654,0.016427930110328184,0.006881919943276195,0.08195095646727438,0.11231035494057352,0.23747147140533847,-0.06840136387564627,0.03281872378005783,-0.1792807437201863,-0.15209270337680209,0.07026922250397073,-0.008451288714296446,0.14433559366686366,-0.09184669117816227,-0.056485398933641504,0.04254165972406452,0.13727065533390329,-0.05444569003008722,0.014107309264538277,0.006153001781791082,-0.09456776420175676,-0.09082557632512095,0.10002167392890579,0.021638240389261754,-0.26770640466766116,-0.09490979481348084,0.3081516568722668,-0.20214184361511803,-0.1482673445662674,0.02988190278716872,-0.22616377103813187,0.053062268000876815,0.19739979997733606,0.21139920538583312,-0.06981858092857139,0.09338463261196978,0.07064748552768986,-0.21025354170947355,-0.02834401085348576,0.2606149160451146,0.12304764453209056,-0.054487558339418804,0.013767873373412683,0.17724842830674034,-0.033455642181267044,-0.2027543820691499,0.060380941683409864,-0.08806933859353194
Ca,0.06393445809327213,0.14336973447468668,0.03765038443114048,-0.0820080025680685,0.04921319011549224,-0.09989291002026202,-0.09790920297271803,0.08427688595749762,-0.009131859681876285,-0.11302695354741739,-0.01907974398656242,0.024985756682562494,0.05221812741671449,-0.1864444424135571,0.07886827533281247,0.028337962742989067,-0.1701387062183213,0.06824530197881905,0.04395270781668253,0.04027610000172308,0.07775993720540085,0.13381870740131613,0.07016255020236416,-0.07210635467271208,-0.13549194422434463,0.024419537660828265,0.05515178805212113,-0.12916889897698974,0.051444087940697956,0.030338873613874683,-0.05161592774524024,0.12208907848005293,0.01143576248203012,-0.04358697525328469,0.06679639135112822,-0.061582776397684724,0.09689715408935698,-0.007904181444116764,0.10511439480166697,-0.018011023698378533,-0.15847922499078987,-0.1226047552118132,0.10500311907319133,-0.115446907189415,-0.13551904969920767,-0.0843023048554076,-0.0072665493338159625,-0.014542010906584208,0.19663541211406646,0.1876150513828105,-0.07116273612408945,-0.000886535533363909,0.06711934758494434,-0.005507954227282284,-0.06888354493523208,0.10882788992887898,0.03899969220135729,-0.0015309375869497438,-0.12002299819914705,0.09540137500087277,0.041641369918042695,-0.06471385470789774,0.11380227430729933,-0.15547995623915625
Sc,0.0748447224414753,0.04073748834713447,-0.046325284272824584,-0.04774789656937225,-0.108155356856258,-0.08060662752014833,0.21019711425349186,-0.1102929827843971,0.06807829490481906,0.07929948598776483,-0.03823906348316661,0.028207961361876845,0.025756428175056627,-0.11191427226315522,0.022456020567506497,-0.07742247685983188,-0.10996445026385751,0.04676669531565262,-0.03845862146425805,0.01944342443784556,-0.03604702544870037,0.016775155389935965,0.11373723106616529,-0.02437455758530507,0.007882160558073729,0.11233290529834795,-0.03870317357840629,-0.2286508226191567,-0.03533358949408397,-0.02868575492343869,0.03038490385415179,0.25056748638345927,-0.05604475272963415,0.016666209558511322,-0.08482313023127092,-0.014047748603129965,0.1070390749795922,0.036344773265167406,0.053790045534609095,0.04751989534499565,0.08224019903694516,0.016094581461209578,-0.13054729786481245,0.0688813418797369,-0.12515678230930102,-0.03146995454939252,-0.026598007514064548,-0.04690249952812596,-0.10980123081175414,-0.015766780048552687,-0.039514784491123806,0.05106998875834136,0.07396675068721054,0.030291182032845414,-0.03153148322309489,0.06819442596911274,-0.1469637874676642,0.06926012557092295,-0.04767589649271966,0.030468980072056534,-0.0010097918296661467,0.07951918144500801,0.12171220444724713,-0.06627945827344864
Ti,0.08343596443855289,-0.13120185964378167,-0.11727818605318006,0.020015019866010796,-0.08102209119848872,0.030448312732816753,0.22654292105594986,-0.2196442132229352,0.03978919189287979,0.14894527526479473,-0.05043069099416843,0.035683432520061155,0.04899305582732714,-0.07793226237062452,-0.015973384110570157,-0.03654962062826856,0.07518443352898907,0.05991185214572262,0.006908161333873978,0.04027984255353935,-0.044431881636177055,-0.02530043427215197,0.07290094125360097,-0.09867315947983621,0.017130803113471635,0.11721813446819361,-0.06430121204139075,-0.14021019841290835,-0.0793751437932424,-0.01271114058668623,0.008337600269098296,0.14486061128518643,-0.1708641146619936,0.06430524893205468,-0.09462523332609685,0.029278247460098175,0.04372481883452466,0.08567631841781027,0.016259420182579823,0.07155790844379463,0.11714126364796201,-0.012696548891592203,-0.10867441902667256,0.021921540785565127,0.023666368806676948,-0.12387330475972051,0.03126114950441087,-0.03683902174131551,-0.06257785610326842,-0.17090115068354647,0.06861625092454095,0.022629767735153686,0.07282756098676671,0.0015573712524780282,0.01668287638371515,-0.061431392342170765,-0.08462205983194439,0.06492309742486689,-0.030748488781553104,-0.03242774295570928,-0.022029392221621168,0.16277528067108352,0.07517599435168329,-0.013011888948747205
V,-0.025436276709929727,-0.11950429857571465,-0.005757021469254358,0.010135526937154724,0.00030036462073158447,-0.0030350115358269243,0.0998142741032,-0.18167034140356553,0.016966647056449687,0.10683935688673579,-0.07085895044655711,0.10747082165009672,0.1209604293943106,0.05358505632096913,-0.0008846191535152453,0.022162324362726887,0.038493077250859736,0.018122466534864906,-0.022591190749330102,0.030326653814378334,0.05324584571630234,-0.05611790173627142,-0.005612266596914129,-0.10992911026863568,0.08779674858367677,0.07354841681739946,-0.056923117822098614,-0.02568738263146007,-0.07427165769029231,-0.003909671444317375,0.031123055955816405,0.023337803000783676,-0.08303791096021249,0.06757470594021382,0.03341735274954553,-0.04115704825974823,0.0631828436038889,0.08094336665662458,-0.00031464527656789896,0.08197607062118772,0.06531190304132369,0.08188054289290114,-0.12976438423461836,-0.04102711235086186,0.1101965444685482,-0.0784135467660347,0.12566938061031518,0.03216568134331312,-0.08301902470352991,-0.1384332019463207,0.1536599182175529,-0.04167075443024345,0.04131768895270547,-0.001148364214818837,0.055095690308690756,-0.11728295243685495,0.013682058617611431,-0.019563290139508763,0.030261617977153755,-0.1597619214527392,-0.045006676494632115,0.2251261193609485,-0.062429550403110386,0.0556270862884526
Cr,-0.036206490915844526,-0.030391794165007247,0.09053508768234896,-0.010094050356133689,-0.040450997103063956,0.005826590758730395,0.13439428494238542,-0.18875615414339958,0.044420485195171604,0.16628275153291458,-0.06296697019807132,0.14922298778307272,0.20492697830643286,0.047462270864775925,-0.04019848021897226,0.052167862710482175,0.040957893572139664,0.004845608673393418,-0.07372079632188762,0.07304301328664259,0.05034652254023072,-0.008348872476401965,0.03181010940612111,-0.09930821981323797,0.06146564001591991,-0.004920226737141079,-0.08621305418594319,-0.01655518153446589,-0.11086599612222535,-0.022366702812844107,0.016812471610416407,0.06262848487228763,-0.04812236808137315,0.06280292235086238,-0.007494518446021422,0.02766788377843609,0.022710983827802077,0.05431250201171232,-0.05728946533741442,0.17267394239307693,0.1087848698206105,0.11330172582472445,-0.14835871773621304,-0.05569669859043372,0.06293597887049288,-0.09836441736218177,0.0891426649076493,-0.013914318386990553,-0.12380049575878455,-0.08213369417198764,0.12975991362706715,-0.05283629911831736,0.027917520668177813,0.024982688831930007,0.03137187076409516,-0.04831600554839419,0.02916686193161035,0.023697250035769238,-0.006105055458348964,-0.13756068221165435,-0.08116969036110858,0.2455244593246945,-0.005170024001026991,-0.0861233135467788
Mn,-0.0516158319425813,-0.024249079507981237,0.14603901473538305,0.02282188156884131,-0.079344692828334,0.09669488697121277,0.11469501748288045,-0.18651780985100375,0.08258910958783766,0.10658466745781676,-0.08297452640608896,0.13933961134696193,0.22316898825055317,-0.017150310691862437,-0.018350722171065856,0.07619537732366109,0.014032478216251164,0.0042903448800925515,-0.0015043545007283573,0.021325273186277863,0.06261172784087353,-0.05440060415165516,0.04855967251635085,-0.029002547872462092,0.07012563436565189,-0.010173248974371902,-0.1267000011595949,0.0038520692150682944,-0.13942579862720544,-0.039974123043250785,-0.03358099790243913,0.10043484545565257,-0.09948186655806944,0.07089224323194536,0.018365526583304582,0.024795412038832027,0.01337355819348145,0.09287742834239217,-0.06451144887132061,0.17780307722339084,0.09764072074230074,0.03335692278767001,-0.11794570054477453,-0.05699904071248531,0.1363155020732954,-0.055901310423160905,0.01704881999847768,0.06136357544880459,-0.12151042409460143,-0.12944947070672702,0.13986201950713203,-0.09116405310021548,-0.0011852508493486362,-0.07321671143291565,0.027516284118662478,-0.07960252559053227,0.0901674223204399,-0.0181956461968151,0.014372479904879458,-0.06695920776489057,-0.11549869247865964,0.2877150787900404,-0.07967038546380702,-0.08260809573135522
Fe,-0.06237751796241947,-0.1015653827349436,0.10658270352080454,-0.018482908643750587,0.0043021638694787385,0.10406082081158856,0.0641448802385039,-0.21515447096389717,0.11469854213544288,0.12841585263185026,-0.07327106589450215,0.07759875092185357,0.1481027521552599,-0.02732290207260404,0.008901721415252068,0.047670396998904574,0.02000776096376715,0.06280313313217835,-0.04755579454960803,-0.005095559086111082,0.009824178619995615,-0.09707468994392869,0.07698269123728659,0.006135659454626591,-0.007255933465983338,-0.0018743505111094851,-0.1187615512406031,0.06773348491435166,-0.1169457733961417,-0.022712910707413436,-0.008077230018903668,0.03083932965379006,-0.07575370696702349,0.0104404165019864,0.020773324342248385,0.058961127504603285,0.10305200288549526,0.039681150866333406,-0.059244571948168206,0.18722426172152903,0.045927945445172084,0.1246059257586327,-0.054122050984476026,-0.07715915442360498,0.11941666647378917,-0.0953761571113627,0.05224750676321584,0.031617842160808825,-0.07212105513158175,-0.08035800413331207,0.12460838973511502,-0.07329020811460897,0.09967179067469693,-0.0743828933976713,-0.03571807409870362,-0.09582519362428132,0.09139047887155857,0.053279355859755385,0.03535828273799064,-0.046498183612535465,-0.10304942001746657,0.30061602659638087,-0.10263168511251052,-0.028146899536869503
Co,-0.09835874145599326,-0.07829864231412353,0.18179547781879696,0.014355808444815196,0.005708827442623967,0.06193281627593842,0.08775432823579737,-0.14484467995420694,0.05710736467879175,0.1907337436758463,-0.05133113791019244,0.14470541284496974,0.18272892033748922,0.08129669013004275,-0.014297118174258945,0.03917743655177881,0.020316902753186827,0.0001702605339978419,0.017801995677358157,0.008882973499529797,0.09189239538663409,-0.09955630523963219,0.0846460585675857,0.03228280466359613,0.053206960651516616,-0.12210479169588187,-0.17466492417553656,0.02070903972184454,-0.048897871599650325,0.011875855516889793,0.050875243944857595,0.02131595065557528,-0.03720688059922487,0.06411297172679412,0.028325196946074053,0.12602955728466325,0.06859258330698076,0.031002239109567953,-0.061946716835515024,0.15921391036163773,-0.004261671841289207,0.09255622259518816,-0.06962411389231095,-0.1362776904437096,0.10421973694127994,-0.08861752904486318,-0.009579583128461572,0.06724778992891607,-0.07750128712066832,-0.06564392927566563,0.10893638200757193,-0.12899168605798386,-0.014566535638503,-0.0427950055370913,0.0297574975021881,-0.049803063076032175,0.033942215406871014,0.007369478159913851,0.05190771813391152,-0.1134986539027514,-0.1263706304144301,0.3051598152828982,-0.046750996604446114,-0.01561801752721662
Ni,-0.06554294143277185,-0.11929637997772963,0.15442368735451711,-0.022593344416331373,-0.1441776169605624,0.14565534073652983,0.0042443749534520694,-0.14834620980250218,0.09292069893952698,0.2071245169483251,-0.007454341465904085,0.10565702544726134,0.13520647594770674,0.1343209850280077,-0.020142245047254575,0.13096819790540593,-0.02651414365982394,-0.016281448550588804,0.00665145791449451,-0.07452083762498522,0.03117973640762591,-0.10800558463606154,0.08899356846298297,0.05002226693286302,-0.0031496117821768533,-0.21126621521719358,-0.19615693612641974,0.1485611952375415,-0.02655545768504416,-0.04906534509452501,-0.09945846143321806,-0.032524049784968895,-0.035067374038277775,0.09512113614373044,-0.012735236274166345,0.08855444623542051,0.026805503203209603,-0.03960644373036527,-0.08964707636385962,0.14459878770297033,-0.006082622213895495,0.1046522323798009,0.05162355735280882,-0.10143424452200622,0.10461248959426667,-0.0018651820258558153,-0.01776079516600903,0.04586688473735807,-0.019563144641285415,-0.016483055097588843,0.09098172920938259,-0.16076585523979786,0.025491174922262955,-0.07697044776230025,0.06596330028220514,0.0007570589477989256,0.12691770321727572,-0.019918611646860672,0.0904411660631016,-0.10629844860901344,-0.13820579620041934,0.28780220015292685,-0.02659315517081888,0.0002831439163620086
Cu,-0.07496108506012991,-0.006091950467313324,0.21553423061191673,0.08387084235822563,-0.07456048574798593,0.1588160234380771,-0.0690267774438688,-0.11779963825859653,0.09448670686341325,0.06716521643516796,-0.005952748936154433,0.12635144932443995,0.17597931200651518,0.05203042849198643,-0.03935111156066979,0.15229327581847074,0.023235583933401593,-0.0912267118515485,-0.011081919593087622,-0.059279742835295475,0.1463975668033748,-0.05002498547543228,0.036826527241862195,0.036677937479243104,-0.004138974212688491,-0.16553260886008758,-0.17797315796348143,0.1602077654725464,0.05714362675240136,0.043174166717240295,-0.04041847501646049,-0.03195537407234282,0.07451111283544201,0.03270057631917832,0.03615934581864707,0.18123122446684214,0.11644686824463799,0.0015742085465716936,-0.03250390462961519,0.0927680860508706,-0.13532387369043222,0.1465590319339171,0.019715705788778435,-0.13320624237769785,0.02841843334590338,0.05518366060578947,-0.06119236241317704,0.15254739500864822,0.03205622193866241,0.08035282996091352,0.00023511183757210735,-0.1391943699619934,-0.03471584187132321,-0.06292618781870761,0.014226850349129613,-0.005768744734356681,0.14218140811799,-0.060195981394987136,-0.020648667508479705,-0.0808225309749157,-0.14466767443042755,0.22545143545260862,-0.0037127819415212664,0.003923066550427881
Zn,-0.08736608561669422,0.027904568738687487,0.17707540324948742,0.09102948231486088,0.04168270196295471,-0.030010564295799052,-0.035251992206257216,-0.034655261647851765,0.19338946954540256,0.10314098004240635,-0.1642027544234544,0.15758670229091418,0.1556122126204109,0.015538934073679846,0.04625814295586,0.0538000971799689,-0.07220362638540725,-0.013327539215693249,0.08442140011496298,-0.048754004464365196,0.12383700199644698,-0.11563465477951951,-0.07672383484994012,-0.01972744810822053,-0.15121151714007472,-0.024663622530250475,-0.03921132254726555,0.13702746386544423,0.006952850037649776,0.008594215738291213,-0.03509418437653678,-0.033386051868262163,-0.04486761916161357,-0.000710833629248949,0.014255748102942074,0.09789561978622584,0.02794447365151924,0.09124784199743705,-0.10212793722406008,0.018450365050731485,-0.145809557841419,0.06761273663028156,0.0504231242238905,-0.16983443401592613,-0.003208630807310435,0.08858578287742408,0.0441756805709247,0.119883729824937,0.006544268946814537,0.13062334280550691,0.026769618457180327,-0.04688547279761166,0.04818003356688336,-0.026905832084439557,-0.04803494549225888,-0.02080936612827442,0.10189124751879952,-0.11493506467038522,-0.0136712451480144,-0.003639418293098804,-0.05090890881131758,0.06417892577107516,-0.06591060964873946,0.09055341814488779
Ga,-0.06746773548965579,0.026190496562488074,0.0900047208800359,0.017411788749983708,0.07309806542413602,-0.0866626990516597,-0.028304683282948207,-0.03446387688401951,0.07823547853100225,0.03413386745667452,-0.08752080634852948,0.1288445635647406,0.06801766628607304,-0.016212548452255105,0.11465861858338205,-0.07987946286326025,0.06795876787084854,-0.014891549059914345,-0.07695986432501938,0.11136160900506398,0.005966235755139332,-0.12508704440722385,-0.05680359084142521,-0.11308726554431531,0.03345432225830951,0.029267418845836543,0.03606122591404806,0.0733359516014788,-0.03219937328045736,-0.04138568802842665,0.09760688595136818,0.13893646524566386,-0.030478243386723287,-0.048573890002677714,0.0927437262398997,0.08706693303597672,-0.09977128196802305,0.14561197894324346,-0.08101063486975889,-0.027680671674728895,-0.08469198481994328,-0.016812980627174002,-0.04423689346930019,-0.06936100282945856,-0.04854436292729798,0.073944580440935,0.16304948892428278,0.10921060915420365,-0.07201351589004916,0.02130473715328557,-0.17913507677404128,-0.047539662834665805,-0.014737991748135098,0.024498385848458364,-0.006346450620575042,0.06133191615350979,-0.07036139881331296,-0.04825893161432793,0.04960978190658528,-0.010125698772316385,-0.0625728543057342,-0.10254501539779033,-0.024290727261327562,-0.023373424546055944
Ge,0.0124488651494331,-0.15199111295152629,-0.04986490315397586,0.024656324027145144,0.017820710903950848,0.06842383157736273,-0.023439595275826078,-0.14305282201638203,0.06466583351100642,-0.004164052055201548,0.046943720582798935,0.10644946080462571,0.0280675073220398,0.06620307504474254,0.1074559157668455,0.002859641308054393,0.16673234071401916,-0.06919948180966304,-0.030657692888086403,0.12839738085189076,-0.10460637891894799,-0.07769713573620891,-0.042091281490406224,-0.09065354429892256,0.11850505852501608,-0.04758423549768692,0.04606717735852401,0.26553185507240046,-0.011768310319579565,-0.05934621640284381,0.06716535326885817,-0.09382088417923982,-0.15099713046381918,0.016168409538048777,-0.0343184163427584,-0.002650604090411216,-0.055863488191634045,0.07583621971214434,-0.04670855115670735,0.00801366300584257,-0.04512028925672493,-0.02388147329569181,0.011385640527425692,0.03704876460106945,0.1286752206658457,0.043022837493640616,0.12208758824199763,0.14897319681328872,-0.009176370763270915,-0.040014371414193284,-0.10645885182525246,-0.062244785069049055,-0.06798438245294339,0.010942305366402979,0.04762022593498852,0.01364384459859276,0.0047463370389466296,0.024902181653627304,0.1063123013199276,0.030031660788054637,-0.04469240561153777,-0.08463336146670127,-0.026512309443951193,0.09722289570547679
As,-0.08690406310964784,-0.2090874515363158,-0.005346126153265927,0.037580489404058504,0.04850908953800031,0.006305645865787023,-0.03747387984785923,-0.012810982456083208,0.06274654499157666,0.010602331995958066,0.06200110590444493,0.09225334682308782,0.009950589687670312,0.1444699582278426,0.10740831423415272,0.0203588738176822,0.12335497941072918,-0.0060614082787281065,0.05667557250410356,0.11562448708579488,-0.13214488165411178,-0.13494551080230469,-0.16751328194160522,-0.05896493144510388,0.11043859860109739,0.03568501381186461,0.033360436920098345,0.2601968955737468,-0.057755662315966405,-0.0007608010607270484,0.04923043298234544,-0.17784570581136325,-0.08381802345537369,-0.05501443565046667,0.0174315238991879,-0.006901678926070225,-0.15282595456814088,0.009293732537981679,-0.04399092198511193,-0.10144836334203966,-0.03276385554581865,-0.008701054346944301,0.06785755013805665,0.026474893610073214,0.12817757763450527,0.07816320555443174,0.1435782888767497,0.042115617772235416,-0.02365888595170521,-0.10387134909157568,-0.008097041235752106,-0.0011266151633019005,-0.1038222260784578,0.004563150745950028,0.11186151381566702,-0.07274723816828851,0.035744074097664405,0.02444946286719431,0.17733971774056528,-0.04236734431696269,-0.1358285931328706,-0.04291879239373713,-0.0947680394533944,0.07712031053785896
Se,-0.10801062605397198,-0.16430266325732343,0.06206234050748234,0.15417597087238874,0.07927551870968971,0.03270793924883429,-0.10173733444754825,0.15894431748945576,-0.021410940553555316,-0.02098797600649756,0.1522367210446923,0.048363856814807794,-0.12341618201477182,0.2777273056855653,0.013767122057047892,0.001613742980293004,0.141828997060198,-0.09016533052114119,-0.004330852883096717,0.08667785730046425,-0.1486245018690535,-0.07982351911690573,-0.2519262697215231,-0.026010762451100063,-0.06918913488086127,-0.04192205044354574,-0.07252745353929042,0.23857597216327403,-0.09375176731370748,0.07918692166498603,-0.043705016520188635,-0.2783979116664254,0.030617382426074383,-0.1290200648763598,0.07361936309266973,0.02714487352406158,-0.2775013579511848,-0.0923886299338326,-0.15402897231153917,-0.10191885075502571,0.02243358421618557,-0.009834323325450338,0.16722148572203308,-0.04402876786972641,0.0005909081425842488,0.1534048157899745,-0.032664503226554786,0.0017698900957850996,-0.06394054720341912,-0.07757232864586937,-0.06700243064311695,0.061132536543886624,-0.11034030017608085,-0.14636269880205227,-0.00239171049936192,0.013648238863420353,0.17857226938585047,0.09150102188040457,0.18166679999942736,0.06526422361015212,-0.16854973324378028,-0.23304552128161884,-0.11010979379955788,0.157175147416232
Br,-0.1334329779482747,-0.06158484541963423,0.2209823207980262,0.10511128199153764,0.0041230176405431486,-0.04617901321900856,-0.10627878091586059,0.2925890706900694,-0.07701325866984651,-0.14557300120872133,0.12294064766927691,-0.021520536023327787,-0.129037895828352,0.24981029433215513,0.006255541897625646,-0.1273259364839247,0.32428147262389817,-0.1122852246081969,0.05671006922896,0.07982068420040653,-0.1218736084608121,0.10725942775885078,-0.20839527369086272,0.04209379242009331,-0.04847846202447972,-0.11535207641222651,-0.005027932265975684,0.17390884981395402,-0.004748645032456225,-0.04442620857510067,-0.1444802896499061,-0.22135534138460658,0.09164472357446571,-0.037439950468200936,0.17779858808406698,0.02273150297423858,-0.2455793408741769,-0.10119786327782987,-0.06970110392767098,-0.05854311651819031,-0.05335113948107773,-0.13555024381142625,0.2741449798779227,0.09103753871059753,-0.004602067072987441,0.25435880925051146,-0.16890797864723084,0.030846741178721448,0.04196224547040966,-0.0178990851376083,-0.01892252226642611,-0.005459300340933356,-0.12176607107899731,-0.2667021362173798,-0.09334079933095603,0.1318288544976088,0.31937979683389983,0.06469799365379725,0.1394206409476899,0.1844259905098863,-0.1633328545967599,-0.25335631285517435,-0.020901328524064865,0.09391342125561337
Kr,-0.052874980792933866,-0.041523975482351906,0.04262204629477089,0.03818125324114584,0.08550240147835911,-0.0011663084882110283,-0.21482741249186085,0.17049220015512206,-0.02383898856309834,-0.12135118118628252,0.080878895422559,-0.030021545000842805,-0.07046999793996417,0.046615119243960605,0.025839456534712976,0.027946623313247574,0.016225639251140414,-0.03586145706956249,0.07077418697869851,-0.044134575834999634,0.008507763407474613,-0.0010384263551601524,-0.11568514420844198,0.007084251942317982,-0.05511471955492485,-0.05547423969194642,0.09213762224864641,0.1226222864865675,0.056692250250847155,0.01146226396564926,-0.014472681786924155,-0.18027737116579137,0.06492696501989587,-0.08223475618331709,0.07565860508008473,-0.03378036329519951,-0.06919951485330682,-0.03560793233231635,0.03758748428114972,-0.030304888399357462,-0.10480902197763578,-0.02969735536337886,0.15542722132564693,-0.0853735845470922,0.009205363720072933,0.06461831802892627,-0.0005749588882447757,0.028694502029136083,0.11003725445483342,0.11393492413665587,-0.05847376141039342,-0.02709490152405957,-0.05471145542110778,-0.03806838670735848,0.004884742006346285,0.04127018971721196,0.11500150284768432,-0.04790709869875712,-0.00665963538948445,0.030232479695601392,0.024343809384305918,-0.1538014895442249,-0.04905682844402272,0.041456298464251404
Rb,-0.025519223708661616,0.1318652357610443,0.08003983992818829,0.04199911955913408,0.09643034691423506,-0.014684153076705703,-0.24807905242669415,0.38284998486210814,-0.1398780586536046,-0.17425581773046694,-0.07585247256045449,-0.09491415475302226,0.01093108213036674,0.1193784852188241,0.13584261204593157,-0.028813152798353517,-0.02712496252035187,0.019432684893287717,-0.02899109732871538,0.07416748745390259,0.10573935437410767,0.22477906940289877,-0.10415599822500597,0.07503266410269592,-0.1592507586940091,-0.1420733831359324,0.10852051420273524,-0.02094819618639721,0.2045630860405322,-0.0629387083849794,-0.04086330649140623,0.008458867525114978,0.13275661538314246,-0.06315662341703077,-0.003397855664974321,-0.009125822362663114,-0.05627108450605586,-0.12495513467933787,0.09862924354319376,0.012500618074019358,-0.25003586077476136,-0.039486577251073914,0.3059476383494155,-0.19130609993435127,-0.14731322237255684,0.0635057399709052,-0.18536307923364792,0.05246800259515495,0.16349459452848153,0.23270391226607767,-0.030969258755183617,0.08642947593015371,0.05685969692573336,-0.17334844667771562,0.016834871806796173,0.25067585398873377,0.1607884671509795,-0.05950221810057171,-0.01682209384646422,0.1784480686728144,-0.020101214895947628,-0.20739188614320306,0.03975683188252001,-0.003687973815951375
Sr,0.08232923062577362,0.13275937796817977,-0.051602117058699895,-0.04343542674388741,0.08617446956344187,-0.10153710627161126,-0.13458904593263163,0.09128055440897284,0.015415129709151409,-0.17892872746313926,-0.042212925921412195,-0.023423798373570958,0.01077115323059252,-0.14082782639046565,0.08412870186417848,-0.022473804127681754,-0.19747857465970306,0.0060614805317321975,-0.03317482700900946,-0.01372477895841918,0.062710583704711,0.08543319694712279,0.04200465758889326,0.03308453311937465,-0.061828483913615326,0.06296618411963438,0.051845119235496,-0.09789767068300029,0.10837993901336745,0.009601802219458519,0.0004632937829446966,0.04080769117832998,0.06575944558292275,-0.03516685289996793,-0.028841233410506355,-0.051210524739987495,0.08258544360215729,-0.028972396496567982,0.12113895910255537,-0.014903798151711523,-0.17751746961612336,-0.11626481962263895,0.09924716935780784,-0.12217993332966069,-0.12619330628458156,-0.06538910348106027,-0.047655375233280575,-0.056521047474560826,0.17361001681983185,0.2415925315410238,-0.023029822910454554,0.08045471397778532,0.022358941846011053,0.026054770454368922,-0.11700476892291253,0.14947423290078732,-0.009342364445370946,-0.016040238577487063,-0.14310533260210845,0.09032533231626547,0.11245838773670405,-0.09777865356400127,0.11995907028232448,-0.10073329419732326
Y,0.02259452991320936,0.10572635381700991,-0.11832816526205797,-0.08233403362681896,-0.1034653862971457,-0.08105883856473903,0.14645900911885507,-0.04861754658390061,0.08086531530185391,0.07419963977747572,-0.014078512261093114,-0.0501289587440704,-0.04523438341448293,-0.18607191341873855,0.018923645034042192,-0.1120996121292682,-0.12401118222445962,0.05459405150175013,-0.038008394873554285,0.016105900661799757,0.022117759090522923,0.06849692499914099,0.12140441472493577,0.04739655030240314,0.0045887606603616455,0.14693685405226362,-0.020601081449222708,-0.19902860376235665,0.012592907366222065,-0.023267023955934784,0.044224260240033224,0.2137494900212203,-0.02770947558965302,0.015531284607486848,-0.05780193349044699,-0.006829115143588175,0.1387347664092443,-0.029308438328864258,0.06758429347171192,-0.01061486354672023,0.11491461117593625,-0.03985026175868818,-0.1329161178395479,0.10884115797314094,-0.1592937931415181,-0.07418114214664866,-0.01235464093380468,-0.10026189981051928,-0.04834520896612423,0.027112977349859377,0.03423098187796162,0.06689007201175774,0.10408877604371891,0.044511419638434684,-0.052454365252336745,-0.006641792913709864,-0.10356253770543171,0.03496485547980843,-0.10243415796771999,-0.0038505359527856594,0.04828192866091507,0.0599083706395823,0.1735409347935325,-0.08676366874839862
Zr,0.09105350090164503,-0.017720402026480765,-0.22574745735301852,0.01623961088616573,-0.10754207336438039,0.010641904484539657,0.20343002524367051,-0.08956141206772207,0.03673277407560353,0.09660463241762408,0.026225994599599456,-0.0017671542974842319,-0.0065850628126627835,-0.006914889851136533,-0.09910628715450939,-0.08476356716161158,-0.014550606264708828,0.00834025900653142,-0.03894399301429968,-0.05435256077541114,-0.03282087863960752,-0.004924425661816971,0.006813294675529756,0.0695043018946588,0.045239779154964375,0.12967645651137677,0.020988570153614935,-0.17445663706042194,-0.010288522485981102,0.03616262690032094,0.12778679216309297,0.1403865705517492,-0.10624771584792576,-0.0008835246517803377,-0.13065753562342733,-0.05090513340648629,0.1023066586751334,-0.006487043689115227,-0.0255965798037158,0.004711472175794516,0.08089367682148885,0.0590889810944028,-0.14620467142845084,0.10573193175259353,-0.08067957970659903,-0.02304332560763898,0.011561313367902,-0.038675331567602195,-0.07000060794739407,-0.02622733064680481,0.045565814110368995,0.028239213813541924,0.006831672989151289,0.0890720873909074,-0.014430008767248856,0.0303188768332334,-0.17752501343612337,-0.006139376683670711,-0.09800365460151624,-0.017582927528368684,0.018996521454969665,0.0809473851222393,0.07954817772114327,0.04182309301763825
Nb,0.046734729806751356,-0.06686375706351588,-0.14734443124514995,-0.010624752379525104,0.010981773844639603,0.012934415865885292,0.11542053613436665,-0.16314539087685306,0.05295000715288619,0.03598657935616992,-0.0445294845072125,0.03661826903280729,0.08831211593071131,0.08859700855735378,-0.08941248938997305,-0.053669221370241764,0.02485601604498529,-0.023571128012491158,-0.07544790727492519,-0.038425455977643484,0.02259024105888282,-0.05742803809472279,-0.058084905094372204,0.005382735778657449,0.13838501603309064,0.10330348704442344,-0.03734828128040916,-0.056239979036720365,0.034603800211375046,0.038781129275130555,0.11446964748766288,0.035938421880118365,-0.11103498881214625,0.03989237366819837,-0.052194789900977874,-0.04751779010348932,0.08440153792562793,0.042707636038334065,-0.014101593434249455,0.013269420614932952,0.09094560404290646,0.06844189097088756,-0.14213113851740547,0.04568659642197009,0.04901484146310271,-0.0673571989221272,0.14093406476983847,0.04817035879210354,-0.10449595815429981,-0.05402003461519684,0.15711455713182043,0.027902433471421045,0.007144159838031302,0.08078367287010212,-0.015006941425705885,-0.07426486154462464,-0.11712624904008234,-0.03540002145054758,-0.033323256778165805,-0.09325918471611988,-0.015897765252187293,0.12903477543885264,-0.026007669533528337,0.051279225933079514
Mo,-0.033156410775146,-0.013111120506073328,-0.1277275784584758,0.02455888538825078,-0.04276780022712088,0.08303020046081933,0.10326527973437814,-0.0978883209472107,0.056529604582904756,0.08583228057449156,-0.060157993711157605,0.0335532413652691,0.006326120010842925,0.12281819138697624,-0.12628486114009468,-0.0038984212974811482,-0.011317797724546861,0.002925337365321779,-0.08111983001988463,-0.010120829287336399,0.017355019946857668,-0.031207088401595997,0.013859924156468043,0.06235452022837241,0.14278722465823868,-0.008236366826355807,0.025234291851786984,-0.020881214154625665,-0.06706698646035836,0.010422624636681645,0.04006768221293167,-0.07183934502425145,-0.04629474968883717,0.08745777738504958,-0.05825018216081155,-0.05411546393093691,0.06323143721960137,0.00400061942819597,-0.08552948519821016,0.058418146235516465,0.0632616803308353,0.09488901289554115,-0.18230233328565384,0.06300727707305503,0.09933833487331256,-0.11008260007149467,0.08566132597374505,0.017017781129316067,-0.060568451591751976,-0.07751523184194324,0.2281024200120222,0.04121816194812756,-0.006704851903398742,0.12689081637973246,-0.02304865145565631,-0.06943163867799047,-0.12103223475882083,-0.027099587341229078,-0.006923823006279547,-0.12866844344860665,-0.004730934119184302,0.13888120786904912,-0.06352382294379218,0.0976392463230606
Tc,-0.060833554028576174,-0.027926683514204027,-0.04306279186428442,0.009384031205351804,-0.03919412994951943,0.12421759135236976,0.0818863069297215,-0.08372422592692072,0.008333541861965148,0.0377111568782699,-0.0965611095241337,0.06660741427046502,0.06290670742902792,0.08529304678890921,-0.06350625721191079,0.10781517297385715,0.04128841731691502,0.06928567009306376,0.01652366318927382,-0.029551709508209022,0.00020869765790389037,-0.08483439745409423,-0.003134417246715124,0.07354038683769336,0.11810566975666364,-0.026002104601327007,-0.03306765126603423,-0.014842203660160527,-0.17640482689761894,-0.021725421740224824,-0.02170137511958954,-0.04916868227755035,-0.06497442632413102,0.0929495146794481,-0.03783573425397508,0.0199127177166953,0.05357966372431807,0.004765519680725476,-0.057730292664425316,0.03931513658829026,0.05945048468165293,0.047074970711892386,-0.20665573300391357,0.04677593895152897,0.20407250646720063,-0.10772697221029309,0.02098030308860229,0.07193185838948038,-0.08866172112679484,-0.1281372635655456,0.20588356905582234,0.04313791851522686,0.015251245856764298,-0.004583633201007309,-0.016842549746116573,-0.10821287782633021,0.02010147442194426,-0.03687923733095272,0.035832663613156776,-0.12115276224321386,-0.023059969615615065,0.2160392195596003,-0.13668223883041697,0.10015603052735847
Ru,-0.03905180973753966,-0.09519313162474335,-0.010630688799529248,0.006858866246124252,-0.04490037048708415,0.18818861758399089,0.03763603222023525,-0.1379686652207721,0.09252947786779792,0.11145531252033805,-0.035272439459378135,0.03657558847643117,-0.03235926794855946,0.030920159407255766,-0.055473894190397326,0.10900298306215438,0.05231147487329324,0.05746719726482921,0.04685990931044307,-0.07927943226118271,-0.012856230164136565,-0.1224755007873482,0.019809885715145685,0.09402945050150262,0.06278204717591278,-0.03977475440342488,-0.07619416595353613,0.1034938944016193,-0.12566156167639414,-0.013754786670518472,-0.026664608764709274,-0.1326718363211968,-0.02260277364372975,0.012226973128339674,-0.0805871761366104,0.021464316352984018,0.08492856118003711,-0.033202715104536235,-0.07786764423000171,0.05390243514324921,0.015633806710113135,0.07613526079684554,-0.11736271511624632,0.023396293911442018,0.18544687271618912,-0.04141900795518347,0.038947428966011784,0.06665573171950898,-0.02759850852368627,-0.08810276337666645,0.21737366894108948,-0.014732429295348818,0.043175007394159415,0.030549852759679495,-0.00431734070902134,-0.13997355295435465,0.005750176553519184,-0.028324517355238315,0.020765850586382768,-0.07883508641350588,0.019260471330484485,0.2275839331021415,-0.13028706499474146,0.17950436185567442
Rh,-0.0617133844602404,-0.11595145051804252,0.006094821191314731,0.05352024926578765,0.032212001131343045,0.17068104530968686,0.03447861238542584,-0.0889461271911261,0.1304225187056037,0.1462892502399155,0.03233089607559089,0.032065826747499214,-0.0254438710797639,0.1364530017383518,-0.07800540559505138,0.03979591671242434,0.0012249348314821906,0.025560076997995906,0.06001265263093178,-0.07457582939644568,0.07475204341211374,-0.1362149112753205,0.021144011410084585,0.0842161521048972,0.026440696649516936,-0.08993661007473729,-0.11215626515999187,0.13473666758576838,-0.13090422792451356,0.07739041688817676,-0.04071816156540444,-0.159030246869592,0.0006047007891975307,0.01670854549375644,-0.028927081493845284,0.0729662418097727,0.058527818953579336,0.007818364128769673,-0.07687691283078997,0.00824920925236405,0.0017053320094068028,0.10481430426175652,-0.12397408921252974,-0.03411504513475338,0.18857787031864323,-0.04107868668727184,0.012797281851164388,0.15055970250440315,-0.08886130238952152,-0.09454600160450788,0.1967509200402339,0.02364188113671124,-0.006605674546337159,-0.015748856168199037,0.015461236606850552,-0.08353887562127066,0.04972645238249449,-0.06427603507580122,0.042232487090228976,-0.049833424124232986,0.020999534495851985,0.22711263854240638,-0.06933384893035294,0.17827489504760502
Pd,-0.15417836123386536,-0.05777167064054986,3.198907190208028e-05,0.07932601489849635,-0.028455495981255765,0.10901810674792534,0.004884795066174821,-0.009706784718059637,0.12494977780978747,0.0956249381037824,-0.0546181918931413,0.07568563431784711,0.013318060778067988,0.16773189498721752,-0.0691112545391619,0.11040842614991546,-0.024258125510814504,-0.017241681914160423,0.07386558938573427,-0.09897656675388741,0.04299856540838217,-0.18677674456575313,-0.05737882321478009,0.11182020111145036,-0.012834596527451834,-0.1351402554377374,-0.04250479277853056,0.17250586448781757,-0.10126634785281566,0.030050273851340518,-0.06701007949096606,-0.19296896248699466,0.0043620547088704855,-0.002397995926790947,-0.039254692827937226,0.023788772725613038,0.03757977639281645,-0.02804110297755454,-0.11689319584526772,-0.016776046766680496,-0.09347850035028446,0.08490856374805066,-0.01553716373204371,-0.07864838141289593,0.08663786759562973,0.011714134464902725,0.07536932177454969,0.05383550450348309,-0.04385754157022257,-0.0063073904395961455,0.15900307730840638,0.018828625932643683,0.06689476497674537,0.03688230854060771,-0.0012753289881722554,-0.09815375773893364,0.058147503298296446,-0.11340980460026455,0.025847852327052553,-0.09619421707602151,-0.03186305835592797,0.09649602919831357,-0.12351588852479085,0.21486624642465343
Ag,-0.09995336863896707,0.02157717285473715,-0.0041704704857732115,0.13346985919298568,-0.057365794438793714,0.2074949602449017,-0.10015464658006334,-0.01589857027454829,0.06545019267203768,0.0036386326468353975,0.001737961052999236,0.08809726540700236,0.006608332890623197,0.14258867747167,-0.065931836846665,0.12473408469921744,-0.019493550011810645,-0.053626137199584284,0.025168692795834283,-0.08437320254339865,0.12405673787849004,-0.13421184884075013,-0.06498558592443425,0.11121699218537313,0.005632559554424152,-0.16740318441529187,-0.08053310483815009,0.2195919321117931,-0.02589416064874917,0.04851238317904076,-0.047704033815331906,-0.15531536494526013,0.08123392901032152,0.024678926028953396,-0.0117464448302153,0.10415323754464521,0.10192274882558663,-0.016863887970382564,-0.025767079621466134,-0.010131111098196116,-0.1268633524112449,0.0779141849028781,-0.055261237546673024,-0.11958312900482124,0.12870453188625247,0.08801658785711791,0.007294662510903354,0.15159987474289288,0.05639866349676161,0.06545597521101147,0.12728595213357535,-0.01667018229212233,0.04033428751800146,0.029616052650214802,-0.03306482047231981,-0.04712710369151053,0.0895379132806154,-0.1037693916018249,0.009232756854446293,-0.05150385418003045,-0.05190891700269603,0.14776762605124702,-0.04161599496975663,0.20096701959449564
Cd,-0.12298016808347889,0.07203592806456266,0.01743680597281636,0.09827281749314161,0.011545625473543932,-0.034431575162617696,0.00826542739349216,-0.027890113799291,0.21836867595488296,0.07899020672592555,-0.16931904531862324,0.08270410170242623,0.09307393411877413,0.08385770005429323,0.0013910516494327456,0.030483343090138112,-0.056716562504361946,-0.03808390413358273,0.02739792143318083,0.0057856429818542955,0.09902007940160931,-0.16482277033913492,-0.13231143435933349,-0.011219563440197096,-0.11710442619089134,0.03873461891743073,-0.07161908698253093,0.09623607436922295,0.024285633716217326,0.041308270836583415,0.02851070270043127,-0.04464539952182919,-0.07392616578429767,-0.06915875177230117,-0.004460620139579678,0.055663413244491984,0.07461379062104485,0.06862788267327948,-0.1283012799477081,-0.009613388120322001,-0.17238063533960066,0.08759125006622907,0.00847398946434069,-0.12930350437893082,0.010790883022683622,0.1382919625496846,0.05440862362763854,0.09712914910570848,-0.012277137467480562,0.18796531240623687,0.034165079332481946,0.006470937455599565,-0.0038048678694008937,0.03656843230494374,-0.09834895402105914,-0.01883365829875225,-0.010701349633924051,-0.08307958501835765,0.02175792765050167,0.08739573838540238,0.001797094183922494,-0.021591108728587865,0.003896433630770913,0.06668471953148376
In,0.03477536091751723,0.09714809505686287,-0.059747046446387383,0.039003905527706384,0.04804621676955731,-0.08095808984750429,0.050710655728216474,-0.00714751870330845,0.08133951330269373,-0.06289347413035824,-0.07725226461872636,0.05255733770057097,-0.040276069998913186,-0.020003280038336624,-0.03148497882744097,-0.09283482187709796,-0.045628522839650854,-0.04499459817522452,-0.1078667529120967,-0.001643314482528601,-0.02175089833960328,-0.1306699377443304,-0.06234696660557848,0.06419481265605932,0.05962657963177519,0.026372227206441938,0.02639999824255147,0.04254927577510099,0.08170404513469548,0.060485229678267416,0.11478746009940151,0.13815012066298202,-0.06812227338442539,-0.06364631913162228,0.006199993049866672,0.020616961779931768,-0.07161006927323053,0.03701273399574484,-0.11217340023345804,-0.04269436605435879,-0.040306295523201155,-0.007427112384791765,-0.05484538780674211,0.04166303670072584,-0.03902096529933607,0.09464632100617605,0.14336962119988636,0.10181908957327071,-0.13341246318286965,0.05776318068439584,-0.14922850185410436,0.09663809968472976,-0.0419813499738455,0.09748451801667374,-0.12076115002149575,0.12422232928754141,-0.1271006852624559,0.02588327460821366,0.04688056094963513,0.018148794973691453,8.785650854258504e-05,-0.19389314421803092,0.04334657164539771,0.07312559057844786
Sn,0.0831706605300428,-0.04716377555900641,-0.1867389769252613,0.019199083490845002,-0.009575981443637143,0.05991423456516496,-0.012217500522726639,-0.09892340966214022,0.08942844256054609,-0.05226000156925818,0.06861844076529096,0.07606425565645451,-0.08961161084982557,0.0696767753770022,-0.007031707605575872,-0.0655585270650583,0.08640306321910696,-0.08750425756788108,-0.10746057929014434,0.01628932770223465,-0.121365932108407,-0.08004275416773322,-0.0711765770843691,0.10338172539170933,0.16346774656376567,-0.04112680242658227,0.06790426731698672,0.18347262061326727,0.09036004630812643,0.025732106232571602,0.0896646116950233,-0.08268467362948884,-0.06700589855676949,0.012727155996951645,-0.10027866136598215,-0.003928946626560145,-0.07081382450727276,-0.06803272265938205,-0.11162818477639362,-0.04388571764218006,-0.009660378629966071,0.034388120277762335,-0.012756351152617185,0.07886848146048228,0.04697459051807571,0.08948082515403817,0.06837110669260932,0.1611236391533141,-0.010583465354733314,0.051910668486929594,-0.02507104085807862,0.027160884716528232,-0.0925191347083552,0.10799619465633259,0.009440815058127822,0.05791224097549784,-0.03522644695024844,0.05060225883054493,0.06239557435222655,0.06778026149087941,-0.011480350545747855,-0.11889379185839748,-0.001561469735556849,0.14739438172887495
Sb,-0.012556932457010016,-0.08815591030336045,-0.11076624017762986,0.012168725013505726,0.0623415879513614,0.04794393249604653,-0.01970918508263247,0.00331592209063843,0.07743707739197019,-0.016965321150557808,0.17505608329177633,0.007068295256255562,-0.12133428464252272,0.1134625063326744,0.016151132016585554,-0.051133494981473925,0.016942754611238144,-0.05991291363537094,-0.03141533551805977,-0.015907377531357698,-0.08983394582950106,-0.13196873808966725,-0.18162949999016442,0.1298622729124965,0.14403625437863066,0.0472687150781107,0.04106202039860792,0.2158841764741593,0.07231283946286295,-0.019320607399454265,0.010725994233953635,-0.2117859805834965,-0.06772916069635586,0.019317407210100345,-0.08047860888196152,-0.055865647936211404,-0.08480367035313352,-0.13293856507471222,-0.04764026628088077,-0.11141878245921252,0.05123695946888548,-0.028451422955179103,0.054687369718631876,0.10593593730822114,0.0616942029933506,0.14576683878182142,0.10236695612291952,0.06312701818673105,-0.0121247053719191,0.042238916507390104,0.062448860349293665,-0.008769891590326259,-0.10772830278946412,0.08085120448954473,0.0374342273741325,-0.06018274108586905,-0.0010400732329702569,0.013984276935271723,0.12237525075092867,-0.0014462165076988957,-0.07789232945293167,-0.1420725261439686,-0.01732329146350039,0.1121629937634604
Te,-0.13672828786765145,-0.14232224439497757,-0.037532075712355034,0.1522865556649082,0.08506284914279484,0.0794510593426531,-0.01991724086103011,0.14313444217247423,0.039158496974481365,-0.06194534374850348,0.14751438381000842,-0.010656511903368868,-0.16106400929359097,0.20440562432168383,-0.009944218665797578,-0.054899793267579246,0.08401112286009006,-0.07827250159610656,0.03731387654801273,0.029574231687942293,-0.07755527263115912,-0.1264750681036852,-0.24081978661322773,0.07692904753190284,0.021904163001282673,-0.008734283821367126,0.03531321052254,0.2467207626916339,0.003679593709549764,0.027258760061368698,-0.0589474395271141,-0.30713527929814455,-0.01919594396829159,-0.08185154611256594,-0.004278116626180539,-0.02986969320243566,-0.17406183189291702,-0.14691825301215816,-0.1040379091666957,-0.09118793784492153,0.04367265722720186,-0.00503018468057588,0.06128415240820301,0.01777573249381632,0.01591390257339451,0.18415955410571555,0.048834281470302575,0.018437848522480458,-0.02799129457902293,0.0023593064585727564,0.06696639109539655,0.08272468904004054,-0.11383257013868468,-0.06496735954781481,0.0022396366631832086,-0.017868468018397612,0.145642276425771,0.04202043429776985,0.12536330371121834,0.05802656126054586,-0.11481912305836837,-0.18542875858032595,-0.03577751286648111,0.14480354175977722
I,-0.1461142749366972,-0.010937822785690136,0.1023633754219704,0.0877177252332464,0.060570776288498294,0.03157057176594917,-0.10846124337517823,0.3191511773550442,-0.03996225791561793,-0.15601308770471056,0.1410487512455245,-0.025629887776232464,-0.11412192552283529,0.25314299039379723,0.009634922279404757,-0.11726229988717614,0.23469609693461926,-0.06513105869434468,0.053521927393705926,0.06689033744517783,-0.12760738807865804,-0.021935640615371323,-0.2351751339057868,0.054832396377906656,-0.004196997652533747,-0.07723999724939126,0.034813617959318616,0.20075207631412406,-0.019637787612745504,0.03647321965311162,-0.12192899626994355,-0.29381910425684027,0.06692003516850775,-0.015591247375746945,0.1519132127652879,-0.02756786325020114,-0.1319895560555685,-0.13857670609156245,-0.1300612996574917,-0.033114413280536395,-0.020860993104831343,-0.08069493081115389,0.22782927080877116,0.05146732679756992,0.05821820117570531,0.2726575720909608,-0.11544015496788121,0.12218452677567891,0.09991767722123232,-0.0212975623411075,0.045553162074807266,0.0632970377502721,-0.08940503390434044,-0.18264917401349332,-0.13059267919950365,0.09170263865627748,0.3083214215289307,-0.0011475612774560643,0.08398200707077746,0.2071279384340111,-0.11635240255233863,-0.23663490006025423,-0.04249804051293625,0.15108577689691058
Xe,0.0,0.0,0.0,0.0,0.0,0.0,0.0,0.0,0.0,0.0,0.0,0.0,0.0,0.0,0.0,0.0,0.0,0.0,0.0,0.0,0.0,0.0,0.0,0.0,0.0,0.0,0.0,0.0,0.0,0.0,0.0,0.0,0.0,0.0,0.0,0.0,0.0,0.0,0.0,0.0,0.0,0.0,0.0,0.0,0.0,0.0,0.0,0.0,0.0,0.0,0.0,0.0,0.0,0.0,0.0,0.0,0.0,0.0,0.0,0.0,0.0,0.0,0.0,0.0
Cs,-0.06528364774196199,0.13003716454064038,0.057807764639151625,0.002704733432955624,0.054708228739239126,-0.04862267222260684,-0.289756066946686,0.38238539247611736,-0.13410573334750953,-0.15104332705834056,-0.04004938018011746,-0.120618137804173,-0.045786671415786684,0.048571663092599436,0.10522577605297583,-0.05271963431342108,-0.05270744868409769,5.041254069285096e-05,-0.00040743142948804374,0.001128912611309773,0.11671185146217308,0.2545051961875237,-0.11858138688813799,0.02538744685537837,-0.15354294193821644,-0.16074138798308915,0.14309765937461513,-0.07224922675273851,0.20460540196974916,-0.05829711937734609,-0.02921758974180395,-0.04802564597262969,0.16627749221663018,-0.09307202103175673,0.01834276417319836,0.012496874166784237,-0.055918050988460616,-0.07789166041880938,0.09887769557628645,0.019131068466368133,-0.21488984343712997,-0.027166408328672363,0.3241368330672275,-0.18750017460924331,-0.1136301126114147,0.08741943811815536,-0.22363527045837478,0.014636631666906447,0.156403322084596,0.2370434585384569,-0.0641929074765614,0.036093193067349885,0.03670171738443434,-0.14447596729473944,0.01452871147996678,0.25923050089071403,0.1576968885349043,-0.08909366035780693,-0.01425263489737122,0.16802484250823982,0.008468656270359217,-0.23786668482613718,0.037906018320954485,-0.061824376729655295
Ba,0.06589409309050658,0.15249804819042515,-0.0613715073660423,-0.06186960191476343,0.09105798803930455,-0.10678645735820126,-0.16152283135053866,0.05792807034099477,-0.006827693460549169,-0.18195918077629641,-0.06292795593373608,-0.08198823468911387,-0.03776731172093156,-0.10994377786025349,0.048556959526448805,-0.0184612838977427,-0.19912844818677083,0.014832650721286362,0.002742008827309323,-0.07992655371589116,0.08245101038838959,0.08991550426117242,0.04551125225356037,0.041130654453116415,-0.07305904419457265,0.03712463676035941,0.0997544375499813,-0.1098902306796382,0.1616940794076508,-0.006861241369524634,-0.023882218729867132,0.01240914364926101,0.07897719387805327,-0.037472376887761664,0.002750295141817397,-0.08257030217405009,0.07106113275753262,-0.04068168098802215,0.1202869752765797,-0.0721266856400206,-0.1681026745274216,-0.10807422608300735,0.13010981448731265,-0.10721117622336722,-0.1145434517978695,-0.048111512304675176,-0.05348748695725644,-0.037017859565953194,0.14381839839294278,0.25035267120966065,-0.005791886430472642,0.08492491716163407,0.034983649464860364,0.044645387921803115,-0.0691760334099269,0.15209283862153877,-0.008570673621550109,-0.029431666166023628,-0.13440831562473343,0.037005593741456864,0.14588607387004351,-0.15037124915005506,0.1058556969414456,-0.12036055551660554
La,0.033945511836940966,0.08705018359063428,-0.09308840100782813,-0.029076848694176132,-0.03550097758584273,-0.06563245546492635,-0.046204296840274675,0.00789028241348296,0.017549645466499387,-0.048579825956140424,0.034392895967075836,-0.05843530634764168,-0.05057914740297426,-0.13098600014487966,-0.020767286510337886,-0.04381752330979097,-0.1542500956626296,0.0053512763760824155,0.022030395074522244,-0.08721739008543243,0.06604698064529069,0.03719771392878019,0.08432721256791974,0.019616759811609385,-0.019550240668596,0.08420697956231664,0.07558107212995994,-0.13873992164838578,0.0909813834046886,0.0030367463437450722,0.02280266312349719,0.04118711784582627,0.032415859936794425,-0.008804582799249562,0.01433243587638566,-0.09222096281296158,0.09505111993564966,-0.059471317003220496,0.14581834334124685,0.020341418366387788,0.06837034264068682,-0.06616922954421432,-0.08368701087283834,0.04595824097127537,-0.129102569612777,-0.041732170061476906,0.041883401150817144,-0.08480281161647664,0.10576602506612168,0.08218060178280473,-0.02233823848882596,-0.05865735954324849,0.007731727404755865,0.10153627776001399,0.001428888295078463,-0.04221021588995939,-0.07300956199919172,-0.04677525937357067,-0.1410566662550503,-0.05573259163918618,0.09977853038512088,-0.011668239297250738,0.1584292366829399,-0.1166212257922285
Ce,0.027224624189362168,0.09617220149169031,-0.08682859803382394,-0.03574311334183021,-0.03593462559633195,-0.06309140562932199,-0.0441096251287226,-0.008879606035555316,0.0035123786636119592,-0.03559531770968049,0.021264570457508524,-0.04582000497566486,-0.0285303558657548,-0.13185807101870242,-0.022398253744098463,-0.032787562373652865,-0.16296020584421186,0.00554849030851377,0.017676707941104403,-0.08080769663455846,0.07382878570715083,0.038668957303767175,0.10055394168100618,0.01654352837498223,-0.021217679965263567,0.07637538678994142,0.07219439517167855,-0.14181848564466296,0.09146114383114833,0.00033221537031045197,0.018148146448211614,0.06074125923746863,0.04346332821835239,0.004909219392564201,0.020412722758530767,-0.08976809974043325,0.10467230359133677,-0.05166887657901343,0.14294461335689967,0.030088159012953728,0.06920094141183687,-0.06694807561071513,-0.09737959383182339,0.038409207191915845,-0.1258357158474275,-0.052041850998615455,0.0466727148643524,-0.08776241490752534,0.10698148330248627,0.06996447375750549,-0.01549442607650539,-0.07168742354661617,0.012679526545723668,0.10630672678513094,0.013133544958377208,-0.055216373867297844,-0.08487120485161959,-0.059272834508666584,-0.1449702840190727,-0.07880709264258864,0.09222532341338562,0.007738054495117217,0.16272104091091036,-0.13567011956444522
Pr,0.009961683166576779,0.08782564906279633,-0.10391640879443656,-0.038253304361455756,-0.015857731977857507,-0.06612435204528061,-0.07694888823559098,-0.001685577873201811,0.0015436679221984655,-0.0684450543771806,0.024527169517203344,-0.06311704631876222,-0.0346518763260797,-0.12604988143871843,-0.01870197015550755,-0.028966332175428284,-0.1538445469587846,0.032080566874682845,0.010651916781739738,-0.10572752845367002,0.0820405060742372,0.060446595507429715,0.0875545103716728,0.02696014784966197,-0.020460180111265196,0.06125407211465684,0.08438990365206621,-0.13648606051209006,0.13291101800240485,-0.029396395354770528,0.02288316625516315,0.04625978562238032,0.04588384556228018,0.027620312710396763,0.022180481251852513,-0.1070771782550999,0.10018833169370693,-0.05385864328162815,0.15182012800588449,-0.009011356988150521,0.04066330498578581,-0.06596040931249185,-0.0545597467287919,0.03325693847951832,-0.1291348312371972,-0.06019218490977251,0.03659093982301351,-0.08300264738390431,0.11414127719653025,0.10004056837701111,0.011449702099526666,-0.05761758453573058,0.004560051392605726,0.10541967284186163,0.025830299978818295,-0.030684863478637064,-0.07234959737938795,-0.06477728383127469,-0.11703463121296843,-0.07255492334456327,0.11692169402738757,-0.010021687943165542,0.1354864417946015,-0.14170418406514923
Nd,0.03355669088875886,0.0960101372809019,-0.08995592097322835,-0.020981864398926537,-0.01619269804666125,-0.06316553148686876,-0.03842916525058445,0.003906511983868008,0.03374674497605418,-0.04669941399921287,0.04450581305466429,-0.058609875239381166,-0.0799424512013777,-0.15510364172441427,-0.02023956113077636,-0.03767894528038662,-0.1709292727567666,0.0222761323805316,0.03240403078903837,-0.09552171435900259,0.06509720646865907,0.015908203365358704,0.09332653682238126,0.02079614135601783,-0.03828276865948486,0.08257826928775666,0.06581939144138695,-0.12631468257527695,0.08594203035732145,0.010298922780395847,0.00128437539991888,0.02971408711235949,0.04597608928743624,-0.010435910298456468,0.023213802716813173,-0.08614913072248635,0.10853342492820567,-0.057226608394005105,0.14811888490463027,0.015607788468592492,0.07443156002841417,-0.08470368700579982,-0.055240186257822135,0.06138824766993176,-0.13923456265465817,-0.04245772783156036,0.03404739954145653,-0.09340976905171221,0.10323788331104233,0.06598800419201993,-0.034624013597296235,-0.0633528473120455,0.001578835897284349,0.08432192387871011,0.004417187302512346,-0.05985774538897456,-0.07516111670786628,-0.0354440093785626,-0.13179117436905768,-0.05844966064481475,0.10722933533663181,-0.02641255874693457,0.1776422629396834,-0.121184015870525
Pm,0.06969283649869405,0.07832780129651573,-0.07505955797146617,-0.041927338408667386,-0.052982996122454745,-0.0692954606302823,-0.0055176473772624276,0.018240147144099522,-0.00181403964143467,-0.01919330177080616,0.014088238546426352,-0.08012754149124095,-0.05672401987007441,-0.1570067236906919,-0.0039637035818263,-0.02418005972508307,-0.12844154047272185,0.022601114507670522,0.035258888900285036,-0.06236320357681122,0.05572924017826235,0.07320767814662452,0.11837908628222973,-0.004184616310001748,-0.040739824524764455,0.07768883381019319,0.045680244074046805,-0.1785597093182791,0.04136160890688064,-0.00024689622935715293,0.0026799382574441673,0.07589778716771134,0.025321317180846948,-0.01406212540813874,0.0007594547669668965,-0.0687969668429593,0.09949986277959173,-0.03307571275467188,0.15225027312975836,0.03887166883624796,0.07214697206086725,-0.06213582986643067,-0.08306332785606703,0.05261630384618541,-0.1219567619943258,-0.06291577530326882,-0.005240724043077254,-0.10601408440399468,0.0868625523870852,0.03217224705072958,-0.030011323190427493,-0.04317091511101304,0.04212358121855521,0.06978091211471307,-0.008136999748353376,-0.023886519530084173,-0.07524110383558513,-0.019578304498396606,-0.13091696466761288,-0.018326872321801413,0.10320459821567551,0.015311477806639683,0.13707547059776984,-0.11314167879606798
Sm,0.041651905030844164,0.1032352817716895,-0.0801477462746252,-0.03467708973970445,-0.03488756812794628,-0.06819937621291185,-0.029265427734929916,-0.010744490139423787,0.02628867400038693,-0.038323571089156794,0.028189093694932003,-0.057072640968163627,-0.053391551861390295,-0.165157243388363,-0.01624021712474944,-0.040037596552320844,-0.16979336151789715,0.016802084517563712,0.023003588586724244,-0.0896126030143692,0.07183223559338621,0.03241679424742965,0.1149256045298632,0.010642346255293762,-0.03159298617205999,0.08586130797111431,0.05792864491952753,-0.1443483615847368,0.08555362279470509,0.006261114917361001,0.00995228149554079,0.06129372809600908,0.03475718493908216,-0.004066027472736786,0.018077438311729074,-0.08851573111867124,0.1088557161360542,-0.050393993653443575,0.1506690441959059,0.029468881225937625,0.07180651491915345,-0.07633957636422845,-0.08280116359592836,0.055644489925369855,-0.1380196378513186,-0.0520642340491223,0.03647008611157442,-0.09095230664348468,0.10797917273625902,0.07101077952661368,-0.03460570960851413,-0.0696615081505558,0.01344391324619766,0.09874726728585577,0.003961881681153405,-0.052186415997593265,-0.08367623796693856,-0.04341530151850806,-0.14368835095380852,-0.05986701241373933,0.10884292146027495,0.002263156016568266,0.17463455435218012,-0.13364794048823175
Eu,0.0578959445507225,0.08711464993781468,-0.0651072612237565,-0.033445481329792796,-0.042922119988096065,-0.07961700244718185,-0.09299788360676964,0.06908565106687997,-0.018339917952785428,-0.05317327348291145,0.0340386619106305,-0.05115423909739856,-0.05562784623931559,-0.13126240279634127,-0.017143083303756867,0.03726464262142568,-0.16917275849813565,-0.03943411204815481,0.1025257883755046,-0.05703743876879835,0.06713457429028515,0.046595500527477116,0.08728693260545814,-0.011440843778382141,-0.07492280476863215,0.05768470612815472,0.09141949945845536,-0.11764248486171958,0.06638556044146514,0.021033239634444995,0.0007844963610654369,0.009877469819609982,0.04806384611644158,-0.023991664489822418,0.060135429158039266,-0.05110668789231093,0.1402224915909902,-0.0408409208588125,0.1794526172808836,0.046740863275904244,0.049540495178194456,-0.054911557066421195,-0.12273975520147153,-0.00647136255821854,-0.11010226722399721,-0.038163807169281055,0.04383235913315449,-0.10700967765822995,0.15826051320828877,0.08311464981036412,-0.05638337364969104,-0.08801882915769958,0.05822895566784327,0.1225605606341717,-0.008484699693120313,-0.05070769689201413,-0.04040555949625905,-0.046833067327069725,-0.1736883012482946,-0.014738672309465238,0.09045068375638156,0.013938090337345704,0.15024388534216665,-0.12510481613445434
Gd,0.04627845641351675,0.08699711695491837,-0.08291428758409917,-0.0369327352856076,-0.03769541007510351,-0.06367565345972817,-0.02636321545026468,-0.014894399829178607,0.029013242098267188,-0.03297835754336724,0.026529252429977616,-0.05568971921754992,-0.0484165462401021,-0.16342064735417072,-0.015554169572897028,-0.03722718349000582,-0.16095524046985804,0.020290682933316075,0.024052586519106904,-0.09087551134426107,0.06899005118529497,0.03382535096938523,0.10847360028651207,0.008231236353483348,-0.02541006697128979,0.0872383787042155,0.059074707122146033,-0.1464684344569279,0.07775727652424892,0.002020499293457911,0.01881690087340819,0.06445014157484405,0.02549701938971481,-0.005762688793246957,0.010082269596756276,-0.08480676147318945,0.10828705892829645,-0.042744015151315026,0.14812109863890421,0.03240898478119483,0.06821787431685834,-0.06311650141076476,-0.08474536448050335,0.047466848670830404,-0.13017020242762517,-0.0577767798977858,0.03673282359604888,-0.08783630223040592,0.09764846698541167,0.0728998198089829,-0.029237365032707373,-0.0633994261436788,0.017109241692696554,0.09542907298258078,0.001875489816429101,-0.044127184962220005,-0.08142267649824661,-0.03980458335327231,-0.14085348244616955,-0.05605252700307285,0.1066770067110402,0.00955113390045732,0.16255273881498145,-0.12577054500913454
Tb,0.06992345546489981,0.10377636116409533,-0.0710683054639703,-0.06081340647117977,-0.04615979041529298,-0.05618379511328011,-0.011305836499153952,-0.004386554151028019,0.02424487072648324,-0.0063519463435955685,0.034528794974365715,-0.07946724744956685,-0.07854232636107504,-0.18146461499595054,-0.013345994555984569,-0.036471815841839485,-0.14962228627807053,0.007094111016585254,0.03390562670363358,-0.0781353095031576,0.05241720873748536,0.03056901185577023,0.1432541821314209,0.006095989041110003,-0.026534909945637952,0.07025856475427178,0.05019545204820321,-0.13415153952930298,0.07790429896930758,-0.0012436412141084016,0.003234482481981559,0.06644301749137664,0.050616258307989534,0.0021930303883149647,0.0059361156820059964,-0.06409700843585575,0.10652275735849755,-0.04832638691084783,0.1374534161786318,0.031577050822017755,0.09742540318189498,-0.0639731087094697,-0.096586059578518,0.09440061772218994,-0.12196640874592407,-0.036320336897392,0.01309155059086548,-0.0834637407190613,0.09748750555889323,0.03658913985652225,-0.049012516732788725,-0.0853062002714902,0.0274773333753077,0.10921031290329324,0.024034470093716162,-0.08119657228284037,-0.09353615977039056,-0.03704886544792726,-0.12946151373288078,-0.03533450353864001,0.114465770303565,0.01642996284645318,0.1849480187143618,-0.14365191069953262
Dy,0.05780636179400065,0.09653354736689211,-0.08662494340256739,-0.053320498677808685,-0.06096498695654706,-0.07304345989847558,0.025784636444908353,-0.010592936411653282,-0.011923566655432188,-0.0014492146984137206,0.01849575252383575,-0.06856976991342435,-0.04642219985926702,-0.15575377988974257,-0.0236060486401191,-0.05721788176609012,-0.1396029645766147,0.02798735588225065,0.017478075034096104,-0.06598664719823513,0.048385896388052456,0.0630188396336694,0.1270856530244727,-0.0059828587593984545,-0.018582528524769798,0.1016976695926682,0.0634772080683994,-0.18313658701174118,0.06614126470070902,-0.00537588818703789,0.031757009619658154,0.11674332719591467,0.022802188133509215,0.024845593932468518,-0.005612898241002923,-0.07176489087709155,0.10318620658621325,-0.048967680711016405,0.13602133402380456,0.03568099535278315,0.10888319818296847,-0.05437142544198927,-0.11257260212740228,0.08201895741643662,-0.13879933880362497,-0.06574572511820971,0.021102211221620967,-0.11363645245254868,0.07728353579225364,0.0326555481100956,-0.03307563029448315,-0.06024960970128431,0.032478146401925236,0.0906947782846212,0.02468487482935469,-0.050837373038144215,-0.12036214733383035,-0.02793087237240332,-0.13832013685463732,-0.04993132048283803,0.08943967083655921,0.01848318185205056,0.17794043914595759,-0.15268705702283222
Ho,0.07424589207377684,0.1012370662625941,-0.0790778919463709,-0.057296315286523784,-0.06437557896916321,-0.074544827013612,0.0350655876351206,-0.014730524931732675,0.006321893105224456,-0.0008939924812791975,0.02331417806050999,-0.07627144025545718,-0.06896597973660559,-0.18857966920500585,-0.01926252291734205,-0.06642341523517627,-0.14463644882546436,0.033008728760449385,0.021182409292122346,-0.07058409483580512,0.04412796282156389,0.058341965472006534,0.1394934988337435,-0.012458339414933677,-0.02555266216183441,0.11277912520137204,0.05206236266707086,-0.19321858853131646,0.05807531685089899,-0.003797287631448447,0.022873136299481414,0.11809637464064217,0.01584105054877002,0.014395038896674288,-0.010205961527263134,-0.07074513207274723,0.10783627121862863,-0.04879584038219237,0.1440161605181015,0.03700861164618713,0.11818193248744986,-0.06448460629673829,-0.10323574329355338,0.09843752379126303,-0.1532212379208961,-0.06607481165693689,0.0132819235876504,-0.11619867855200669,0.07685346409943886,0.026930793472612912,-0.051741406254841464,-0.05989269576641635,0.035349106964046,0.08687151567653434,0.013835959900144364,-0.05635924942348004,-0.11862295734267954,-0.01481943311884894,-0.1404052089887336,-0.03337423125018724,0.1025682913263157,0.01559287371241196,0.19619269663673652,-0.15553248130696296
Er,0.07342400671489813,0.10249090999758988,-0.07926566667087093,-0.05687503871605624,-0.06562378668760757,-0.074773875452467,0.03736893963244488,-0.01411891392138993,0.006694061967437131,-0.0013230127332983267,0.02365752227318102,-0.07517919005812583,-0.06941462289785985,-0.18599312191856446,-0.016955920141974116,-0.06458810217441181,-0.146347956993808,0.03225365600555151,0.020960522826904162,-0.07215668509048281,0.04446837274569883,0.05924174410067204,0.1407178829223064,-0.01318379479705527,-0.027743314414609793,0.11468240873980368,0.05124235683218434,-0.19091055233974266,0.05839604479234979,-0.0032185161756558616,0.02361470002153412,0.118491891374389,0.017297189020033632,0.014992841838767455,-0.010034240984042325,-0.07125211979218307,0.10705258995185887,-0.04900168796974368,0.14434934844586883,0.038767145323129915,0.11647561442766854,-0.06370026823935679,-0.10399200296851278,0.10065011091353737,-0.15359307797295094,-0.0672088338408454,0.01330760878821803,-0.11661570617521666,0.07709817201138332,0.025766455448489285,-0.050236491428531385,-0.0598416425389308,0.03557760777645827,0.087905683641831,0.014994053532867702,-0.05576614386743796,-0.11933367037740263,-0.014286729642479724,-0.14149802329489253,-0.033224967248878835,0.10141633048136696,0.013123914860212228,0.19470286982518814,-0.1548490152805593
Tm,0.1167054215038641,0.0929731284497997,-0.08507366199955281,-0.08598595195326458,-0.08801867381967232,-0.06345926184071395,0.06835908548243118,-0.043779050167197416,0.004857302633450295,0.038954893948078065,0.000495293092743609,-0.07744387973239773,-0.0723300967214235,-0.18388569346646086,-0.01845552537236934,-0.024797527178259126,-0.13988427463500955,0.02046139356716765,0.017001927341085857,-0.04980959230876695,0.02374358604548012,0.05261956191407149,0.17100609683695406,-0.03888587768303405,-0.020780690372613254,0.0824942761890925,0.022341068187581792,-0.19919075292940713,0.025095013510545473,0.012070391795231674,0.027162920722882358,0.1541796651609366,0.014511693940805063,0.026138979701716514,-0.034891735929079515,-0.04988913747615852,0.08918305502040227,-0.014526588679215285,0.13893623153472723,0.04254230733838689,0.11079093093840199,-0.03879287036311876,-0.13537438605601815,0.11548488248858794,-0.12563124804295703,-0.05930879301020027,-0.014041433618528642,-0.12232298837691057,0.04668886529638639,-0.026641214522467656,-0.08297982596685397,-0.0590571268579028,0.029469683016821135,0.11262247253141237,0.01438951318469996,-0.06757017668978872,-0.13454951891153472,-0.008038554888416136,-0.1118833116443669,-0.004576417623961313,0.10966161956685194,0.047234364193675764,0.14951736695822795,-0.13725208905508707
Yb,0.09674613327754332,0.11554187558273599,-0.04880438459484186,0.00567278511523483,-0.007909153655388086,-0.10192826743458511,-0.06357985846476794,0.035805931622165686,-0.007040172542066874,-0.04388392839717284,0.03869733287652591,-0.07825576913761072,-0.08407631704323407,-0.17892191840760416,0.01488771119151087,0.03832231927627905,-0.1797741015011524,-0.03607241097747876,0.1040396517746013,-0.02797426737852349,0.0476624376850742,0.06746163086103012,0.14949625411542075,0.0170120185514683,-0.06641732553787251,0.054431413321944185,0.055958756127874223,-0.12505109219365462,0.03398493188817165,0.00794105133364137,-0.043232965658379745,0.0067926190002632345,0.03377177043310108,-0.022635365877336035,0.06935899647765323,-0.05228610683405128,0.1411858106634748,-0.01938365814590834,0.15684103095863766,0.06116189722406571,0.04974905373825802,-0.07043462216602506,-0.14289939052212308,0.031003474844121887,-0.10512661000730238,-0.0029594483757846984,0.05905790350907293,-0.11744195308475856,0.15267222741176412,0.05201522399949839,-0.05609280092784727,-0.06094474833968017,0.08638246102548967,0.1308027612398487,-0.04558714097922434,-0.07508130157685325,-0.0686591572036718,-0.015885100555209048,-0.15704715356640978,0.034993267226380874,0.10814825724822533,0.0072626767034550226,0.1751081583108884,-0.13849336917513824
Lu,0.02511476043410532,0.09446835802998269,-0.13892014112783946,-0.11992816158560766,-0.057197512458995875,-0.06979312472333879,0.09208601693856226,-0.09337710510706142,0.06694433175821954,-0.012195194900073328,-0.05981893739390637,-0.05435481961052375,-0.026553514200972763,-0.20177774544308172,-0.03215459036089221,-0.026763275491140055,-0.1990829319457627,0.09182077724421282,-0.045377267494801796,-0.06891271414632137,0.017383611933847153,0.08745829251740013,0.09962204612687657,0.07328607694834635,0.005848534880325053,0.038994740149190785,-0.0006493183792925984,-0.18382534982659599,0.09435285696958128,-0.06289847651859186,-0.0109259967565002,0.15390651374865805,0.047160622881908996,-0.0003344412145039091,-0.026871509041071114,-0.0645622352511658,0.12682455211540808,0.055305151465451986,0.11750003351308715,-0.05990097534585011,0.04537286925326279,-0.0016499315799559857,-0.144948294905812,0.040928638109057724,-0.14407065632967464,0.004319814655241979,0.04016496265552262,-0.10359110460999774,-0.0704875079003486,0.02778523812848284,-0.014093217397492875,0.05469880199152779,0.051275516012727465,0.1398691659374782,-0.06325506225754778,0.04035637508347943,-0.06949779836752451,0.00784480073789017,-0.0480943834555706,-0.05551808201015083,0.07246829253362806,0.03910176516577169,0.05522016046977746,-0.05175798288522866
Hf,0.12902958100728554,-0.09677911997594961,-0.2308422728078518,0.011941139827563622,-0.05552090530170596,0.027756118288655183,0.16954668234403164,-0.1930461235598435,0.04843289981838689,0.0642292387237363,-0.03544252611236419,-0.0675321309521852,-0.03763869658443192,-0.01601635714117355,-0.11165747009845098,-0.08298120256078786,0.006096300199787083,0.02340010621249717,-0.014273071947893934,-0.04319482661543031,-0.05185691981135879,-0.006989567912756148,0.04548435629233842,0.06256040862753702,0.0644500534883363,0.13573857363184472,0.03458840122794575,-0.1487650804358606,0.014957910490619277,-0.014980629619436905,0.0841304350297567,0.09587260977043831,-0.10838338118018019,0.06753324692141958,-0.11662623587914088,-0.0011706726466266274,0.10421983868203384,0.03389304513209827,-0.017619519469565418,-0.01006928684815289,0.09978914248520028,0.017691470281120475,-0.13865117848403166,0.064158482574671,-0.016691317919513705,-0.041831930117748085,0.07883867896336746,-0.04373393761616611,-0.06663147895434945,-0.08725891189432168,0.08725069945700277,0.09776306092009228,0.04825546716381638,0.130394771222959,0.016673193577731962,-0.01946742615197812,-0.13780770501234715,0.02685966114699605,-0.08011840262601741,-0.04409847835364623,0.07509494779460511,0.03203003109688072,0.038640343930028534,0.023744969557233264
Ta,0.11041215805060019,-0.11551414311515534,-0.20498995668870348,-0.035024916493183775,0.011819781851310458,-0.0290825844866396,0.1530618071314565,-0.1826639938340376,-0.0010978375914126057,0.028931385124282408,-0.037895772780968486,-0.033870411628030374,-0.025296443090654538,0.00851797868729058,-0.13701167053751576,-0.04264176872618258,0.007480523314457248,0.029834072722526382,-0.0006646603081679643,-0.07574037725810434,-0.004707738562249871,-0.039951317121343206,-0.034034391566426264,0.06640493625552835,0.14211855352095829,0.12726469640063676,-0.01754845117626941,-0.1075293395606407,0.014237782058346407,0.032067527261553826,0.044128053084870965,0.041916454406791925,-0.09037838702030188,0.05743058499520256,-0.041998959951516014,-0.05981840577894631,0.08671799920702643,0.0468887720561995,0.02166104794490438,0.0006992693682332979,0.11090551989197704,0.008174208664061591,-0.09012241437687352,0.06208642016331019,0.06263256412526334,-0.06624932349453827,0.11937959997020504,-0.03764440449389603,-0.08466563242201905,-0.08764006885101691,0.12936055200316715,0.0735903408699986,0.05494002839105648,0.08402339776872969,0.025379857845024646,-0.07131208786010577,-0.13587765913382532,0.0168390595132703,-0.03446407217995243,-0.08110819689744772,0.04506654164283332,0.09207139169411421,-0.010600712953752187,0.052789174215689585
W,-0.05090361351270598,-0.04161390519704446,-0.052122802766002514,-0.013359761467844565,0.030286124932251704,0.02059578778799043,0.10241432418010904,-0.16309196711785165,0.02679410070440395,0.10193896273064618,-0.11329874041829761,0.022983623361029694,0.035347039188366694,0.06920028656878893,-0.1383050926636869,0.03195392540684102,0.01022443146742286,0.04229437618114624,-0.00874214387281386,0.001059144899069362,0.029296104421681006,-0.04696242815978657,-0.00257019809192177,-0.0037064921356724186,0.09507064488071706,0.00874719747170758,-0.001692723471906536,-0.018560975822808277,-0.09568118336757928,0.021854918158836313,0.031694865969107415,-0.028622745947123336,0.0368685057902466,0.03648227949831378,0.005440841905339952,0.003996648935247502,0.05624330583085051,0.08545259046469349,-0.0679637688963155,0.05318115598809607,0.06697011343227677,0.11685068204545962,-0.2220719781706183,0.04877076539057194,0.09432529944657876,-0.06762508533371767,0.12629905106493067,-0.013692674874037958,-0.11417411175263198,-0.07776337677603327,0.14944439130777545,0.026604487389139293,0.0276113572026927,0.09850847618077543,0.03858951535324937,-0.12079613552993139,-0.06545418247305859,0.008400819442285276,-0.02845060481997601,-0.17560936283307005,0.032430068513151146,0.13561398242807346,-0.10654307988855075,0.028528322135848425
Re,-0.005438796046291994,-0.03725552037282322,-0.042896385513177045,0.0459754723272328,0.033375209429869816,0.09003483115103228,0.1011530451269172,-0.1609460822788821,0.010777590563477941,0.06894049607964767,-0.12216637960026352,0.03299041370109164,0.04550286918657712,-0.0129817942638473,-0.09840595005034598,0.08468987495397541,-0.00794445019006781,0.06549078443600134,-0.0027679009318186884,-0.06854734870996887,-0.03228885393041603,-0.07179733246805203,0.019658565797863296,0.06368909298949416,0.08718298151152276,-0.022999069912780563,-0.025639569459829606,-0.03861800231643399,-0.11332824271748587,-0.03367001280171884,-0.01613442293367047,0.011726463676502936,0.0043115152331769544,0.032745434651751615,0.029424835321933157,0.005329335751706017,0.08105922531440976,0.10401740122749266,-0.09421429848424384,0.02665162864178223,0.0708191007717835,0.04589485815983393,-0.2171921013370394,0.06224014095574218,0.19977008545071245,-0.08576926666101155,0.07602788782163014,0.03821931893784677,-0.10573172770736668,-0.1297829413681396,0.1346855858432432,0.042260336584737476,0.004535800605427818,-0.0035519742155659282,-0.015946645933580972,-0.178907268927737,-0.001089299989368801,-0.016039370261811323,0.007342413322492197,-0.12884467202499184,0.05664849969587238,0.19206483791192785,-0.1488379145665615,0.04958640118853609
Os,-0.017790115498033485,-0.14294770599218062,-0.004090598523831011,-0.0068724540491163,0.023940951462406695,0.1345377847113444,0.015382389256544978,-0.12544119018184324,0.05875608663253603,0.07952524629070538,-0.003169165046643321,-0.04123535086571109,-0.10275740764619821,0.009626603596188887,-0.07712183156078067,0.13532693262907364,0.016177722791866165,0.03086103214021304,0.07741869905674441,-0.08293761758829199,-0.027509907980790754,-0.15707307960795577,0.015850456630855093,0.0755249494175585,0.00491063535772857,-0.08125683655854259,-0.01876219040403174,0.09653599388980959,-0.14047217862080003,-0.005950956100635326,-0.046501245297128416,-0.17753231253629606,0.038346279601936574,-0.04346695201563407,-0.040924980188058374,0.009192074207964387,0.08281738464060229,0.012134530295011615,-0.08889284584848785,0.022222025942344445,0.00820140187575636,0.10224830758067671,-0.10913381466887043,0.053603347001331264,0.18509966470578615,0.0028642498749366667,0.06276269349539482,0.03098198119069476,-0.04419869615121938,-0.0570035803372913,0.18086279957656068,-0.004025617564963186,0.051840579423204566,0.03641136353775854,0.0391883348766683,-0.19457729727475662,-0.0007475892450337176,-0.008053227812055046,0.029770098883564668,-0.10740349307936957,0.06044870902966737,0.12489171308952901,-0.1803881991219704,0.17260456672201396
Ir,-0.0784276557623838,-0.1370116067496176,-0.006467663252025553,0.05938576446163054,0.04231251334339923,0.14253964452069898,0.021160223051166792,-0.11244077964079217,0.08192836630998042,0.08784988190066381,0.022004370390243642,-0.008124144975577485,-0.08965056139587359,0.08632350453003916,-0.05915670984909559,0.13043151159981195,-0.04111653446488009,0.008692530239384459,0.09227036799268767,-0.08179189685264432,0.02890874980611433,-0.1763189350681381,0.034265300587972426,0.09132439310604328,0.031930974292543934,-0.09300445759853512,-0.04638979196123481,0.15122188408798976,-0.1175608285145854,0.0502925051838159,-0.003936654479289872,-0.1556685977426159,0.03551918705331395,-0.041838850794690206,-0.0536507048071493,0.02657740647136944,0.047199900891807735,0.019911476484921364,-0.0931371477883383,-0.019543988185832327,-0.016464010088148493,0.06882981574406535,-0.11366557728456037,0.005320146331579786,0.16862587747447302,-0.009047441335839915,0.06291196490861525,0.07354300688728573,-0.07760400022715372,-0.06128728543466764,0.15526941163964875,0.01726220021100454,0.012211673401197687,0.048136995696333555,0.03405412541328162,-0.16009177299114608,0.04747381511410318,-0.04101931852517783,0.08043264446820424,-0.11349659190053828,0.0813723627986358,0.13873974276016515,-0.17314293333780448,0.172246826562382
Pt,-0.06339575466056233,-0.11706036172684203,-0.025989161825814403,0.10636452159404852,0.010410272104646137,0.10082735782031581,0.02137837234692726,-0.0020814872177257436,0.048762482197888035,0.11664766064696049,-0.011871681836556569,-0.006123911762223474,-0.059793910346138186,0.14793717955081512,-0.12616058432801394,0.0757190942287437,-0.09430626640998105,0.00667732090812687,0.06528596356827059,-0.14003344609141913,-0.016462333900420026,-0.18402450334604972,-0.07034535455113584,0.1485427028476484,-0.051554119670126686,-0.11145694371332665,-0.0010861355942400057,0.17294180150897268,-0.1285414140396894,-0.006746297423010994,-0.05282793424536864,-0.22651460805647566,0.06631239306960902,-0.04487253340797861,-0.03046929749501171,0.016092626145241803,0.06833763495846912,0.00953228882454472,-0.11811144535103704,-0.021276816971257315,-0.06215248201223988,0.07561058936323412,-0.015145310339771534,-0.03374580235815856,0.1460359536968929,0.050951733533607754,0.09357856467777015,0.04527284201203131,-0.08537290038005467,-0.04536211964808075,0.12960012606706872,-0.013707354657581475,0.02554146150955112,0.030489489490326746,0.06565856825886472,-0.16224754574107542,0.09318723032256088,-0.018808211373703178,0.06880424133011175,-0.13637935064509427,0.04591497482783933,0.07806649192312894,-0.13985049602378913,0.1762182222868536
Au,-0.12091688353874024,0.006804753306067764,0.03988024781547689,0.17603391570786206,0.038768592083237144,0.17487233478731753,-0.11597598338629238,0.05305239883889412,-0.004463198659965138,0.04383020000205491,0.014403620784966414,-0.0018892112438458116,-0.02762272988538412,0.1808202923826081,-0.16021781722666395,0.09741284744885263,-0.027766978847203586,-0.06835069575749601,0.10042282713991608,-0.12154653059417735,0.09569593782620398,-0.15991731065520093,-0.07437271213139748,0.1276026703624652,-0.07920920902447823,-0.13295034844230724,-0.016810420646299125,0.20784871955531897,-0.06315850422813485,0.07184010741316359,-0.12108996963994705,-0.24565146713534994,0.10931084470378803,-0.08754626586743261,0.06418090823209542,0.10974367960783003,0.08545657465232873,0.0031210504618831695,-0.031244356933882018,-0.04675378956985149,-0.07172958497231242,0.1310695142120453,0.022117547244288726,-0.12184396213443206,0.09802032099084912,0.14676689638606905,0.02256063330581962,0.09005315227321488,-0.0016136169974314525,0.08222760758893903,0.03124630733540802,0.042069134014361145,-0.0275384865246518,0.018542426246067705,0.006914517562035471,-0.13113674078828472,0.08535799773795703,-0.04050245821196495,-0.01414348241107958,-0.07868093063657947,0.034200049240601146,0.012624063192938897,-0.0963895133775392,0.23045907057453296
Hg,-0.13561035882375883,0.07852651272353407,0.0976516456930326,0.12106003647819075,0.037146453525899195,0.02032786380516721,-0.04994254941870658,-0.05815243659188807,0.18006744867137112,0.007169704302278084,-0.14183562080698014,0.11487068928139708,-0.02694850572789929,0.11121873591669232,-0.15065251938503982,-0.03951456047699046,-0.10838299005308984,-0.1314833476812655,0.04192653394543726,-0.006092524152731954,0.03712689045139655,-0.08610737344339474,-0.16518945947835809,0.04865277722890306,-0.11002602080846417,-0.05103534290097537,-0.0512779024907025,0.14627848029034118,0.08824221416931292,0.048456365535114405,0.013612766184658492,-0.019551962693881104,0.025797695298501185,-0.04530273771220039,0.0491444973559585,0.0979534867066306,-0.020425389607776078,0.00015964590069302123,-0.13722744437270976,-0.0413476583229709,-0.1497454464284143,0.14115695708161735,0.06854531915644148,-0.09414805690947405,0.02817538143430312,0.24162199924305336,-0.013430904728168757,0.08808499644014094,-0.06923820547850458,0.15464657820284747,-0.08580998933563015,0.07813763250113501,-0.009317150288206531,0.03277936631798133,-0.07728032845303545,-0.09641639917459047,0.11053424015682986,-0.018086093234433723,0.008243089461763662,0.09710683046950394,0.019486093419771477,-0.04346756101197138,-0.002757739366465393,0.11841754886973663
Tl,-0.00016071580655884307,0.08979796430329141,-0.05443967499759601,-0.0012242382057642582,0.030948841097248474,-0.09241449558502769,-0.028728072409231642,0.02425253375155741,0.01728148246574623,-0.06121352016994682,-0.022695272651998638,0.05018860538823017,-0.03164082990880633,0.008324579930767005,-0.06914380391607093,-0.12873683229243707,-0.05829537717565348,-0.06485786427572186,-0.08613642903763434,-0.037569575440048554,-0.056698560319188955,-0.1131841576050176,-0.07051588275901428,0.061711599932760576,0.04924582234108766,-0.01364452437309795,0.06536222203536511,0.022519829843428388,0.09194306702917691,0.03075924920763373,0.14821274813430868,0.07684221272319462,0.056073981396387924,-0.02285101688980469,-0.01009775543534489,0.06450370022845224,-0.07662267833839834,0.04235122586931898,-0.10532001310482737,-0.06645788020188886,-0.04961473811438896,0.007693053650245333,-0.04889374845713136,0.006577668068075425,-0.060934015527334635,0.15717693114008527,0.13308015657303177,0.09282421790093057,-0.10984435095770348,0.1251046035201737,-0.16234972910521506,0.03856129632274014,-0.042742787960523734,0.1285049848315091,-0.05630920693884864,0.04743878382743043,-0.0984994463969633,-0.03798151419278497,0.012408096508877708,-0.00010628948656576499,0.024198504749484134,-0.2054210730020257,-0.008228029030061153,0.0701571891984823
Pb,0.04929562016569574,-0.027055240970929317,-0.16158790875883902,0.03401693995086226,0.03906833133256329,0.009909368717763375,-0.06221061971156782,-0.06140682182243656,0.008754785622789743,-0.09824754731486726,0.02580492579937043,0.009597173008269858,-0.025060953712320297,0.08423935484006034,-0.07195215598117707,-0.10377940610862148,0.026098128244291082,-0.06334211502955696,-0.08055522284017853,-0.05139008682663499,-0.09397862982126154,-0.0845549825465681,-0.10737021266128081,0.09270168903230343,0.09899814244769294,0.036008378298632654,0.12129906609787615,0.11482317001781733,0.18794816172619846,-0.04203128357435828,0.1110738381957819,-0.060087201728554585,0.022179384452692085,0.04706683603910574,-0.006493290370086817,-0.016146408879583737,-0.017116086545004596,-0.05024960913307497,-0.08833207321051834,-0.018194926133519248,0.0008616130060958613,0.021299336317757635,-0.01245017761182483,0.07287415229992655,-0.008897046052777484,0.10412474761199783,0.12087355370197637,0.1338736782249966,-0.04238976560569379,0.12732063155188436,-0.06200987415411146,0.0028970660219318424,-0.07522134350157719,0.12486633996320581,0.011929199323990992,0.044910995137185,-0.042055462840497854,-0.018640528023095907,0.011869637514359785,-0.025732122181553387,0.029989171389726187,-0.1666004046146544,0.0515914646988171,0.018434384016241454
Bi,-0.020321699458580447,-0.025720783744425824,-0.0921396634450873,0.015514795106778254,0.08083909028815293,0.01383710236314556,-0.06494320693384134,-0.02023935008930173,0.012374960046615152,-0.0674547705390747,0.0937475682819744,0.0014995810714574637,-0.03769972632796339,0.14083335298843894,-0.1025490804467152,-0.09604987483592842,0.0059665442009546425,-0.06996510706960973,-0.06985960758467613,-0.05418785697973031,-0.09340403481837298,-0.11742888804049678,-0.16710223590344825,0.10043332629373589,0.15060996529513068,0.03483264951371305,0.09318317494717554,0.11253562094768807,0.17037186068408186,-0.04673391638502069,0.10284163904164353,-0.1193700385512767,0.030410002138680097,0.013269189114108302,-0.028342202781416612,-0.025498188701371292,-0.078864565402752,-0.08932615913896344,-0.0763927425803835,-0.04960953111542534,0.06369805089363716,-0.012197602822914511,0.0429722966380853,0.06826511613953233,0.0056583878863106325,0.15821415027063537,0.14639210582434833,0.10802140523633873,-0.054223433301285436,0.07879274078627364,0.013795955404465364,0.012543114676241068,-0.07967481426837787,0.10930738537337197,0.05632707356832808,-0.03828355822523178,-0.03768876334805278,0.006100415184305713,0.0030655398605173583,-0.033159755949868266,-0.06193155648239607,-0.12049691513547063,0.06753050868941947,0.01606612580280332
Po,0.0,0.0,0.0,0.0,0.0,0.0,0.0,0.0,0.0,0.0,0.0,0.0,0.0,0.0,0.0,0.0,0.0,0.0,0.0,0.0,0.0,0.0,0.0,0.0,0.0,0.0,0.0,0.0,0.0,0.0,0.0,0.0,0.0,0.0,0.0,0.0,0.0,0.0,0.0,0.0,0.0,0.0,0.0,0.0,0.0,0.0,0.0,0.0,0.0,0.0,0.0,0.0,0.0,0.0,0.0,0.0,0.0,0.0,0.0,0.0,0.0,0.0,0.0,0.0
At,0.0,0.0,0.0,0.0,0.0,0.0,0.0,0.0,0.0,0.0,0.0,0.0,0.0,0.0,0.0,0.0,0.0,0.0,0.0,0.0,0.0,0.0,0.0,0.0,0.0,0.0,0.0,0.0,0.0,0.0,0.0,0.0,0.0,0.0,0.0,0.0,0.0,0.0,0.0,0.0,0.0,0.0,0.0,0.0,0.0,0.0,0.0,0.0,0.0,0.0,0.0,0.0,0.0,0.0,0.0,0.0,0.0,0.0,0.0,0.0,0.0,0.0,0.0,0.0
Rn,0.0,0.0,0.0,0.0,0.0,0.0,0.0,0.0,0.0,0.0,0.0,0.0,0.0,0.0,0.0,0.0,0.0,0.0,0.0,0.0,0.0,0.0,0.0,0.0,0.0,0.0,0.0,0.0,0.0,0.0,0.0,0.0,0.0,0.0,0.0,0.0,0.0,0.0,0.0,0.0,0.0,0.0,0.0,0.0,0.0,0.0,0.0,0.0,0.0,0.0,0.0,0.0,0.0,0.0,0.0,0.0,0.0,0.0,0.0,0.0,0.0,0.0,0.0,0.0
Fr,0.0,0.0,0.0,0.0,0.0,0.0,0.0,0.0,0.0,0.0,0.0,0.0,0.0,0.0,0.0,0.0,0.0,0.0,0.0,0.0,0.0,0.0,0.0,0.0,0.0,0.0,0.0,0.0,0.0,0.0,0.0,0.0,0.0,0.0,0.0,0.0,0.0,0.0,0.0,0.0,0.0,0.0,0.0,0.0,0.0,0.0,0.0,0.0,0.0,0.0,0.0,0.0,0.0,0.0,0.0,0.0,0.0,0.0,0.0,0.0,0.0,0.0,0.0,0.0
Ra,0.0,0.0,0.0,0.0,0.0,0.0,0.0,0.0,0.0,0.0,0.0,0.0,0.0,0.0,0.0,0.0,0.0,0.0,0.0,0.0,0.0,0.0,0.0,0.0,0.0,0.0,0.0,0.0,0.0,0.0,0.0,0.0,0.0,0.0,0.0,0.0,0.0,0.0,0.0,0.0,0.0,0.0,0.0,0.0,0.0,0.0,0.0,0.0,0.0,0.0,0.0,0.0,0.0,0.0,0.0,0.0,0.0,0.0,0.0,0.0,0.0,0.0,0.0,0.0
Ac,0.010196705728580141,0.022084250426731955,-0.0797896373238953,0.014836870346261093,-0.05588462133728676,-0.028570445654074163,-0.12269225976020381,-0.004739238051272146,0.011238910315596127,-0.12032816106793787,0.09612891922331271,-0.08753886267431447,0.008510000181175745,-0.11456429977583565,0.010581933909724239,-0.052470712870547206,-0.12992816152492118,-0.0135622319501042,-0.005287347590493682,-0.13623989035058343,0.11389044461975088,0.05002126831575063,0.10358360635592449,0.017608116576418,0.006096249214737621,0.08390503044714782,0.06971659741907484,-0.14008138140754753,0.10523010560586288,-0.0031705926714253574,-0.0026544268925321676,-0.014977984801158228,-0.014664570226221089,-0.004310223692578317,0.028066902599318395,-0.16435597344257757,0.04515152600379297,-0.09446916092130746,0.20589587972523973,0.02826991176456835,0.08946819438302728,-0.06742850752788312,-0.0710911233705407,-0.011697256632416138,-0.11641628630068418,-0.12269488393828241,0.027317327525790597,-0.10083413127400044,0.1528104116367101,0.12367152203908507,0.03414059264585956,-0.08933005850128012,-0.04757161746580209,0.07448604620456754,0.007480029811026381,-0.04380703150052612,-0.017676247363331524,-0.06968617097301212,-0.16150872902862964,-0.12316729407642281,0.10844505674350248,0.015069292575778452,0.14374725597419247,-0.1181529476408896
Th,0.059782678089947354,0.060800022136055405,-0.04637108152440507,0.0038770909508952923,-0.10869883853313711,-0.03392883201223343,0.023353648415483375,-0.032262760998365024,0.010942743522305105,-0.02032740159479075,0.08806697540033649,-0.0662629367176996,-0.03900348729380044,-0.16750650684431015,-0.0075994351204530936,-0.055946590865964554,-0.1000555598293439,0.011536233734670442,0.02769114626949659,-0.102285250276039,0.0830651642603879,0.015064001600412472,0.1618113293674224,-0.025595353932706105,0.00679790684183143,0.13014642476840024,0.019460967244559584,-0.17098762621515146,0.003893263830385893,0.03244248563462061,0.020745410196271016,0.04968913170243256,-0.038373621825831136,-0.023301844890863562,-0.003495552369626441,-0.11372910658557073,0.07565286623848097,-0.0929567145106792,0.18551160685545298,0.058340583701884524,0.17480646220209034,-0.06885352264407793,-0.14625883222817668,0.11438216019798597,-0.1384584041549995,-0.1054587448635157,0.026588000033950607,-0.12996948043788445,0.11280661713064583,0.008994281452821563,-0.03136880540842187,-0.11077576359687678,-0.014849418038241734,0.05638473324842025,0.014029792831552836,-0.1092063952430232,-0.09360932514112744,-0.011820716806595664,-0.12637908147427737,-0.08503381178527455,0.09999442638460655,0.06262177402877414,0.1956245281030297,-0.1085352109459932
Pa,0.0684608991293126,0.025540182997397503,-0.059875377071862995,-0.00040224297061775547,-0.11328543560308124,-0.040340868917975906,0.03735743148918955,-0.019331098202142852,-0.004986525124603567,-0.008665213913251594,0.07309821090842755,-0.07594968708341468,-0.040085631580270974,-0.13648441750529036,-0.006637841299816942,-0.041462792463326674,-0.0687138956633224,0.010982063189825322,0.03089174999476679,-0.08356390045740406,0.06395440157327638,0.044810466097245774,0.13250530346319236,-0.03208214104052265,0.0022363910522980647,0.11428153268654064,0.005682048285684762,-0.1947243253126292,-0.02633748417335575,0.031264116669423025,0.011547701000811586,0.04660211417283575,-0.04111161960887978,-0.035540744736255084,-0.015780610507875468,-0.10780693046939269,0.049022226604795084,-0.070207483626186,0.17893226577397953,0.05625896953220364,0.163160131210951,-0.05835587086966186,-0.12946486083930658,0.10768010006512704,-0.11118727817641738,-0.10520973556733086,-0.0033372524796604717,-0.133837336278915,0.07302916921541046,-0.031106694062162862,-0.020745203639590058,-0.07984074505522663,-0.009933834045962188,0.041005176212822146,0.0018385750901536383,-0.07878758005762546,-0.07202907677600988,0.003991586014098187,-0.10829753428484704,-0.0654282368736457,0.09372782632280946,0.06956387971861228,0.12817315010831887,-0.06804684459021368
U,0.07499140682594081,0.04453679961578457,-0.032440566088254096,0.026500242907433073,-0.10281295553857044,-0.052032216450310274,0.018199809355266643,-0.10385206814968549,0.0133189867817803,0.007226183814760886,0.024731837681001057,-0.036287274425578,0.012947943659507317,-0.17301514591433234,0.0018036865643387308,-0.017367638916193025,-0.07515227837424808,0.004528984697106188,0.013738931649237174,-0.06562584571528218,0.09943952277614872,-0.031473526125331455,0.15947793454611828,-0.07341155811001066,0.02510908521892314,0.1360514721793854,-0.03073051302362936,-0.1386630843785495,-0.04572945756502436,0.0447146646582971,0.03519981623030012,0.038457412026714544,-0.07255790405770281,-0.05162153487182249,0.03506724613523022,-0.07891953140841139,0.062296489602774216,-0.016930884661521584,0.1647369575132713,0.07804531648850917,0.17194822453132413,-0.05276856130388476,-0.18707093156693724,0.09357803209335158,-0.09329196505913569,-0.10142043396805055,0.0858353893936227,-0.09042207701134815,0.08563087643706174,-0.015059279933540658,-0.07926392749327708,-0.1258426875210483,-0.040759322242845,0.109767450777405,-0.005688367087811312,-0.14203370292866105,-0.12425916934905412,-0.028164887695927857,-0.12077883933464881,-0.1060595026521336,0.11839345684558697,0.065892625272599,0.1209896383290734,-0.08930075421456479
Np,0.054755319183364855,0.06250715886574058,-0.03994733835269237,0.003815477409525242,-0.11306356988107887,-0.04208869471259368,0.02111948635961342,0.005816496203520463,-0.015232423366170665,-0.02820462788504569,0.08948981504808518,-0.08896363232170958,-0.04400446005256492,-0.1454029579273991,0.009228367986856365,-0.06286402662503861,-0.08090678640748931,0.014311430386170953,0.02280246832461001,-0.08346453602341242,0.07892109616083709,0.056424594296299924,0.15351366222509685,-0.029592238949272702,-0.004287670632922371,0.12412361862048173,0.013655341977006723,-0.19228100769981787,0.007761075273877689,0.02093986680726453,0.004199345922611444,0.050459689792711315,-0.02932173435776228,-0.025650376555659736,-0.004753680957935788,-0.118206035282686,0.052934287694825805,-0.10571450654543102,0.18546064490445277,0.05093628349933222,0.17714758768121752,-0.0871261166023461,-0.11441670575458139,0.11973720130140372,-0.1490912610230466,-0.0995072149934487,-0.01107646424354894,-0.14166030360314516,0.11494980091313506,-0.005898005350283033,-0.022133934787432575,-0.09233693567582354,-0.013261259599943325,0.024529868704958734,0.008721947619652058,-0.08356905168194034,-0.07399607348335956,-0.0005528146629895392,-0.1212905204441566,-0.0672937910363651,0.09011523466334456,0.05011009270524008,0.18881205021278727,-0.11111589362324377
Pu,0.07930353223699245,0.05446761890975159,-0.03798366904379806,0.0021904540412799422,-0.13048990654825465,-0.03926254654370679,0.041948845787719756,-0.02398308275076099,-0.023059945317350228,-0.007627009061510828,0.07072786081961552,-0.08705956870934291,-0.021886265017924456,-0.16384502886116728,0.0037816855786481566,-0.03978819908186304,-0.08288005006781174,0.019676512481076644,0.029838350767282792,-0.07341313336674866,0.08818263562050106,0.0655668678212975,0.18161402990225953,-0.04814269555797713,-0.003769073366132592,0.12510299222683935,-0.008730019266236878,-0.2205868458795091,-0.030804590627767952,0.02907026223004535,-0.00124196495593617,0.06337343056656544,-0.03574999010661443,-0.027270694174837802,-0.006145811041648267,-0.10296631049292457,0.07006368354153843,-0.08377869359743934,0.20401765223111074,0.0820042195944569,0.18501636457233944,-0.07799003059311287,-0.1510763496748842,0.1151040132044427,-0.1302056925469986,-0.12847254543375813,-0.017689676466727627,-0.15426128624309385,0.1120272265766886,-0.03383590808914846,-0.020518207564146938,-0.10435072637869443,0.004976307883054712,0.029359345812695357,0.007733004414085565,-0.0951249452058219,-0.08218938567883666,-0.004831700170216994,-0.12003788956494882,-0.07791252266145639,0.09855632727004554,0.08693292674612739,0.16955773431552484,-0.10459980419123445
Am,0.0,0.0,0.0,0.0,0.0,0.0,0.0,0.0,0.0,0.0,0.0,0.0,0.0,0.0,0.0,0.0,0.0,0.0,0.0,0.0,0.0,0.0,0.0,0.0,0.0,0.0,0.0,0.0,0.0,0.0,0.0,0.0,0.0,0.0,0.0,0.0,0.0,0.0,0.0,0.0,0.0,0.0,0.0,0.0,0.0,0.0,0.0,0.0,0.0,0.0,0.0,0.0,0.0,0.0,0.0,0.0,0.0,0.0,0.0,0.0,0.0,0.0,0.0,0.0
Cm,0.0,0.0,0.0,0.0,0.0,0.0,0.0,0.0,0.0,0.0,0.0,0.0,0.0,0.0,0.0,0.0,0.0,0.0,0.0,0.0,0.0,0.0,0.0,0.0,0.0,0.0,0.0,0.0,0.0,0.0,0.0,0.0,0.0,0.0,0.0,0.0,0.0,0.0,0.0,0.0,0.0,0.0,0.0,0.0,0.0,0.0,0.0,0.0,0.0,0.0,0.0,0.0,0.0,0.0,0.0,0.0,0.0,0.0,0.0,0.0,0.0,0.0,0.0,0.0
Bk,0.0,0.0,0.0,0.0,0.0,0.0,0.0,0.0,0.0,0.0,0.0,0.0,0.0,0.0,0.0,0.0,0.0,0.0,0.0,0.0,0.0,0.0,0.0,0.0,0.0,0.0,0.0,0.0,0.0,0.0,0.0,0.0,0.0,0.0,0.0,0.0,0.0,0.0,0.0,0.0,0.0,0.0,0.0,0.0,0.0,0.0,0.0,0.0,0.0,0.0,0.0,0.0,0.0,0.0,0.0,0.0,0.0,0.0,0.0,0.0,0.0,0.0,0.0,0.0
Cf,0.0,0.0,0.0,0.0,0.0,0.0,0.0,0.0,0.0,0.0,0.0,0.0,0.0,0.0,0.0,0.0,0.0,0.0,0.0,0.0,0.0,0.0,0.0,0.0,0.0,0.0,0.0,0.0,0.0,0.0,0.0,0.0,0.0,0.0,0.0,0.0,0.0,0.0,0.0,0.0,0.0,0.0,0.0,0.0,0.0,0.0,0.0,0.0,0.0,0.0,0.0,0.0,0.0,0.0,0.0,0.0,0.0,0.0,0.0,0.0,0.0,0.0,0.0,0.0
Es,0.0,0.0,0.0,0.0,0.0,0.0,0.0,0.0,0.0,0.0,0.0,0.0,0.0,0.0,0.0,0.0,0.0,0.0,0.0,0.0,0.0,0.0,0.0,0.0,0.0,0.0,0.0,0.0,0.0,0.0,0.0,0.0,0.0,0.0,0.0,0.0,0.0,0.0,0.0,0.0,0.0,0.0,0.0,0.0,0.0,0.0,0.0,0.0,0.0,0.0,0.0,0.0,0.0,0.0,0.0,0.0,0.0,0.0,0.0,0.0,0.0,0.0,0.0,0.0
Fm,0.0,0.0,0.0,0.0,0.0,0.0,0.0,0.0,0.0,0.0,0.0,0.0,0.0,0.0,0.0,0.0,0.0,0.0,0.0,0.0,0.0,0.0,0.0,0.0,0.0,0.0,0.0,0.0,0.0,0.0,0.0,0.0,0.0,0.0,0.0,0.0,0.0,0.0,0.0,0.0,0.0,0.0,0.0,0.0,0.0,0.0,0.0,0.0,0.0,0.0,0.0,0.0,0.0,0.0,0.0,0.0,0.0,0.0,0.0,0.0,0.0,0.0,0.0,0.0
Md,0.0,0.0,0.0,0.0,0.0,0.0,0.0,0.0,0.0,0.0,0.0,0.0,0.0,0.0,0.0,0.0,0.0,0.0,0.0,0.0,0.0,0.0,0.0,0.0,0.0,0.0,0.0,0.0,0.0,0.0,0.0,0.0,0.0,0.0,0.0,0.0,0.0,0.0,0.0,0.0,0.0,0.0,0.0,0.0,0.0,0.0,0.0,0.0,0.0,0.0,0.0,0.0,0.0,0.0,0.0,0.0,0.0,0.0,0.0,0.0,0.0,0.0,0.0,0.0
No,0.0,0.0,0.0,0.0,0.0,0.0,0.0,0.0,0.0,0.0,0.0,0.0,0.0,0.0,0.0,0.0,0.0,0.0,0.0,0.0,0.0,0.0,0.0,0.0,0.0,0.0,0.0,0.0,0.0,0.0,0.0,0.0,0.0,0.0,0.0,0.0,0.0,0.0,0.0,0.0,0.0,0.0,0.0,0.0,0.0,0.0,0.0,0.0,0.0,0.0,0.0,0.0,0.0,0.0,0.0,0.0,0.0,0.0,0.0,0.0,0.0,0.0,0.0,0.0
Lr,0.0,0.0,0.0,0.0,0.0,0.0,0.0,0.0,0.0,0.0,0.0,0.0,0.0,0.0,0.0,0.0,0.0,0.0,0.0,0.0,0.0,0.0,0.0,0.0,0.0,0.0,0.0,0.0,0.0,0.0,0.0,0.0,0.0,0.0,0.0,0.0,0.0,0.0,0.0,0.0,0.0,0.0,0.0,0.0,0.0,0.0,0.0,0.0,0.0,0.0,0.0,0.0,0.0,0.0,0.0,0.0,0.0,0.0,0.0,0.0,0.0,0.0,0.0,0.0
