element,0,1,2,3,4,5,6,7,8,9,10,11,12,13,14,15,16,17,18,19,20,21,22,23,24,25,26,27,28,29,30,31,32,33,34,35,36,37,38,39,40,41,42,43,44,45,46,47,48,49,50,51,52,53,54,55,56,57,58,59,60,61,62,63
H,-0.10248233088702045,-0.14648157244814664,-0.0323530934930075,0.1172007935448153,0.10551440894392047,0.10511242810008964,-0.24519436256493776,-0.10062215478529149,0.06891055065762179,0.10518324535438148,-0.05496929289046058,-0.09214958440654657,-0.08790962586146842,-0.1300586879193745,0.05361940617071224,0.06341505429630226,-0.12414894647469711,0.08122443673250679,0.06558136482945491,-0.10446446340590633,-0.07844049924609706,0.07198989904766435,-0.03754106696994212,-0.02516559318556709,-0.02816015794164607,-0.032007561312988396,-0.014311688626868158,-0.012298628216074517,-0.012434709723353008,0.056565459074094444,0.13237133082250702,0.263047610835264,0.06276803437597846,-0.032498236710689236,-0.023286270552607038,-0.19699288795516995,0.13977586820810622,-0.08202168308056373,-0.10577133930938222,-0.0969088519581891,-0.10823145366583338,0.1428195145994092,-0.011896227856885065,0.038040950996502294,-0.08028301029197321,0.05349414847965191,-0.23668540688702308,0.0750351427537227,0.021561416377460403,0.03179367461690294,0.09934242674982317,0.10925059012220889,0.2111404676482697,-0.16156341646810007,-0.1671803121001283,0.01854326983686073,0.12343662257273103,0.21493648386097047,0.19797346471334323,-0.10763751397113369,0.1923168550432104,0.026197957507495862,-0.08257221839548068,-0.13226797682126093
He,0.0,0.0,0.0,0.0,0.0,0.0,0.0,0.0,0.0,0.0,0.0,0.0,0.0,0.0,0.0,0.0,0.0,0.0,0.0,0.0,0.0,0.0,0.0,0.0,0.0,0.0,0.0,0.0,0.0,0.0,0.0,0.0,0.0,0.0,0.0,0.0,0.0,0.0,0.0,0.0,0.0,0.0,0.0,0.0,0.0,0.0,0.0,0.0,0.0,0.0,0.0,0.0,0.0,0.0,0.0,0.0,0.0,0.0,0.0,0.0,0.0,0.0,0.0,0.0
Li,-0.121895447436058,-0.1798017955277934,-0.07526446996853965,-0.06794072211232129,-0.03551598476866569,-0.05220928602526268,-0.16862780266654767,-0.021685209772478953,-0.07165076803990388,0.16152556527119244,0.11835207742745152,-0.07344299512543596,0.026864003250203994,-0.08441034069629377,-0.014864213332721962,0.021433256717319788,-0.169872343865746,0.061749888178770695,0.11353597872714785,-0.13289056472602337,-0.07829321180814425,-0.09835780864627085,-0.15896471212399294,-0.05810145735971449,-0.049124262544275654,0.04716470422469719,-0.20862046638559256,0.0049425445271186015,0.10795876996988055,0.04452171170962503,-0.05903848238168695,0.19157751982848417,0.04084736906161594,0.009845806273665958,-0.14573297336067212,-0.16761916372942864,0.05959778569982772,0.06802942011550854,0.042872943080762296,0.006804936270496436,-0.06686868901073675,-0.014171712257464424,-0.04042205338363235,0.07175362551523293,0.04983621475366235,0.0642472147062155,-0.14444942437728805,-0.030719258911668632,0.06153513039874379,-0.0751241038957676,-0.10495260204466748,-0.11023095846978684,0.01403613935911892,-0.06046151998322646,-0.16853427121474124,0.07551338168041134,0.0021307310336752612,0.20342672917723356,-0.020220079069798565,-0.050249913756422925,-0.08644735376452166,-0.03807967943303233,0.061432314163640755,-0.18421920221350402
Be,0.1771831498350235,0.006619268834496679,0.06987761433955665,0.025995969926228712,-0.026707024643953754,-0.021758329050075326,-0.051863479049534485,-0.13452884211527327,0.06603521816272262,-0.0022730634109613245,0.04922890195699593,0.0032840838768680098,0.042031744582989146,-0.09898527001626248,-0.019418806119998192,0.005390479094682296,-0.13419397322877644,0.06666710002985518,0.0704041429511443,-0.002043516066716579,-0.05974896719968929,-0.12590265195405181,-0.11609222383431196,0.08002566525991305,-0.0541389345037577,-0.028920298158534617,-0.03267025434930146,-0.0878554734430807,0.20850950996798345,0.07213609359344487,-0.06717464831064787,0.06638314916169953,0.03216155596278652,0.1822633223287954,-0.12599884999614092,0.060382650301748865,-0.06906720107249714,0.0379598254887949,0.06537658300572238,0.05756605966508996,-0.05480890984579874,0.16964339601029851,-0.17184595061545713,0.03915625918408224,-0.11251489965468595,0.09078150233438695,-0.12379042180461365,0.126721335075434,0.039145172303773325,-0.08892583478932521,-0.015335614440255085,-0.023635933620542334,0.011500741228045105,-0.0874847295021813,-0.20343121130457933,0.15004321186224398,0.11305312200206716,-0.05993568716211777,-0.03600602902314029,-0.1926708976923174,0.08147681329243185,0.1251549855237718,0.033501079485037784,-0.07346022938706138
B,0.12472176531155195,0.14662318039167307,0.13020960796647246,-0.08136090591608096,0.14395612323902712,0.09694246644779844,-0.11195317594092355,-0.16893222061157379,0.00991679390537403,0.08664053888413277,-0.002272512557247779,0.019520810970944522,-0.07413027833932417,-0.03870446604512803,-0.158890324356288,0.02592708768172944,-0.006434230534797057,-0.03140301465021384,0.08087037741783994,-0.05388697031848431,-0.0005652502849183283,-0.044653903037919836,0.017084377769263644,-0.03759372345773816,-0.12189996183704957,0.15540229480869971,-0.05490309075872932,0.027803153784949595,0.19629830111082644,-0.03863929058918937,0.0024200747597069956,0.09227821543070891,0.2483662823305636,0.13119908108470923,0.007957789087558578,0.06708284142056554,-0.10196789410944454,0.07385209287391895,0.06012968129701953,-0.06587000770171925,-0.13260856889705333,-0.10555713415594727,-0.11090318496342261,0.12708482476210953,-0.08955041312984155,-0.0714368854803696,-0.08564533301418213,0.15814221641098766,-0.015648223127471026,-0.08216378340719631,-0.08825165901806212,0.14106262079366486,0.0830908663539068,-0.13117220598501542,-0.16990717295850508,-0.08645846808286024,-0.06943158034264922,0.05313926533297708,0.12236017207043838,0.022314435034192996,0.16232503545378413,0.03253649993657038,0.06282457408113538,0.026837490101777158
C,0.031643412754377764,0.13836863082264694,-0.025809450937409797,-0.083874324066655,0.11159809009528159,0.05494263060152863,-0.0482314253356705,-0.1577688444585836,0.03489084549993208,-0.10020116827410883,-0.06770300761757755,0.08114233759944255,-0.05218028437534611,-0.04222212222328807,-0.06671970885608035,0.10571030946622936,-0.054657001401875245,0.10943222160062037,-0.04295546071699474,0.044112756080633905,-0.11521538571028457,0.05870663122124016,-0.0906927568978939,0.0942748723088374,-0.15120254810048933,0.010485751728007774,-0.01568078409392647,-0.1711895978806282,0.01030924743451708,0.12591826747315502,0.138745554621986,0.05685621450808822,0.26013453839386547,0.12534844453958677,-0.05696385036997109,0.0588040700245104,0.03822271073346063,0.08570400367273294,-0.03729322938884686,0.007725860018404043,-0.2318439947328361,-0.0711366878395969,-0.1492244642595011,0.2278143754807514,-0.008456997526809189,0.1183860474537837,-0.034672537737515066,0.0030247905001226727,-0.16669351499443905,-0.07997749101908458,-0.0211998587671329,0.09985620901841416,0.022823378813333378,-0.18418398364597363,-0.18110417484073704,-0.05012672377728445,-0.05045403145760026,0.11056762990913055,0.05087425208061247,0.11244852358802863,0.09486029993021221,-0.036138004441083116,-0.025095829332941147,0.02591567450637715
N,0.08253211106598213,-0.07104479340694399,0.047350569940229514,0.0250285215837616,0.25924239133910276,0.025795781274592557,-0.09477740121550973,-0.18700044082511572,-0.09138055821788418,0.1288131734605895,-0.06589046432552347,-0.09847592803821804,-0.12370388944965592,0.0419273642494611,0.052510640183646574,0.0109929448683514,0.14403799921432298,-0.024414891481764598,0.029830234607130923,0.02390452573247746,-0.13700901481170202,-0.041532925790272006,-0.03911874643351343,0.05829860907335586,-0.19864635974030076,0.10939922755226793,0.09030466885163499,-0.18084560907598202,0.06897773468652763,0.009852636496639876,-0.0013192575213410087,0.15518727731222612,0.23278132749112215,0.023100755136075315,-0.013875826940582533,-0.01915032295689124,0.0121655180867291,-0.06234856114781081,-0.12219280188432088,-0.04358007372092351,-0.1402943244652692,0.0018977496478668446,0.12400042690240959,0.21272759862982238,-0.08317770977579506,-0.002156974509240682,-0.005730429081540228,-0.02894617143473196,-0.1892638073014391,0.041554965813773354,-0.0735541473624373,-0.02561971170565552,-0.09990898235204597,-0.20168416965168093,-0.12872454606167552,0.1669762449201722,-0.06179355993985499,-0.0596716597313422,0.005766505596711136,0.10171359551432099,0.15238832359746635,-0.018409567744952844,0.12643959896305834,-0.056901386780766235
O,0.042775764246597486,-0.018781724159871935,-0.11245995587143703,0.020607382979171026,0.32734363184244036,0.1544267237864462,-0.16933064902587172,0.034291704238361406,-0.07758152072813725,-0.03239381152960161,-0.12441989163706958,-0.08060560701916519,-0.05954672804496331,-0.10389593755795552,-0.014797433784685557,0.09078199813619398,0.06541447121643947,0.08021114072892176,0.1307080294530109,-0.20087747115949295,-0.03512554986383901,0.17795151030367523,0.01689967252771744,-0.05524005070240357,-0.13483914704416344,0.10161705545779569,-0.053182851548698756,0.050425723310427994,0.0631261356539977,0.04339649834013687,0.10082978099297973,0.1618742407939752,0.05056625164407098,0.04287019371089791,0.06149000850892182,-0.08849070452112931,0.05462354606222881,-0.09877625758507154,0.07612215093945593,-0.25071356662924105,-0.07347149696903128,0.06365760335307699,0.017145678455386615,0.2737814726340899,-0.14083135687437223,0.06990563675594288,-0.00761856232869817,0.1276694497434023,-0.21197602609622374,0.0725705274106116,0.018552353497680082,0.15887803884767374,0.009698210888066213,-0.0922483916050186,0.05087424893382295,0.2081108613610417,-0.02156112370244421,-0.06687364518110193,0.055973835054881904,-0.015494371829594211,0.07246213998184978,-0.07301446091028597,0.08602586021586671,-0.13109509296332736
F,-0.039754011743383985,-0.14553329345287142,-0.12429960762395965,0.11244733703423751,0.2623143407058597,0.14628851971476367,-0.2793854796602916,-0.09843678948404823,-0.08466062685168413,-0.10706266375546945,0.06674524062197561,-0.04669028522877467,-0.09418456358769611,0.017774740370620504,0.10504955833442513,-0.09379478475919098,0.01833499420437014,0.008240924986958073,0.0797840677857507,-0.18709649293050756,-0.058609294403677126,0.19799490542379158,-0.024048224148421886,-0.16061482060795237,-0.009480730207060247,-0.07474286142890064,0.058151128640593464,-0.04481053810213432,-0.04831989930423794,-0.06938706791280246,0.06745003344467926,0.07000574791354937,0.17049400852826085,0.016117151909424202,-0.04690142099817132,-0.09318459008113282,0.21110228921401653,0.05245741975198636,-0.06571753735793376,-0.20460136813422317,-0.17612608848935926,0.05370763688832918,0.08008156335709789,0.2720694223386465,0.085293955797257,0.0008936655430375721,-0.09587407129030441,0.1485535806916142,0.030783437084920727,-0.13504343996854612,-0.027765531416050912,0.025924158660555086,-0.019137823739673997,-0.19750179877020888,-0.09310447434242893,0.13649069054958096,-0.05326094137417482,-0.08055362703795763,0.040016181268359007,0.03943755965064051,0.18057346494840193,0.017845649742472946,0.028411172938783768,0.08598747176474315
Ne,0.0,0.0,0.0,0.0,0.0,0.0,0.0,0.0,0.0,0.0,0.0,0.0,0.0,0.0,0.0,0.0,0.0,0.0,0.0,0.0,0.0,0.0,0.0,0.0,0.0,0.0,0.0,0.0,0.0,0.0,0.0,0.0,0.0,0.0,0.0,0.0,0.0,0.0,0.0,0.0,0.0,0.0,0.0,0.0,0.0,0.0,0.0,0.0,0.0,0.0,0.0,0.0,0.0,0.0,0.0,0.0,0.0,0.0,0.0,0.0,0.0,0.0,0.0,0.0
Na,-0.12449538291516202,-0.155358090838605,-0.03985321080045902,-0.038221183694359194,0.07265117097955387,-0.051778650362581516,-0.11334391257905932,-0.14128614850730178,-0.12631261456443857,0.04462460547206766,0.14733603051407826,-0.09124335522484708,0.06278849376405407,-0.07185499778939286,-0.07102378276292985,-0.113386736538754,-0.14126584822423655,-0.06194464219405618,-0.03450317049226741,-0.07831934254170529,-0.1859132912304638,-0.001368186810408328,-0.1447345588980191,-0.09083290199981903,-0.018693664039098407,-0.07619140317820225,-0.1500039359437303,0.07292769245196619,0.12879242457455747,-0.05776877601397815,-0.12242803299811994,0.15268370015811322,-0.0443052844829306,0.07615636115318469,-0.06262424042674439,-0.2094171414717576,0.019251209955493655,0.061903794723035685,-0.08898047283108633,-0.01831644678710022,0.08228349496903865,0.10280230954549041,-0.06915104669058843,0.018357986048992067,0.04350810080349184,0.18359008462543025,-0.07326155874452629,-0.0765446753865577,0.09438538889188638,0.02992585924518092,-0.0873512495349099,-0.05370285767888325,0.018267446634750845,0.06092162560473882,-0.07845285413284141,0.04130062355223391,0.10997655080053065,0.15578164688407037,0.12092262080351646,0.08197946231721996,-0.1424906259270305,0.04647251026417192,-0.037157166298662815,0.0010822479485390808
Mg,0.04017884281923179,0.019508773187716592,-0.0683203727234373,0.00998218383568952,0.02111692563390897,0.010265587788782692,0.08443974983609503,-0.142519540193061,-0.0010400800040243905,-0.10372503380741545,0.02960867763072852,-0.048857840537657744,0.17249771621505366,-0.13480063420558086,0.03875452653584084,-0.13972113624309365,-0.06481221724233377,-0.13288499394051634,0.11742507531386276,0.00603292973812907,-0.03114327748047522,0.08866004461422425,-0.08659529839222961,-0.07339468684013149,0.15149771710314003,-0.011856069411344343,-0.22088878959608807,-0.02784572415136251,0.1084894670789649,-0.12866687811232427,0.01091101394148883,-0.03150713107566284,0.009064890346446784,0.08154558595617882,0.094813588609143,-0.030881185497637093,-0.08133959715294464,0.14550670660159126,-0.09121654423467253,-0.1220040483728342,0.047107473796976974,0.09442437153815031,0.004168250134304524,0.06730545590802493,-0.12528356412136976,-0.07519356015949612,-0.026792489951027048,-0.05616274577161298,0.044405601060452375,0.009625480727629553,0.024742616760955908,-0.03632406642968027,0.14898835285147644,0.09352668166072535,-0.06426228184232667,-0.05711718078371568,-0.017131999197584093,0.08039699661959247,-0.01999935350014626,-0.024702472304972398,-0.109569289509013,0.0948774255044789,0.09566746182012098,-0.15458274058517366
Al,0.1148681952993729,0.1648536424690273,0.0562107946347968,-0.18112775133416573,0.07689202852213266,0.061683620531584965,0.011267849637413231,-0.10977126103176327,-0.02344994751857007,0.06399734627722176,0.06126171441745734,-0.07110755744233815,-0.08586305307348441,-0.12705985588993876,0.08344093878218953,0.00665587558327205,-0.026018581120792576,-0.15170246082832686,0.02411214106455428,0.013522979662522777,0.07352608810158583,0.07663510473369918,-0.078387452655987,0.00907282522988622,-0.10700984949926723,0.16247501594970423,-0.050475797027389434,0.0006320409779720107,-0.010545147763856412,0.009706989238975684,0.08257868804678171,0.08795205001278374,0.003078203515403556,-0.016871613697185935,-0.11149179390110985,0.0188107388450601,-0.11440185918494476,-0.049279931630128476,0.08830300041808548,0.10338933030453981,-0.06108845376914038,-0.033080744982260164,-0.1461248328846077,0.08092626892169778,0.05576494042258549,-0.043711244502581605,-0.04455891179269775,0.13457616173468503,0.11163829041702684,-0.0907906778904866,0.012451680253651093,-0.05038172815631631,-0.07927653405788912,0.07021807821380568,0.059674551724465924,0.10934831116285104,-0.037818250331141015,0.1725488361196806,0.10325672888038441,-0.02380898097224236,0.03615824140460156,0.000600797094715118,0.14420657726493558,0.019448406125796316
Si,-0.015430467285488391,0.10058811612676422,-0.1377528896462339,-0.13047303207610328,0.09986881229205051,0.09452609876756024,-0.041198337935880014,0.04900638637258684,0.03475349908054624,-0.09319447363662377,-0.05992877396328143,0.059553060527251026,0.07222231485483167,-0.18696287083280497,0.0009043374977128014,-0.04252622069238482,0.05522493834501516,-0.11672241062096386,-0.008855834152514787,0.14711826819418425,0.02014934515236841,0.037846184959562094,-0.054485865230799874,-0.034483681525521906,-0.031166125151638985,0.16507092741392337,0.1103301375976763,-0.05863030437516431,0.0016252426168218686,0.08591067368833889,0.02282710764581668,0.018063341306611868,0.010094695733320069,0.0685631639706674,0.05493587459019757,0.12138707676431472,0.0786219772659514,-0.08111472865510183,0.0550960215175867,0.10529923850062406,-0.12380756086599116,-0.0851645924202036,-0.17812962655721604,0.029118210586528682,-0.06803585134618854,-0.013558445949243774,-0.10717239041189379,0.08506290104552204,-0.06903409964764598,-0.13459065529806624,-0.026441527170944647,0.022198709881920742,-0.11467447648518934,-0.03851813472081566,-0.10039218707057582,0.05360859051099921,0.08793199158568736,0.040350066770705725,0.08266246402672667,0.0697298937216708,-0.027950832423857385,0.14794940741659185,0.13715380139527736,-0.047997832728094304
P,0.07118878561068542,-0.054823617656983,-0.11708105596519555,-0.15672712111416476,0.10827889364744925,-0.00011691466514722144,-0.08168483614368806,-0.17401924963868345,-0.008594203324954086,-0.06346367773491725,-0.15012397217023304,-0.04653628356101676,-0.08076401892065269,-0.019063055843688555,-0.00257665682941509,-0.015195766139419408,0.10420034864065282,-0.04896888101239643,-0.037861580644222535,0.07720122704156483,-0.03837407729860203,0.010523629364994104,-0.15843500669835509,-0.040956588360753866,-0.016282578514465323,0.09895137392910584,0.10087433306609207,-0.13101028671307863,-0.08643404840356982,0.05765714434389544,0.10709364022792135,-0.07214369642281529,0.02790322421627113,-0.021820440726657283,-0.10288567897484033,0.03479290515840303,-0.06461704363914363,0.007367315304767184,0.014970720149102376,-0.14840122862291627,-0.2248463803151199,0.1056972997728853,-0.08131027156510574,0.045938652401445776,-0.07963508056138324,-0.01855635644174253,-0.012980888868626247,-0.13019203480351618,-0.1728530164363251,-0.07439264164210807,0.03561648802675624,0.038594338549841324,-0.09281925460451484,-0.14667212162711074,0.06971806266753013,0.031533504116841964,0.1353979175487064,0.07491340676920943,0.057620735839673,0.053280499940933056,0.24754863618330597,0.08708290399086233,0.02177174757288019,-0.0683983202115128
S,-0.09464761768107036,-0.03519191770062533,-0.17478439994287923,-0.0544086401573804,0.17926319236094132,-0.02676836715064468,-0.13638627134005868,-0.1860917287508022,-0.11050052339294551,-0.09380621827905818,-0.04360929343570273,-0.04036491682278644,0.08069666265019555,-0.009283435133377987,0.0533259914616894,0.0020500979537002788,0.18540870156768136,0.11325794835894024,0.02809284774802413,0.02285747487785472,-0.042270475573578235,0.12406666409317303,0.010831825724755164,-0.11984489529967766,-0.02166373233459431,-0.05369033946160515,-0.027041393744870086,-0.1204322598121036,0.000806406751438612,-0.06614639737471122,-0.12475303499617497,0.10837993229644946,-0.031678673665658845,0.004112008546298161,-0.1098691799719149,0.014391671380644299,0.07170136104751952,-0.15669343499734273,0.1586625226409548,-0.07172864112305408,-0.21063784867113272,0.03740607778083431,0.037333675893165684,0.15951183445885966,-0.13612303960633754,-0.08067304269497655,0.06968499545264564,-0.043571238778045626,-0.1492939410007071,0.0508363915909827,0.0763255164862885,-0.039293610319058724,0.018080204986483224,-0.2398312254304181,0.08310673247120771,0.07019508141976262,0.07863974328031502,0.12071283562277897,0.20209533322603127,0.10266763307118168,0.19188705226907216,-0.05441339494708233,0.004021617055899076,0.03137710083911148
Cl,-0.1793276738479725,-0.1593858987153295,-0.07958199962281451,-0.0809940760258169,0.10801584535869019,0.12811641027715817,-0.12214395019869151,-0.010514116604802231,-0.23795225957534244,-0.15015183761621514,-0.06171589124554447,0.05792786712581316,0.0032608154793060105,0.043443483275635617,-0.06004695323436715,-0.03952958848327493,-0.045990113917481534,-0.006021250909270957,0.1706278879644121,0.007741933442089321,-0.04816641070136592,0.08150215524445474,0.03192913032392467,-0.030971672336614096,-0.1611547406052098,-0.09705042350704897,-0.062060175835307506,-0.09258024439039383,-0.031461091542989976,0.01441929900669463,-0.09855200801994862,0.035329071045581285,0.05354669815058606,0.21868966683061497,-0.02846130243154293,-0.06766772313181349,0.1943729200835511,0.06703518154838217,-0.0025973874893724007,-0.24345335933438944,-0.06167997914885453,0.17684946978892224,0.26007209371865336,0.2683357282595572,0.005648407606540177,0.03887706812820786,-0.16498805989502113,-0.06640995224879051,-0.06719446853746104,0.008027139271435937,0.03874662043390088,0.05168355576359158,-0.04574356501717696,-0.11524674860609488,-0.0029075676321461104,0.04654858401844632,0.06296347389241794,0.020035310179076466,0.23225433513934582,-0.09847184002446002,0.12430934680819912,-0.028293115297471347,0.038908707801749626,0.05192623901912324
Ar,0.0,0.0,0.0,0.0,0.0,0.0,0.0,0.0,0.0,0.0,0.0,0.0,0.0,0.0,0.0,0.0,0.0,0.0,0.0,0.0,0.0,0.0,0.0,0.0,0.0,0.0,0.0,0.0,0.0,0.0,0.0,0.0,0.0,0.0,0.0,0.0,0.0,0.0,0.0,0.0,0.0,0.0,0.0,0.0,0.0,0.0,0.0,0.0,0.0,0.0,0.0,0.0,0.0,0.0,0.0,0.0,0.0,0.0,0.0,0.0,0.0,0.0,0.0,0.0
K,-0.1766838205140122,-0.04649824336707558,0.05246973773388127,0.009688464135523623,0.17684085912188816,-0.025968843317214704,-0.14860695548563022,0.04097753512453243,-0.0840817829670205,0.07533694313324683,0.13910471615714803,-0.10520164593203596,0.17026225559556596,0.08307601609622996,0.019328679795384,-0.00818237310902249,-0.13300237863805953,0.042854792822730935,-0.008131944182290643,-0.17460502518563445,-0.11641563918596017,0.012417681023989945,-0.2029032990935424,-0.17005929462417838,-0.0560927940855593,-0.09065844282454767,-0.13984229678473134,-0.03159522361933937,-0.04351520071861239,0.0037582085633259925,-0.03689552767248234,0.04433653061713613,-0.023984166402783558,0.06618392077995613,-0.17024794217835584,-0.18640552340451919,-0.07639252744147225,0.15592618961235366,0.03674592589385142,0.03933024141420716,0.08885053694088438,0.14753131384769816,0.09396430695411795,0.02980441389125823,-0.06361053508669526,0.1602271403305235,-0.09230406127609296,-0.026213498832679087,0.07788821443113114,-0.04616188724260326,0.041133045559052235,-0.007242788579658063,0.16276624808267082,-0.029168700394153965,0.047553611433704256,0.056062602641591394,0.13689403307459153,0.050541789662882274,0.08426362196426644,0.035722442281353683,-0.027872862066370928,0.15025443678863723,-0.12484270261327168,-0.16377863757657826
Ca,0.0808276159260479,-0.08263777573387515,0.032880361850580006,0.04963396518147549,-0.0042363643119089165,0.0786926109162533,0.03754774031578829,0.02871577774292292,-0.08081904059236299,-0.12117498963209578,0.0020955344077942606,-0.1644433700213437,0.09846932397235074,0.0028133726347474384,-0.12590755710224663,0.10006001192936183,-0.1699738601078931,-0.10433038066686391,-0.09578973331417093,-0.04379084507876276,-0.010089330633377325,-0.0637598951961418,-0.08064195858976589,0.11032191298044984,-0.038511989751048886,-0.07013397505015985,-0.24156934190097504,0.06254610135775357,-0.03017592381289849,0.053680822813618696,-0.02404183385574215,-0.0033553577474877702,-0.02969301612839302,-0.07434812499016925,-0.06596858527281038,-0.12415709216461666,-0.04425471679926969,-0.015534544665568945,-0.08446305913805442,0.1073144294885649,-0.03880285526923943,0.1257323196866161,0.08432337212975057,-0.05160946321151968,-0.09448654137918965,-0.04343655652428188,-0.04499323987784191,-0.0033630234241884397,0.1428677852463348,0.10076804696814959,0.024134877076559307,-0.14492995684464674,0.023289500429139014,0.0801880884624894,-0.1054417579999394,-0.05184661092263283,-0.03301138511464885,-0.0232842454374765,0.06579993862261506,0.057573257664604305,-0.15393230879944989,0.0782678187282835,-0.05715441820966404,-0.11409481397558223
Sc,0.11099722623385377,0.12853945770756717,-0.10845073325762508,0.08807790222676407,-0.1037229168413212,-0.05066286555219701,0.040615229913594765,0.006864576177400641,0.01642784046868304,-0.1132773305433927,-0.047361397349039866,-0.14134560755023096,-0.04135466615681571,0.06840769989874748,-0.1564870996150915,0.07973449364947292,0.04311296178399103,-0.00141732425845353,0.01841680089819975,0.12099241963000192,-0.013453533353044942,0.06869949533483748,0.1599377827424955,0.10874511678921395,0.19805187241386055,-0.05132085401638053,-0.032610193756129675,0.06570656864289609,0.002294643030293646,-0.11233957609525191,0.0922367455274029,0.0794950262248669,0.027435358247743794,0.010733603771264916,-0.001896152800361946,-0.1061964169722384,-0.1544998219090083,-0.13942769621434403,-0.0752454335840231,-0.04271708073234376,0.0782910021074223,-0.012671584713293762,-0.11225614986936533,-0.008944755840952867,-0.031741600742176974,-0.05312683790998398,-0.09653436113083731,-0.053702870358396285,0.07856450391380071,0.0041596275375572886,-0.15447588508187554,-0.0010057836792798265,-0.01487055213169182,0.06557211125990542,-0.016206627809240072,-0.06455073144013954,0.027204106717713998,0.00013284210905981675,-0.04472375827087402,0.003404824299807559,-0.0743408890339797,0.03073972551338385,-0.03687804973207356,-0.01478101713007026
Ti,0.0955776253906976,0.029208864282609426,-0.016710123532981347,0.005739513600310582,-0.11853618843918408,0.08983408259652162,-0.04328274955515512,0.07169350856249368,0.22777339497210902,-0.10884056367083732,0.024546827341893694,-0.06486117057447861,-0.09431403134393733,-0.10003451089660731,0.004426674485914196,-0.07089798751079357,0.011111077924695373,0.04477719397055268,0.1036429338090616,0.014198586752768371,0.1013852988144795,0.038954831118739396,0.1161713017241186,0.1476787338201678,0.1459994747314032,-0.04425582635278064,0.003984817488670346,-0.02007305058824087,0.01605839771098062,-0.015394117958346306,0.03217058241042126,-0.03161153842202002,0.1598639248956875,-0.11952219911105215,0.16080593058411297,-0.022514263730844707,-0.028263029680119386,-0.019778237546751527,-0.006372227232297751,0.01903262662379747,-0.013723856017843594,-0.10204169217601018,0.042910525514259105,0.06486384880437722,-0.09486657207531488,-0.13454687995203096,-0.02209718190788456,-0.08396518883833237,0.0031390545401468162,-0.1502121800027645,-0.07762948945883319,-0.04793970185453027,-0.029627138926652797,0.04673500277460055,0.003833126893240384,0.10338582794218461,0.09786274610054818,0.0010778401087642095,-0.10496795097077162,0.051498129688271624,0.025250587087541566,0.13898992657767578,-0.06184457729621738,0.11208394399485995
V,0.06636089280725067,0.08273712853202925,-0.025224442914951056,-0.09753336691751698,-0.18293430476496939,-0.1626630683408823,0.011688001624996806,-0.07804373899270761,0.12679733876929689,0.03612802924612693,0.027603558654766016,-0.01645063912017269,0.01924840292956401,-0.11176713352157183,-0.04865375109085293,0.019307704910184385,-0.04976125908837977,0.04770395883202709,0.09414995594217583,-0.018749645040955328,0.05231454890655609,-0.0012399814187894996,0.09036097355579017,0.03693412879720022,0.042561854838686956,0.10276110309272846,0.15515204200672317,-0.05492821083942602,0.02531790826919763,0.09961506302652168,0.026415777218355137,-0.10390462887461717,0.11324958924355652,-0.14143805604079607,0.13867005146326644,0.07702330100894553,0.05020126946649189,-0.148641626384706,0.03207026132270018,-0.01850994424754892,-0.03272844472431301,-0.07717979205143405,0.002927979085482862,0.0028736386092758264,-0.12324554021703846,0.04070482662359822,0.07012680943679009,0.02107364919147224,0.12363414461852426,-0.06228070668268164,0.11634832832438004,0.08944469385437036,-0.01701750149285761,-0.047011013018959144,0.03751837811432977,-0.03027258415214637,-0.023616180846984372,0.00726769031968675,-0.023864545039903408,-0.028591235896688157,-0.06720231997345819,0.12526866171474868,-0.019938558103620482,0.13289533564898856
Cr,0.13594702725017582,-0.004878752123539222,0.007966647710723966,-0.07561681771652477,-0.05520568266444586,0.03026523144996828,0.04240845505831982,0.06198221646091627,0.15430089122895224,0.11354842150553925,0.06910047170300132,0.061118890776156294,0.03874142764369506,-0.20648136016279464,-0.007130041602247441,-0.009530786847080369,0.03827623188866119,0.13518027616099226,0.06135197803270402,-0.049995710129451795,-0.059816225774426066,-0.047284497302783834,0.15498024429645052,-0.02823554277391024,-0.011965026182285211,0.08468196726162493,0.07977253951390904,-0.05196245843179262,0.0430344970062056,-0.0030734387469669414,0.14147845141169926,-0.06512163655655893,0.0582114227316703,-0.15011264432929428,0.0820077171798857,0.0405748478425361,-0.07886772092159289,-0.16380710528311931,-0.06147370772221734,-0.07705209370989441,-0.09771462097709666,-0.03179030228875766,0.004184229692643747,0.09335679085165269,0.05927749420023756,0.02290201188068698,-0.0811249964829774,0.055765855176270966,0.07900087769445574,0.02814765693770063,0.02235452775174921,-0.012761178390643557,0.11441948300336864,0.03204205607410419,0.16563949347227475,-0.061990578815631386,-0.06402268758593578,-0.05226348260810979,-0.04619344226393188,-0.118234243577172,-0.11716221963049825,0.1422314825574067,-0.04496743150279776,0.08368972499962599
Mn,0.110630436469809,0.0791504229017348,-0.040280974044274054,0.04585520993863438,-0.06344020616438525,-0.005774624721079582,0.0027705993951277668,-0.0595547886764163,0.1217668947224526,-0.046072614125536974,0.055099187741240827,0.002869850988599456,0.07361065021034989,-0.22462715959454618,0.036747120488384924,0.10044067588888377,0.03228984081105274,0.16492023163872327,0.09573003612018924,0.017695662549794978,-0.09813835844960782,-0.03699012014878639,0.0903279057818779,-0.009477665663487983,-0.09616899521653363,0.0058435772297390585,0.16630452963786366,-0.08049567922101003,0.05552011961467404,0.1563043858760272,-0.024689040129501082,0.028259198989593018,0.10579283205430383,-0.10536762626151899,0.14446637244314486,-0.12137730934072279,-0.023673038589497986,-0.026819632935822645,-0.0925362834493017,0.05885994698811888,0.00718593239617833,-0.12607687805017984,-0.06142124296586786,0.07371173929898887,-0.020059968763230896,-0.08177321109155522,0.002939679860366801,-0.05386596508987656,0.12474228633059448,-0.11589408226362181,0.0015951796594869396,-0.03840878762128363,0.15685643132213536,0.031061219885050798,0.20575065273616486,-0.05018913059893065,-0.05253735099906041,-0.09729459657930183,-0.059214507799273224,-0.04978994823874447,0.023094036422744976,0.021154613583799442,0.1369808010499133,-0.05472319831284934
Fe,0.013994392277599856,0.009248833023839918,0.015984644952004037,-0.03499660244512467,-0.1128212963099724,0.0748957584319984,0.02427264159805269,-0.051473240055392465,0.2049673646112905,-0.06271562579512133,-0.07949660142468243,-0.02932495009333966,0.040668339700399216,-0.20751520374879567,-0.016621628450122328,0.037863218788635966,0.011182360085507978,0.16346413034764584,0.01655528785122265,-0.1259049198365675,-0.06879785708599752,-0.18271644581874127,0.1459600626890233,0.014836369400332538,-0.028425507034644693,0.05281419265970632,0.04167940684458909,-0.05812034427840634,0.12771294547378717,0.09878374300179824,0.06374616032059228,-0.10539139065879093,0.14232661440045744,0.052182414099782505,-0.026717121532834696,-0.10283108930432963,0.06580428521106356,-0.17499806060554596,-0.021458267946952162,0.01566213997877527,-0.012200751464046962,-0.17575074495885853,0.05265183497867817,-0.022004173347743926,0.020761212425629953,0.01961293051022208,0.006011441099254798,0.1179513163553242,0.01880467822549754,-0.09555251168157679,0.1169580096319492,0.040478681980388155,0.036600771525246836,-0.03092180074923712,0.15679881103275764,-0.057147830275321596,0.029911001231947686,-0.04859693484927649,-0.1369714474274004,-0.02355842543075003,-0.11175660367012907,0.04471999762426388,0.04494730719588014,0.034022631771412196
Co,0.08986050432964461,0.1261941100175439,0.011130245233097783,0.06792264587970413,-0.14105516843064966,0.042635740598867856,-0.023506878668889064,-0.05860324927144085,0.12275394063573397,0.14820523996180782,-0.1060548935856723,-0.060557481743827274,0.11653861168180381,-0.10428702116220755,-0.06428940418264857,0.01580898156579006,-0.030773349796639395,0.14705580397271645,0.11458289719551855,-0.04580437341553147,0.04904030723602702,-0.0973023865320644,-0.09671549585027485,-0.07222263900070139,-0.022586039733365895,-0.06311825240553014,0.10614086149317711,0.06870928190602696,0.011333454052711366,0.06038714328743217,-0.00934579280264072,0.0738660909724064,0.20473563251078009,-0.0019358144897320703,0.11668929175364538,-0.027057789227838986,0.019534018698550586,-0.12858096676850564,-0.17228422782853553,0.013939967136882694,-0.09173382548251821,-0.1254684542008853,0.03706159251249363,-0.0412095723094011,0.05170667563336043,0.0501749688051807,0.030410554862756175,0.009464314687855925,-0.06193208169961182,-0.007605157780454426,0.11721867156316321,0.10504094924605989,0.05492680085493356,-0.03179900573054341,0.17596690292234016,-0.07256692212667003,0.010783828296885276,-0.044578534740468946,-0.15278732059518568,-0.05771472367758499,-0.08564943509750457,0.09080156647932067,0.1313123211775335,-0.009248117632165492
Ni,0.004577005479315425,0.002488921329365117,0.17505640346192497,-0.02563923580891196,-0.009008814903600806,-0.11057492597602445,-0.01497408147638684,-0.06327064761775512,0.1335117233103632,0.09563300920404862,0.005295668144020577,0.05764870861255307,0.0654155233761264,-0.07423075279372343,0.06975876111978369,0.13914958672821132,0.01735271864699823,0.1579927548723534,0.09170006318567174,0.0011609605304004325,-0.0745527605022756,-0.15705335659498962,-0.13726814769401352,-0.07229318162476167,0.00659934701322173,-0.03309315889058402,0.05300913297574681,0.11552379594919081,-0.003475936704888824,0.03644430042781532,-0.08565628112273128,-0.10605917592168855,0.19851999472628692,0.035531447208349526,0.1363033278461734,-0.12489449126470129,0.03785080067895766,-0.11807393037936229,-0.10158856084512792,-0.1367235718750482,-0.10548780430602288,-0.08561566881903071,-0.11666596663055055,0.07954698654117603,-0.04381907470955343,-0.10083890894303357,-0.1078365464016667,0.0022319358087930846,-0.09492930352651249,0.09625340546729409,0.14869234328162798,-0.0049906584080294525,0.03194481173080969,-0.09206337413319288,0.17088554219865285,-0.05200040550273202,-0.06232166186591323,-0.1038809151559832,-0.051479287315888175,-0.019600029147558814,-0.06347149539047219,0.09380924023175247,0.05403617625876446,0.1123875348459015
Cu,-0.025188257115996537,0.07790287663013129,0.14119494936279284,-0.03411625780831234,-0.1440669013215641,-0.08133348782581992,0.02559047194204283,0.028241747603580284,-0.007161242725452285,0.06626057356771703,-0.05650138374220739,0.030693784433893343,0.10050569465553379,-0.15687587525246363,-0.0960133144723334,0.05772744195243825,0.11927569585695108,0.06123845556037545,0.15667089207695334,-0.00359685702227437,-0.17081697249142108,-0.21954398474569375,-0.1642787063904258,-0.008822178187595536,-0.140520223386291,-0.07838230475146042,0.03353853760438303,0.010500336717868274,-0.07720914924498848,0.023134125801328724,-0.0576137531869955,-0.010183726963965214,0.19597470558832003,-0.042221201250214786,0.13060218634698753,0.0044213941935798045,0.04241908970676003,-0.012452210521432165,-0.048529329503342836,-0.08812295781666032,0.0020548401633293796,-0.02146491249195699,-0.010981680950423098,-0.021431655310650978,0.11941105212119422,0.005689199602084766,-0.17660652089926585,0.021508382604723042,0.07128078146688042,0.09429358926034186,0.09834741850810787,0.1356468925720013,0.016770151357030784,0.0008482015819945639,0.1947789466361029,0.13083656784721434,0.049710838125602966,0.07964970743345452,-0.1260518389086995,0.055551656663315845,-0.012587263172679792,-0.007309527359360555,-0.007072237745998618,-0.005533037040066059
Zn,0.026924437506380038,0.045735216875805014,0.019017567137836252,-0.0482093023633658,-0.18474497310605598,0.06548732145925008,-0.025988440103175026,0.09841340999739039,-0.18541062735069075,0.03482769395405039,0.04749949584313374,-0.1490197942654713,0.1409954745533659,-0.013542760587368932,0.07780230544258558,-0.0035477941847955625,-0.03372409188373219,0.05866659708186584,0.04622966161766478,-0.02215913218953221,-0.11457022470969905,-0.173805887490599,-0.12887895181312903,-0.13307972172864446,-0.10488724549970022,0.04342023320791689,0.0980084468911438,-0.058462597078683926,0.13192506515427194,0.010082401357259284,0.08743693705174715,0.030111050446217872,0.11937000003714496,-0.08580590206402372,-0.06771974708969151,-0.07750592527740537,0.07181702511368945,-0.07517776091406357,0.05022790214717926,-0.01205634431108192,0.0704500256644739,-0.15303447912418286,-0.1058663244041099,-0.09234316231839286,-0.0169917949445127,-0.0822111834457498,0.019593327309233324,-0.05521566996683175,0.011077630086843848,0.12452660729701599,-0.03306026024365664,0.0854855645184077,0.1433738073627131,0.013737544135680253,-0.018781281041633336,0.037141558523605664,0.07692049311877361,-0.002817335541618428,0.01942493896587491,0.014897977243329552,-0.060549663833056704,0.16950484597319243,0.08765275019907127,0.0790441089660106
Ga,0.07186647929077686,0.03801295321027658,0.037648931843853206,-0.19799198923657063,-0.04066182958830342,0.023781001102997305,0.06333404562241732,0.07344443754720867,-0.022926762560131552,-0.06674792947756215,-0.002711159299700527,-0.09973577228312429,-0.03416229172974475,-0.17787662724741274,0.08785559204278309,-0.06484407378265562,-0.09446950553352322,-0.16806873704547365,0.13502237870686065,0.003133813624345625,0.011288834439966939,0.10836108871850443,-0.09848398367542506,0.0016940284020358664,-0.18049314566070518,-0.03831275977061498,0.04966964920698916,0.09520538891996544,-0.034077598076560286,-0.08689289630591963,0.06622124946248051,-0.03506885083767533,-0.02115581230095807,-0.02871463769427783,-0.10553551553965136,0.08618924516454632,-0.09239411471317191,-0.11160346739016816,0.02088080128176471,0.10960445152451395,-0.11860537344067648,-0.1133323664814271,-0.06574094677957333,0.04905267171547025,0.023280410540327735,0.0826488502365152,0.052619170768737795,0.09772156004716497,0.07791112400007426,-0.002547535157014043,-0.08537432783233673,0.07044314702883088,-0.029039764201172862,-0.08879210338214243,0.016361655531631235,0.0659454653855455,0.07752984887770716,0.0659702746120513,0.09634309861929322,0.08523848617066425,-0.01719011252027679,0.05991840199989445,0.15154981262729897,-0.012328984593308624
Ge,-0.016302869685763343,-0.07490261421210233,-0.12184984287026937,-0.13227166690911044,0.12232050415188131,-0.003835699410162334,0.036406375459092456,0.09534043159908494,0.05039876211173995,-0.10239307283612217,-0.05312076236173711,0.1309094007606247,0.06273476208854631,-0.18895042151731017,0.04586381626592874,0.02095011267313004,0.13811973973328834,-0.05688147926982786,0.06180439637665983,0.10993264210710008,-0.02282106962418962,0.035536964362773975,-0.13672698681335382,-0.037352461023556036,-0.0973901888936959,0.18983558883504423,0.0524233481455294,-0.04298877093348407,0.008579542942345962,-0.04630429695333271,0.0788886773649109,0.02350136954397709,0.1739922588371132,0.07394860968747219,0.0674080183935223,0.04449376577835596,0.07004354551905216,-0.1403547198243119,0.05974607691749454,0.024810394328927735,-0.026104743089116787,0.036413818412281855,-0.04562224578770878,-0.1047358120215543,-0.014071754253382059,0.000649793584387689,0.07171739156054058,-0.07665907740162187,0.10892083722102285,0.02156107409574486,-0.043685496242282094,0.08617945997161539,-0.09252461895990258,0.009831612471981468,-0.03448159096269756,-0.00961147669582879,0.10704915360436582,-0.0023552019598677594,0.06050833114636288,0.06853359931290204,0.13281648221681752,-0.018699470606964676,0.1830567088241902,0.007587494505183584
As,-0.03161605174447864,-0.11697632778488393,-0.13428468571487287,-0.172220287836772,0.07296804920330816,0.0989472972265449,-0.15114824264070473,-0.1332029677499637,-0.027586152727281835,0.04000522822393621,-0.07992015991691008,-0.04106948599340863,-0.005061119639507226,-0.08359185824744325,-0.07046062981231241,0.053507181844638034,0.07566005416666072,0.02600329384228475,0.09997219649843286,0.030136439302313255,-0.055504387693925225,-0.025969533532945174,-0.1520918506185786,-0.08766306248796014,-0.013916080369813285,0.14679046960962255,0.21130506889493136,-0.01396206414897011,-0.08645558709812082,-0.11042042140508986,0.13376855997587195,0.0013317550087269027,0.055569403171940236,0.083268699941397,-0.0015197178685735946,0.16865623968649995,-0.09055106172789683,-0.003368823505970403,0.09125920796889368,-0.037091492309686315,-0.06707095533429538,0.014476751403850446,0.07686573771010095,-0.10429348700354758,0.005806124584724154,-0.06822603439116685,0.09607307016364464,-0.13936559311700122,-0.102012621537691,-0.048210761380105945,0.10929750690861995,-0.05630231229316178,-0.1365276516933211,0.022038781885086643,0.022928516831019832,0.06758950771654128,-0.010264117379573057,0.0417572513404649,0.0035472524951175575,-0.008536463078836607,0.1469473810646577,0.0745767480884249,0.09363632545219293,-0.014669345857639309
Se,-0.13351683151306185,-0.01907027857569781,-0.1894826908553102,-0.17235610670090712,0.13851305671475603,0.11401222708562146,-0.030779017303720287,-0.05960360520180321,-0.23949488486904896,-0.012424645212015221,0.015891797900508226,-0.08139123429189413,0.07195395931036279,-0.05831294348489821,0.1340383552428681,0.10333092883748461,0.14607837988822675,0.12742732213802968,0.10476169904414247,-0.12039783496666515,-0.0059274836594873734,-0.050864360804212236,-0.07025822490702403,-0.04790146868510727,-0.07257722258428165,-0.06789482175881499,0.07864812246385261,0.011326219902119076,-0.1672421089028677,-0.06653259380794359,-0.05864806548924111,0.08233105784232277,-0.06316447794566912,0.12753767816996445,-0.07197323684592838,-0.007004277964655167,0.15863803114954989,-0.15323351919008388,0.04585777057381774,-0.18065625834953353,-0.12198747719560656,0.055053450958255756,0.015672755258133792,-0.0011542047930155354,-0.04838510383446321,0.004203652985003061,0.12110947492899585,-0.019296941282939625,-0.06557544750699137,-0.06487897562683982,-0.010222596079147826,-0.06351166135668514,-0.08257559216557842,-0.15286686771840477,0.04528624281161987,0.05144994099069399,0.12692811359604367,-0.08603752230184468,0.13657619312442593,0.08026952968908452,0.17508785719187323,-0.07101354841284292,-0.021545937756093692,-0.08351567167443638
Br,-0.2106327757054559,-0.12898038667882814,-0.06894382488788013,-0.09802923998157359,0.09931135629988702,0.1274962271322961,-0.05313526206865564,-0.09467176494503038,-0.2993864982971226,-0.11478661521333801,0.05604885577712872,-0.11733124788792576,0.03636855399488646,-0.040787714634049295,0.030635152276326304,-0.057987856914292674,0.1067669635968765,-0.06544443341105147,0.07426400159585675,-0.12296650519032665,-0.01711469088778647,0.1394638625480322,-0.14321542669956908,0.018889813649319107,-0.0509077604461202,-0.21202806380912587,-0.018808646133471968,-0.14688058830109862,-0.00955316010582227,0.049169517218443516,-0.12808572915951646,0.08725208563577759,0.11190675713096758,0.20926017383931833,-0.05568992185752122,0.0640203240115548,0.13590880299116212,-0.004829843413288366,0.11683219934150042,-0.1243125996494482,-0.09060095783291082,0.11152141055446357,0.23940550655228696,0.19138747038406836,0.012385189321387866,0.0142607570452838,-0.08428378386022756,-0.03565996151951565,-0.07290726490572812,0.07098666577230449,0.0406091809753276,-0.015930485979059182,-0.08114093498141167,-0.1525233029338093,0.15566922196858105,-0.019375826072221197,-0.03801125047492286,-0.0210830013755883,0.10617536498526359,-0.13654910896783018,0.07250246208139491,0.008168956083666783,0.009288010857162729,-0.01216523888294664
Kr,-0.015321683606633009,-0.07131785912619718,0.009294211114454977,0.086876793401714,-0.004334461828360047,-0.030913185367989277,-0.031174262033896154,-0.04143249672498084,-0.09766266453476538,-0.0014538329320080863,-0.0023326263061985214,0.014369275646377052,0.022564511689326616,0.08473414094775499,0.1489558423761273,-0.0035273870156618667,-0.053966102971754824,-0.048651222956519184,-0.022070156589868783,-0.03644366954211965,0.04085561083428068,-0.061698300336022895,-0.1338093963189542,-0.06819156362690917,-0.13367276811451045,-0.1421258008375636,0.010390604982180265,-0.0035376152309579624,-0.030132920755604944,0.025231779624340193,-0.11124450680555725,0.0009068353345215983,-0.12516009811497272,0.1513495682742966,-0.15908879743310578,0.05772781557988234,-0.04899551806635388,0.06508907730177693,0.13299131226945787,0.0734381522455087,0.008850848146448487,0.23207836411817673,-0.03038030271362454,-0.07058254788945013,-0.013175586078252982,0.09653320452994114,-0.07785408085748277,-0.004607823818667165,0.04458546004307023,0.01700373054095796,0.07159172309281434,-0.04039417678838922,-0.033861409992792614,0.00620325410936215,-0.09210513113027424,0.09485887424976171,0.055942048941169054,-0.09950076807155073,-0.0004312532448846936,-0.1005055705722666,0.013898974835381857,-0.0384417435516973,0.03318624382757985,-0.0389306672437729
Rb,-0.17099850405027894,-0.03739751148376084,-0.07099695816498176,-0.02775693985275843,0.1868975412852527,-0.009938179954890087,-0.07037334889685208,-0.02668897703910233,-0.004192147346355784,0.0957488521090664,0.08239566744592396,-0.09491939206680568,0.12519456133515952,0.15997491964288016,0.1283781109490291,-0.09905421086602498,-0.1408773022965501,-0.062221489403900515,-0.061757594352110375,-0.03734559345513517,-0.15675941581459057,-0.07383792271392547,-0.1469349490161627,-0.13568831018261443,-0.10247915221560727,-0.0478718410887485,-0.08074882606320172,-0.07873278167791611,-0.021046401895646764,-0.051284665550599386,-0.0982822816264099,0.12456261537717707,0.021770766341194188,0.1052374847373899,-0.04002558081862496,-0.16252370526070398,0.05185000416852152,0.13995797811896385,0.0925732217055808,-0.0713002012212791,0.09491261902282117,0.16636205253137107,0.1392878394392891,-0.08832769629948753,0.04434530352416959,0.20238447031225273,-0.08365935110940487,0.017685810927910574,0.15385185242845328,-0.03966000881641588,0.05603480479301386,-0.03567472820122731,0.1663370804888424,-0.05086427561591045,0.016442755390140913,0.061856297075496135,0.10239291358947009,0.06211027826225648,0.14245697440011337,0.05260356423176342,-0.11673582529273338,0.04775251674696556,-0.11383815637703629,-0.1113650178491731
Sr,-0.08525087315320531,-0.018471325551959905,-0.012144598434245193,0.008765588374992713,0.05549615836551102,-0.028903833896280998,0.1328770864020773,0.09657810476550414,-0.001402873649750975,-0.13012839730215212,-0.0029463385095589586,-0.11141634658006547,0.14293648113987306,-0.010744903177091258,-0.056891401715810815,-0.01009909919350756,-0.1465303101653352,-0.12734770569690318,-0.058298228327075687,-0.12804829611976803,-0.06226534069138406,-0.04993597764730454,-0.015183682471854114,0.03720909607910221,0.001826736949305192,-0.013020700949270058,-0.15253797275106243,0.1497736986161334,-0.030920573891897257,0.018202789283187477,0.05624653445153176,0.04416682217329179,-0.1443451145212603,-0.02662169166337552,-0.0443481760925166,-0.1163750592842198,-0.003903004279711068,0.10690564465243904,0.03298391787176715,-0.009525919054208517,0.08717593880462277,0.11361140493580647,0.06709299446228045,-0.15304854669557877,-0.08123778376357503,-0.012357333981364975,-0.14192150166239512,-0.017076726496059295,0.1292802638424762,-0.003249607423994486,0.06410982834256132,-0.1789296969656321,-0.017076033606493703,-0.02880015970004089,-0.1055279285709264,0.07121489551303327,-0.13616278738952442,0.02588763832536542,0.013896829979370206,0.11778735444594761,-0.11989608739735091,-0.06736075263910381,-0.1019786519558501,-0.0410858468567989
Y,0.11344346511988825,0.012554472246957722,0.021389387935150817,0.12729557984986395,-0.06070381755946019,-0.0005594059100025109,0.06674799993076624,0.10726689594303504,-0.08434182337893023,-0.123421941151836,-0.016441525974542025,0.05670813622271023,-0.025467555304924908,0.077428418866837,-0.04701070104950344,-0.03328398950285166,-0.017692946356952087,-0.0008081322266583215,-0.10303589910024406,0.14017684586671364,0.0313059959322981,-0.030792866219165747,0.17809852030735157,0.16707883073974897,0.2269965817109356,-0.001965294258143151,-0.029262066901485664,0.16294749181089876,0.09018163867274306,-0.0611067601901031,0.02569665166235514,0.05431894920377423,-0.04273853511082536,-0.05125220313587511,0.020292160485340615,-0.04811009981134453,-0.0849964873606096,-0.05951268973433277,0.06188424252851363,-0.031149043583902858,0.055987628334227615,-0.05402334175690752,-0.03881121705851336,-0.0420105980217672,0.07035875248578319,-0.06940089759207797,0.01349127208757843,-0.07105485705967919,-0.032166448430645304,-0.0902341953153892,-0.12948652483898762,0.010640804111067288,0.10077307519769277,0.03110710315896416,-0.09413282720469687,-0.026170378822281775,-0.0301696744078405,0.1127265284601853,-0.027814047123026472,0.05241822297247597,-0.11053154802323616,-0.03048974554179441,-0.045587130373940576,-0.1109671656194234
Zr,0.11409168264064268,0.09391501683058612,-0.09815423834267288,0.06951159647895588,-0.009844531946144397,-0.11851101666410685,0.1344220975067451,-0.048284931891188876,0.11059976394710559,0.0007006011690770214,-0.12581903006212036,0.06228749875225809,0.057984466201915795,0.030735064699705116,-0.06270673331182515,-0.09876903613297626,-0.01697386072632151,-0.01985091719277075,0.022075827987111846,0.09919167379498503,0.06080623079794453,0.16545912259495094,0.1403463873151584,0.024154609474445726,0.17951438213256066,-0.009589188023913304,0.06904581531645493,-0.01730139445191966,-0.09785510813004392,0.0399763475390965,0.06105103155631011,0.06482362433291111,0.056251746562279284,-0.12993319056149094,0.050726936776781556,-0.03672596535471086,-0.02403097617534611,0.05491026854316514,-0.06126244016375876,0.03429959103290175,0.08522055086048458,-0.07214084551471109,0.05783592002892714,0.0001738452129143057,0.10103416435416013,-0.08726101976333113,-0.04722057487427463,-0.01706962309154537,-0.12293366036563262,0.050061164248988675,-0.1727704282756061,0.05558695370154618,-0.012131577485959503,0.026327558979483974,-0.05916993022509355,-0.00042332760624701676,0.01526708305440685,-0.021136031772117134,0.06441607818231075,-0.046636548346302244,-0.04222949423742846,0.04597374020517887,-0.11572975754263935,0.11521917650510814
Nb,-0.06180972079801446,0.14015625859675088,-0.00685503095651653,0.0697615185495949,-0.10081756009561621,-0.12271569842962772,0.07060828548739244,-0.0513275689089885,0.16163056706619303,-0.03966195858874884,-0.02062764926058666,-0.05498793755176768,-0.01451218747731128,0.013181705449093065,-0.06928353988318191,-0.15716559763537416,-0.08034909119061454,0.08781415023355561,0.0659240678707767,0.03643015495451225,0.024818148425510972,0.02015103506867902,0.08090540142102196,-0.05144646898749285,-0.010829864672693045,0.1400977425538032,0.12041454951082464,-0.03898162923081024,0.018747235981323176,0.08027803634081952,0.07287152628274499,-0.07930827280932198,-0.0716012932540552,-0.10759149997396625,0.19785350839416274,0.07749674373372661,-0.04058570026131856,-0.09196092151588768,0.023779698621910733,0.03716072827253276,0.011121067223365278,0.014110578275932132,-0.04809507971849318,0.04376830384154234,0.06150469595760472,-0.07215908352638933,0.08454684608128318,-0.10310458656364653,-0.07272530488437486,-0.09427076732352777,-0.09778468135193256,-0.0324836881513143,-0.02260929605268268,0.03915414234624439,0.04982662065533128,-0.09947022008823482,-0.07963971898860676,0.0594777990211893,-0.028149943330878578,-0.05334026130734665,0.04169636108321694,0.0952785028503489,0.022021332463622662,0.1370873918982743
Mo,0.13665551046321128,-0.002344609648521127,0.010547135971308828,-0.07771747954380609,-0.04301566348899733,-0.0010461188561173723,-0.01733170628201258,-0.022424774089016202,0.1801287241035626,0.10401647345877581,-0.007452389935853576,-0.022178686382555036,0.012657997642527181,0.004856665258831034,0.0016067479420581255,-0.042579359259059237,0.03950788749480702,0.05802887128101195,0.017074309079647357,-0.10472440963604353,-0.007904370321090341,0.09593004108614342,0.18741392233586043,0.04300257414988003,-0.045338945565413825,0.13925837961643564,0.19672216981399035,-0.05244520861587847,-0.0017156504959303124,0.13143186513693636,0.03886983599060874,0.04679289823480321,-0.06747616192853917,-0.07929781865282383,0.14225624232897505,0.08622010519855444,0.0633673506288683,0.0385704951551783,-0.05430822281905682,-0.11388759694968571,0.05107804118313379,-0.009956065559577395,-0.09195504272844018,-0.025035479904376146,0.026981687228473654,-0.0025466716003714495,0.12042182987548901,-0.04858826139544177,0.052794691476999174,0.03932454143179279,-0.04701425966622945,0.0007908272776237438,0.04662391017104496,-0.01904203028004673,0.03213235845939056,-0.09729796934905838,-0.052275712592127606,0.07718428089307729,-0.13254638533316226,-0.018393193686683587,-0.0404890758543588,-0.0887211818569299,-0.09545542174299847,0.21726655259313202
Tc,0.06370318079500116,0.1444506130483976,0.1278880721527667,-0.10018521613761583,0.03432883292486483,-0.01237322946040938,-0.043867811284709936,-0.006907965744428282,0.10390764880094638,0.1222594955374443,-0.05825850914057034,0.006917924321475763,-0.08342801481726192,-0.1273859139857135,0.05962161131352347,-0.08134060687275298,-0.02181763684164886,0.14594301775742818,0.11061854992396342,0.02492101006684684,-0.0677447552013118,0.08604228510345764,0.15793603737017758,0.04913858517447089,0.02750064051578918,0.03717577363485682,0.22168674041256328,-0.12560351045824514,-0.03998970862264604,0.10377674884228398,-0.11836504278855858,0.07880804877502491,0.09572954914830652,0.015062432620879375,0.13922843778874894,0.021368931158756443,-0.06493871049282321,-0.012366388859964727,0.011175307616987425,-0.04195121657465834,0.014502323767793618,-0.10073809747620568,-0.06249927552074839,-0.08377290693084177,-0.055809943001354154,0.04422165645318596,0.12745106314231178,-0.025913498507999906,0.019662586219868793,0.02833246498902478,-0.027757767567832402,-0.049492211784409164,0.09731798198290333,0.04440240229234531,0.14174366174620667,-0.09262052793530302,-0.02657163199147357,-0.042613926683263845,-0.09959113656358919,-0.044985849911149935,0.038557892716054344,-0.0984851886154122,-0.07643163883670226,-0.0237543459342835
Ru,-0.01650167657319641,0.13384252089445506,0.14417880685858214,-0.013063251619154519,-0.026251498539075744,0.06888904423561577,-0.11164216582190822,-0.0336978666126117,0.12895490600723017,0.011303928773995955,-0.14242460440209306,0.11458443466919088,0.0631190309908525,-0.05016657729852046,0.13030851328590712,0.03237192152065549,0.03469718451262751,0.16746553915823637,0.04386717420191988,-0.10783206866197392,-0.10946965391327566,-0.073981818851595,0.032561310350964455,0.05734990916195758,0.07070018298569515,0.07169080983766299,0.15705118616758262,-0.12164766581807403,-0.055537954348252684,0.136063500788951,-0.0851788267626273,-0.05682555473343298,0.12779716757753184,0.021826451038189015,0.14966630554422222,-0.011081803775482067,-0.03887985548046046,-0.11013898697175563,0.002116059407104912,-0.00047891943621100445,0.03550057269171292,0.009005797041852231,0.025381032218444587,-0.10663088926488418,-0.009941924420580072,-0.04392749553244436,0.14328121953912817,0.13541812530451666,-0.09538514610494163,0.043516031545009194,-0.03178109551241399,-0.018255451916232523,-0.09103221307860286,0.056494515877783355,0.05315312702260735,-0.14404352338496065,-0.045726243715804346,-0.03061669650443338,-0.07258446782235063,-0.03863638843389663,0.0268863135221156,-0.043830100570285045,-0.050732791295574474,0.10712818997771846
Rh,0.05133399334127762,0.18108294325842508,0.14856923559346433,-0.14603424837949627,0.007517953924185729,0.04134421038715203,0.004317550788207896,0.062652301599861,0.04139537090456998,0.016668492652254976,-0.07365202970081061,0.0400127042814909,0.013841610530715965,0.03386421479706887,0.14896415472559127,0.08019563987896687,0.12342020488451658,0.15224988964558753,0.14806757968254974,-0.12141784849999326,-0.12461876432024792,-0.06430897617353629,0.10610353491196378,-0.010411459326183498,0.09417011922224912,-0.03463786253805909,0.06245440665000404,0.01934839491015861,-0.05648478430594387,0.05125776719918151,-0.10680266831301018,-0.058584274430783234,0.12894532313448487,-0.0064504626136766665,0.08636403038150936,-0.08154890320163606,0.10870308115977294,-0.10680476691117934,0.01793533090545614,0.08973394005199975,-0.05046251391145268,0.027658036785781354,-0.0018290175444979951,-0.05032608469699926,-0.06832286238728087,0.08503553419215905,0.12267303268144407,-0.06743321043474595,-0.08265528696559934,0.04802173880261756,0.04099773830694959,0.0997490677108573,0.00710788128876826,0.09580077832187878,0.029802274689407025,-0.10052898227101843,-0.05619022345796461,0.09399409746877514,-0.1293612816293712,-0.057019989187627136,0.09740847500200396,0.010109208309055708,0.07603750412959302,0.14165918283519469
Pd,0.0314938518892295,-0.01288312452356346,0.1709076680116297,-0.17809635598905244,-0.03640047283875673,-0.01008638288934828,0.0424296575674172,-0.05605355361257128,0.01958413839823303,0.1482121127939731,-0.13659234654480393,0.05845286371207999,-0.06516419874414676,0.06371589982218408,0.14523673815922233,0.05866636215928257,-0.018039126696968423,0.000965098825525439,0.16726172363615338,-0.06625692974731506,-0.18191292970934989,-0.046739662544251416,-0.02531131211153331,-0.1336604930305963,-0.045239390890191154,-0.0854205810656316,0.12469630131404508,-0.023960483844375536,-0.009003829551552546,0.1224608002003275,0.03282520687253826,0.0030180134358167012,-0.012941646216357922,0.08087541348076643,0.06088343632912654,0.017501641994763936,0.11300503847683066,-0.07326056259210302,0.0718729193933863,-0.060059038117139266,0.030459592854351555,-0.1390555779268568,0.03959011275274693,-0.12908263484470495,-0.09276191165269058,-0.08009074889808135,0.04020285550660861,-0.0581196204793087,-0.044091050366663984,0.03420378796042419,-0.05410680016475074,0.015839946432964675,0.08643833667605379,0.13111724872349326,0.09876506886988869,-0.004562813333554836,-0.07435405520869973,-0.05159371548306367,-0.07808968294353189,0.06331246784317943,0.16025305131022138,0.011570317029605677,-0.08644641255366803,0.06476881062271268
Ag,-0.07275181985605839,-0.06408466588158887,0.08083285281550573,-0.11539793694599398,-0.04331704382798191,-0.03554739508885659,-0.12800382894874898,0.13850327595059833,0.03606354377979115,0.11032025511384311,-0.1429251462757343,0.04027524183469635,0.11690539900696875,0.03784906000371717,-0.024242878317667544,0.028981981562577787,0.11264058556670364,0.07004038611715749,0.1175771023046783,-0.0999245816678934,-0.13744377552148074,-0.1532771205715786,-0.013088316840579385,-0.1355884549722982,-0.061274696398827336,-0.0938589765916244,0.07299675273474833,-0.13063710429306036,-0.029466934730570257,0.11004438148004697,-0.13146878819181038,-0.05790513334481622,-0.009583810367054635,0.12281549472095322,0.08650702584888743,-0.02162709804488624,-0.02483757505221404,-0.00712612992486786,0.062040748186824604,0.022008721851748916,0.013539812359871268,-0.1430590995347271,-0.07627788389759496,-0.12515542059997387,-0.038148774680599434,-0.09509783531314779,-0.048037664514584806,-0.009697872552491228,0.1088335573849614,0.07989571467150851,0.0996011211336412,0.08328089212932792,-0.0137191406553981,0.09937799187328886,0.05070132336556546,0.03449637083794419,-0.049023588928805796,0.1360506736987709,-0.058549244785402785,-0.011949867121190456,0.1556639251405345,-0.09828221719127773,0.035175915982208726,0.12372350423960259
Cd,-0.035901256151862994,-0.0898686466109292,0.06099529964062143,-0.16708229778906186,-0.04764240860752217,-0.05283328986469852,0.00969137400171037,0.12946311678638778,-0.1782378477072414,0.01841668151264244,-0.061376902752247345,-0.1584853108954979,0.13082668591135974,0.00981664128177018,0.018147357083666323,-0.07704535828453986,-0.08557526043507532,0.08668716157913957,-0.012797130312082097,0.04718936242070205,-0.04280172760096554,-0.11382565787860013,-0.0742448241113934,0.021975068906583246,-0.050720670347218305,-0.04644664291234429,0.04714118638885071,0.06914090156072439,0.05809736062614369,0.038137363333493816,0.091485491182593,0.11644034013993117,0.14594313899646139,-0.04378846804261177,0.011772018596057721,0.08051735351186025,0.09236243731310896,-0.035625197908038864,-0.04136641444303331,0.058365387155706376,0.04133947187069072,-0.1911834854446075,-0.04522741207212844,-0.12714336765885761,-0.02052189631641559,-0.13989537480384834,0.014750811097981605,0.039171880067582196,0.023632671692895926,0.036395118097919885,0.08879639749734052,-0.052804822617989175,0.015814616413954343,0.14387994882425303,-0.014496118903509166,0.1327592695177057,0.08843006018236736,0.02371268725187822,0.13495639552483585,-0.10393181934160364,0.034999401483192256,0.10388054657078132,0.01285019519469879,0.14212139170714216
In,-0.010165469913462418,0.08029097916545143,-0.09233951029452325,-0.06576204416913548,0.023837400274664057,-0.018598952582924305,0.14477741322461518,-0.06166149643615902,-0.1283221656421018,0.02633145645249086,-0.10228504071095557,-0.021766412790902162,0.02613819349072751,0.05808160094377877,-0.10934597484996487,-0.14909088420348793,0.013150081365292204,0.04550139376439972,0.0070829394443658955,-0.08682214625369325,-0.05471187124609591,0.12722776172019934,0.0951580925148351,0.12000191372109414,-0.13052915597257594,-0.03464538435203688,0.0034195261202694385,0.10643089468243988,-0.098774626926458,-0.10946379924983322,0.08666205508559263,-0.0641648059253444,-0.02996046888261895,-0.004369705582598001,-0.02574416653152727,0.11347117171392875,-0.05374419959128813,0.02066830201598673,-0.04022450943540065,0.04356429906064406,0.026822067118238542,-0.07180890449413521,-0.13110242129179256,-0.1029400164555823,-0.01309008874826531,0.000110757496088047,0.08259874812683118,0.07822092189122981,0.11299946265677595,-0.011497384745503384,-0.06254621192323133,-0.06523588705464589,-0.03601514730024922,-0.06328627508115053,0.011039515469506768,0.12274119209971093,-0.02472060778071579,-0.006054392293703609,0.19579579263206162,0.02188736215008207,0.05766830940890189,0.08626855451101936,0.20136127327697442,-0.004119787940260258
Sn,-0.11151399076554948,-0.061645769241289776,-0.05301631240924,-0.02569783625180051,0.17662097396913048,0.0011792263779805245,-0.014263295440960427,0.070785870491859,0.04799676467819929,-0.07631165294775513,-0.16728892827919092,0.04529258631231785,0.016050155041235685,0.0717153149127871,0.04156583510595161,-0.04101705127768184,0.16599246110020607,0.027927500189413167,0.006200121711361542,0.04024350549813484,-0.0973063032289082,0.1251856238568632,0.06528344092866632,0.005809286617089051,-0.03397202105147608,0.056343034492454015,0.04672284197444585,-0.06224462381598205,-0.02585187421457657,0.051140439863903084,0.09233389223650147,-0.050099054369023746,0.024333095162591956,0.10107205399458323,0.03819543616343503,0.13019043548917042,0.07986569174340717,0.04731208034912225,-0.042655116516437455,0.07346395684706894,-0.13696906091900457,0.11046242129682485,-0.12136215144627707,-0.1478219133868394,0.10504784685474937,-0.08182421171788654,0.08363362505005308,0.019889752520190263,0.05499277910360291,0.1002094812975057,-0.05940750369567618,0.03064976329201119,-0.10777993803515473,0.0033716563233697643,0.10732293977239309,-0.07360181190900754,0.0737996066366499,0.025437672515337715,0.11601479055489622,0.15895234586095125,-0.027286553933178057,0.04859995705318968,0.13567839347227414,0.010757255817251642
Sb,0.06549700386815613,-0.12420209575148813,0.0011479617259368522,0.034289595605655344,0.1477695804673203,0.07081436628123507,-0.03831631682006277,-0.06470923734274936,-0.1687335427913359,-0.08209290456614063,-0.04104788396031317,0.12432575676549182,0.051784449101956724,0.11798742166915786,-0.10002190315084115,-0.11392587148081088,0.03091994078241369,-0.009556626089794967,0.056864434147963806,-0.11302641106378473,-0.024110711383961668,-0.030137340595042108,-0.010220263239707898,-0.032111658653455666,-0.05398771775695606,0.04092920216112294,0.19688848890133323,-0.08723493277328104,-0.046497786485401524,-0.004778333993559761,0.06634250965992751,0.031191621132967254,-0.04568528146728628,0.033348510000732814,-0.035812372354045476,0.17702428422126293,-0.02101571013791403,-0.050311341432045055,0.002718609934818772,0.007773560007854545,-0.11711417774485249,0.057763895153009476,0.021105827977301986,-0.1238323389030141,0.025690704175076993,0.009311403307922683,0.10236777445904487,-0.08844342639575707,-0.08395245872472737,0.016708082944579917,0.11417164580591053,0.031077966189227434,-0.1948179430173031,0.034633203176123506,0.1392380186649694,-0.1536320931380527,0.12238927881946868,0.09251229620820145,-0.030765250246578064,0.14192288184060922,0.07447891490068041,0.04016975078412232,0.02301862288296698,0.046505482512860546
Te,0.003119347495455445,-0.08632451735010212,-0.17983996897393326,-0.13639231839421426,0.015851138920295372,0.02848380643763595,-0.13541561451349354,0.04651623835766,-0.26213453684426724,-0.12030762668658394,0.03543192290584933,0.06517773144542434,-0.08174741100040779,0.13378434545040777,0.02596603314970112,0.04164060263835094,0.12124483794087135,0.04880471590732284,0.1278511854835217,-0.12853942918533243,0.006909840213704527,-0.00016203921502682423,-0.13284522026806048,-0.14443714614999398,-0.12481327574026481,0.017504082739174708,0.09404731017136855,-0.03958788109734297,-0.1777372405543896,-0.033107567572524185,0.08273379437765768,-0.0033997984122417996,-0.01045441544329524,0.14226018070659616,0.0519566279505072,0.099626729392976,0.1236453621983801,-0.049679830012254844,0.11066256160362299,-0.07521185305017403,-0.12482751616966437,-0.010650631692383339,0.11852321524468022,-0.06638788509775993,-0.049253782122107966,-0.06893613826527997,0.17282305376410576,0.013544470433486147,-0.025669597921252778,0.04038905121154967,0.026679771456628282,-0.08769461938742062,0.03402079349649795,-0.0969671238133479,0.05757672730151837,-0.07017139778562445,0.05195996803162882,-0.012618312501895913,0.0969309917790003,-0.03548728710068611,0.10810964777102612,-0.079076225877676,-0.07715338129849027,-0.057002398037349446
I,-0.13060381124502718,-0.12640804558346205,-0.11825670456535194,-0.1251116642999731,0.12011980978022171,0.07886515465483092,-0.14065586312618097,-0.015565251436704805,-0.27228305839892974,-0.11361871443342356,-0.15266293625893396,0.0655455979422547,-0.05590352575912888,-0.03035997091759922,-0.0174051119802827,-0.10840511924045511,0.06957601567357845,-0.07918102002953066,-0.03064394427137672,-0.09081961462346348,-0.12251319211901421,0.052350648008584515,-0.07830694757047761,-0.14259789763264677,-0.04568192538928476,-0.2173082447612946,0.003936459398629819,-0.09002362476334179,-0.1384089953335844,0.04774505994658034,0.0010407169870184246,0.18758201003290453,0.028899519905138307,0.13851891995153828,-0.1095487816616702,-0.03830973741162152,0.09306601254248596,-0.02567883761825061,0.16031134109655218,-0.0768016715727966,-0.09941407247017563,0.07197287182263717,0.2006824573299969,0.10067856781787525,0.06709023623337804,-0.014557448356448054,0.07141825171179822,-0.14416871318767113,0.08574977140984862,0.01599256135532958,0.04325392729425541,-0.03239682997564196,0.04999311128317203,-0.1469066360036159,0.14168907556798466,0.004546851633752008,-0.04843299252154688,-0.1096425013487822,0.09990790046869287,-0.058350696039752785,0.08346023780549677,0.02832425190345964,-0.004232739453819765,0.1342621850616863
Xe,0.0,0.0,0.0,0.0,0.0,0.0,0.0,0.0,0.0,0.0,0.0,0.0,0.0,0.0,0.0,0.0,0.0,0.0,0.0,0.0,0.0,0.0,0.0,0.0,0.0,0.0,0.0,0.0,0.0,0.0,0.0,0.0,0.0,0.0,0.0,0.0,0.0,0.0,0.0,0.0,0.0,0.0,0.0,0.0,0.0,0.0,0.0,0.0,0.0,0.0,0.0,0.0,0.0,0.0,0.0,0.0,0.0,0.0,0.0,0.0,0.0,0.0,0.0,0.0
Cs,-0.15464252588872796,-0.036387321368377155,-0.013166528423231303,0.11518484286953795,0.1587843129336246,-0.10746362837340993,-0.15128027782239706,-0.057695591381053846,-0.08203084285865078,0.10114763215999248,0.030655306157266082,-0.039617631202170926,0.030676939992861713,0.14485001338003867,0.18610370106647195,-0.05046866238654711,-0.09557781684535244,-0.10141654915616818,-0.03228738145628655,-0.11429881957407666,-0.10757113874038504,-0.04802831144328674,-0.16921339253903753,-0.10525894658013475,-0.10331193790205212,-0.19948123218100758,-0.04826265396530494,0.01754101359677264,-0.03594599701837078,-0.0753697823592537,-0.08037493462963359,0.13183597256870994,-0.08151941149767791,0.10158648554873295,-0.1684299367499417,-0.050727542551925145,-0.03588843273769057,0.08421043436568272,0.09344907158536306,0.016371158192978644,0.015059603117674314,0.19392739283010701,0.07970348417819444,-0.08257643264135116,-0.03754801730648907,0.19738642135946888,-0.20462769327923938,0.02666770453148879,0.14139742662270044,-0.04142804865931093,0.044595798467462276,-0.02622083563456599,0.1347156715614296,0.06827613436317186,-0.012748127886126425,0.015301278108901015,0.09898873092625717,-0.015324150322599591,0.08061470489070123,-0.11747039079214658,-0.09381212226438965,0.05269226682386866,-0.017598363282800816,-0.1047933450735419
Ba,-0.12171433456037715,-0.07063228582790447,-0.007532018188056426,-0.042298301759132684,0.02736607031095999,-0.010377977960155606,0.11189739347075199,0.02525418578629088,0.02294302405894465,-0.06705715681337894,0.05078854015512135,-0.030603493356214848,0.12781289168763466,0.039756137373830665,-0.013980164486069376,0.03217939389483974,-0.10196650173812577,-0.12564282518909803,-0.1342883530845061,-0.1829730113711102,0.08072790861652741,-0.06796150595551773,-0.12709033151040228,0.05465610259752356,-0.016943377779484233,-0.02196467141012776,-0.19530814412081998,0.16174235764390507,0.10067634709665416,0.062409175942201384,-0.040084790974621816,0.05445415422841041,-0.14302994097644256,-0.06428636584205408,-0.1800227836885746,-0.014864790140818004,-0.038242868278619925,0.07013081321995744,-0.100642729169707,0.006686420933952085,0.07239826242212127,0.08775592721941836,0.09322477530856331,-0.12563329169067938,0.04961841653867467,0.0373221758705096,-0.11763657895734372,-0.08102060095887038,0.06515769109087288,0.06723588760571747,-0.016101810162579364,-0.13496109092924508,0.13068298412911458,0.07521379476873064,-0.06364695571638461,0.015895096708882308,-0.08415887421229148,0.02538950660015855,0.022283724312248884,0.13650623626416364,-0.016862686950493793,-0.018046793490393953,-0.01780316682642467,0.03810225710630914
La,-0.011567837437429779,-0.04389203645229546,-0.006532615875086037,0.17312901369915928,-0.10051010370522695,-0.03660927542582222,0.048929234552138386,0.06186469382687245,-0.04546465011840385,-0.007910528864954842,0.021319501884492872,0.06338918168707981,-0.06942385171867864,0.09572298512071954,0.0305243568324886,0.0171497302131087,-0.012905147804220756,-0.12824711953045456,-0.17072729882517707,0.06759056441615156,0.18616244934552173,-0.007057569648943294,0.038753736839677644,0.046643622412088956,0.011393498337662119,-0.023243475865025336,-0.0802860198429044,0.07852760402115305,0.011281124302298405,-0.046379900930972745,-0.07385209174368815,-0.12122808395130615,-0.15147720924058303,-0.03004231479615881,-0.0272909912608199,0.004895587828326308,-0.07912609221851435,0.06753517400416044,0.030564058151127525,0.06543513387247699,0.14111505352782147,0.04933692020493386,-0.009282230424019017,-0.01819935269890984,0.03335453396460916,0.08230258427038267,-0.039418344848471,-0.04102334211043826,0.019605498010804207,0.04441153020000396,0.032027638060922736,-0.1022564220392784,-0.01248740577606068,0.01918916138321334,-0.06763739516449885,-0.016803410307414786,-0.03982780896463994,-0.11170889750827316,-0.051330330642684927,-0.03306817121926601,-0.12138614866563255,-0.09456492498104992,-0.01948170211193839,-0.025697243841366738
Ce,-0.08838270128478488,-0.0350654609609836,0.020543109125183822,0.13834029329406938,-0.09814462993970786,-0.052195487258420104,0.10206437985650342,0.05176553814333519,0.009198920018478936,-0.004231348726949927,0.06438437749847083,0.04257812025556189,-0.07720584085347544,0.06537011933830145,0.004449242909140086,0.030341547927800146,0.02298759392573253,-0.13433630356487242,-0.18020063184027812,0.03718579327624057,0.20421590068512366,-0.033054832369424865,0.08510500527108797,0.08531216638209649,0.0296401735396618,-0.006540849940395315,-0.07162225461144107,0.042908690615970135,0.04720626706124752,-0.06294619222302308,-0.04123659193920702,-0.0773747703890402,-0.11921739911907,-0.06104716289920477,-0.0005050604410377374,-0.046978080343582515,-0.058935338519077764,0.09852547126446488,-0.02399617970381261,0.07098628822012526,0.14633229152206442,-0.02898960691745368,-0.008934773081001834,0.04070944077619071,0.07179608576167207,0.08033682834482626,-0.009069392963522879,-0.07550861614332757,0.025354281171837068,0.06901256761753036,0.025838360366546877,-0.08590503858640998,-0.041735996548959826,0.004844000591161687,0.007777917328108829,-0.026447777930017374,-0.04884913269693478,-0.11626247872340058,-0.10559205473088239,0.029171784511044428,-0.1045537610950302,-0.07552087121757027,-0.07293810491943543,-0.010156535127010124
Pr,-0.05123224817909163,-0.04552752023687938,-0.016148986666102896,0.053603903560273294,-0.05035054883451602,-0.03865356749756817,0.03212958052833784,0.09740762931331778,-0.029627138665057468,-0.05345807925797956,-0.015718001152023056,0.03592757993395151,-0.08394653811342533,0.003753376541675957,-0.028065734931120998,0.030188866295226494,-0.0427283821956944,-0.04862535237969275,-0.11806001973972134,0.03959745594625566,0.18417262025318815,0.011445897834328703,0.03937467902465942,0.03270269499359425,0.0006451357295112658,0.05914339566671318,-0.10020879040242626,0.13735801676901582,0.09733635762945797,-0.05574161889821121,-0.0964599906101016,-0.13278237107166926,-0.13954414840944762,-0.039938521145243606,-0.05110764643374192,-0.03388111792353798,-0.1021354474983953,0.15542400828593106,-0.07793142423693593,0.1084630884966829,0.17573152363669123,0.009774827660846079,0.053695426718217025,-0.051705920602781404,0.0812408199449667,0.05075884787393923,-0.06306322101017088,-0.014290533710132102,0.005209209564485421,0.06277047882013984,-0.029136915894407926,-0.07356806965811663,-0.0400497351384118,-0.03678355998999029,-0.05704633367754886,-0.09847865070227824,-0.09908060335863621,-0.0021185696675750936,-0.13636994044494027,0.030753093425682596,-0.10503974418836289,-0.0027999201847962053,-0.06251389364818105,-0.07320745011736607
Nd,-0.07113459458007385,-0.03518370372344918,-0.027784637182574134,0.1214027474064822,-0.11296768010151777,0.015151508566645416,0.015816540077005416,0.12998733618567124,-0.03594333358965135,-0.0430742758265413,0.08801202032732479,0.037090496352911735,0.011067073763055301,0.06983790121881318,-0.011100427460989867,0.025691524092769553,0.031908981758156,-0.11892450546491187,-0.15448674369168083,0.08778887701086333,0.1932828132602156,0.01173065451043241,-0.008308795280456336,0.05681499303967464,0.13017361119061346,0.046883469123495426,-0.10791178130253133,0.021002134380025784,0.0015143417850852923,-0.03282069955067078,-0.015524731659195075,-0.15707893720519595,-0.07983180419200456,-0.04139085296892953,-0.08428472584733429,-0.05254969558850403,-0.09123965173858263,0.0728410301530224,-0.06471455659897153,0.012979237477685973,0.14799158839191337,-0.02836821703781198,0.0026334397866294473,-0.05876807571243304,0.0357300897150609,0.0923422258888795,-0.027629099379906662,0.031949664727943604,0.016122990220696163,0.004853156647495011,-0.04150609744005861,-0.08363517831991327,-0.012216808841624164,0.06113490377050099,-0.03171932528750179,-0.0053302133052150515,-0.09077513455578973,-0.09207770786593189,-0.027003410230889258,0.017097758179733056,-0.09655263511906728,-0.13823644140928432,-0.0065564373457955094,-0.0019034631969100262
Pm,0.045487758078899716,0.01074753605518848,-0.022392512178668143,0.1987460297172284,-0.07941979038231096,0.00462753506771973,0.1102385105942126,0.07310241075249238,0.02769022569434406,0.024438631125821217,0.06574553538717286,0.04983059429249239,-0.019795746711768727,0.10467943937111035,0.0020661300926635763,0.07569213837408668,-0.03243520816971129,-0.10995775161884454,-0.17215430409810414,0.08376990635717117,0.15730410391245367,0.03451660087045928,0.061574847186565994,0.06772019118428309,0.10926155265197052,-0.07439957168668353,-0.07348823469626997,0.09187468181197625,0.01567303066839286,-0.012698959237335614,-0.04123922505481474,-0.08529700898393115,-0.1374426622908711,0.00698879447083177,-0.06861797409005058,-0.06460413162851253,-0.11346178948098937,0.06511428055504338,0.047217496388159565,0.07455945736191512,0.06077400802713273,0.10919017032201261,0.00489023586467729,-0.03855047224435569,0.021693007231549894,0.01254892751621281,-0.027097343978801584,0.031308679760811066,0.01852782740798193,0.02786002217387621,-0.0059156290672406145,-0.011942960793161641,-0.0280840362820687,0.0521027100295598,-0.09615295735525634,0.07271030012099929,-0.04605559822616611,-0.05992604005360502,-0.0693544865998178,-0.06132850305376332,-0.10461360492805438,-0.0043268869050483,-0.020904818136830157,-0.030721775632072196
Sm,-0.026103964653349538,-0.0824111687544817,-0.02952615942623733,0.19622870942822662,-0.08887141507068172,-0.007171945286074489,0.09625153511763596,0.08087053248594633,-0.04189557687442204,-0.051397066512766855,0.055503791937668086,0.04559086147365463,-0.07368602036016612,0.04369484658477357,-0.0205708406118975,0.03429391325878533,-0.0287763182056265,-0.12601806832605977,-0.15352853205929834,0.07277811497974405,0.14166950139870732,0.032134882657532705,0.02563541953139664,0.06263210697870084,0.09296563176232742,0.05940425852806068,-0.17994602305919424,0.05804409612027564,0.014429555591443988,-0.02287969760277189,-0.08582257351507404,-0.13184234406200607,-0.08141225760529115,-0.11705027832468475,-0.00892292451251752,0.0012453316560897504,-0.04815128029310375,0.04696724865790603,0.0010857658670081947,0.08410070821990254,0.16233307601116903,-0.02831252034887943,0.0287656037954785,-0.04391039694028747,0.025928104600948375,0.05809903865728589,-0.012665133108055004,-0.00029217668119711147,0.015480118837481655,0.06872404118112366,-0.037977152062287904,-0.03776774516855075,-0.0031198478871210513,0.014831105217682565,-0.03029667672824523,0.0344455247311156,-0.0455818296425964,-0.06209959058575936,-0.1052077991087104,-0.0050498350199278275,-0.12100736788944898,-0.11600310234369958,-0.045609088657420464,-0.037505210869603484
Eu,0.03787928920456121,0.023420297282771518,0.09411968429638072,0.16160735552417654,-0.024368748185842445,-0.04515903830449956,0.11064789295113413,0.057192724668574536,-0.01863067270664679,0.01608910219614677,0.016935143476670408,-0.020097134578026213,0.03113329422501162,0.02700937689985301,-0.04226141013003334,0.07567034002673498,-0.1300668115347001,-0.13114850227694264,-0.1594034272412875,0.007310342231971778,0.13474494592632374,-0.003771009933024531,0.0497069939762928,-0.001571562721137527,0.023848786803954487,-0.08866846171960045,-0.036477817634304764,0.0037196553452772977,-0.038910359989033715,0.0011960054538569806,-0.07911017156152864,-0.12376878531908483,-0.13887341310110815,0.028673636820819744,-0.03874378066831953,0.018640709606914534,-0.04974992138607831,0.06457567657720079,0.0676824063669585,0.12047035726575284,0.02745438465413636,0.1474114892916621,-0.011122861507793682,-0.039997635639036445,0.07964582408534689,0.038909807631169684,-0.02794501158269629,-0.08756181197520663,0.08390177153004671,0.08445429557387657,0.06499466779213312,-0.12074774034099671,-0.01339153595036974,0.07993952700290932,-0.12465693104081521,0.08081821335933066,0.04597441734027434,-0.11484137481065768,-0.08163442699966982,-0.08317900496188264,-0.04432399304316038,-0.10691985766448836,-0.04532769699264674,-0.04885389316854434
Gd,0.024631930656124252,-0.05573587221164735,0.0160513983191103,0.14917680055653623,-0.09116384466935433,-0.03706340449558144,0.07754900182822225,0.037971439317675465,-0.04547157872198888,-0.02111200991053334,0.05452400177232943,0.047935540574954125,-0.009347434623299586,0.07375631996214778,0.01163587908704979,0.011875811414241164,-0.0035083878221988394,-0.11286159407291978,-0.12297332882670643,0.089629622117002,0.19645075150664598,-0.014563411959504028,0.042990815205544666,0.0802701326393419,0.04652997164865316,-0.008937078910867063,-0.13188548211714513,0.06984330435334496,0.000633558043785397,-0.0428031262663511,-0.08653837232397504,-0.12958404442301336,-0.1275009289467895,-0.07836379042309785,-0.04814071564097653,-0.022256502424247808,-0.08377602050875459,0.07089834856724321,0.025335562246911938,0.10466570942866178,0.11960844926079071,0.06934178550469854,-2.1821564402282072e-05,-0.06317279087998114,0.04832901035441199,0.028249776031868325,-0.044566144793390154,0.014060577856979516,0.01763274191179269,0.004348645678667134,-0.03178538969025452,-0.02578543605656291,0.002840426497434757,0.026187457232686513,-0.06450415148753975,0.016290072964419536,-0.0012053287576215717,-0.1278107614984552,-0.1107050507101643,-0.016567691661621364,-0.13445186545181448,-0.10543132033877534,-0.00332308809624766,-0.029549750398616754
Tb,0.034184083912872115,-0.022812605474049428,0.014145388530612828,0.10174242039147016,-0.092438830804092,0.021127693046789096,0.07865277280472746,0.0753107032714618,-0.00608092508249799,0.024003697181458318,0.02350739397053172,0.07927540736619411,0.023471889418964432,0.1323322522525523,-0.08697696106997328,0.018780694016785133,-0.019222891109074564,-0.12320170232846017,-0.18911549149499055,0.1167559688639235,0.1300176743884394,0.07113231866659521,0.005660035994437486,0.08889847508378268,0.14269325369243716,0.053767073281240356,-0.0648328438385494,0.06900500278898056,0.060201401907050485,-0.06696099579247008,-0.032380152901812155,-0.17554622948506274,-0.13280213808909636,-0.10693537104208181,-0.029548219723693373,-0.06429275527743686,-0.0684617272557542,0.008395500015483072,0.04006252327626959,0.008904005536878043,0.10774361921687987,-0.03479071563049108,0.07730590000026398,0.04468271192780075,0.06205443158566319,0.04934060890292473,-0.046979819267788395,0.07886593672319586,0.02383835539267333,0.07927472450979153,0.02499375711941152,-0.02949146463550418,0.0018201045661462051,0.02057245609442326,-0.044339739548662715,-0.06013340403755065,0.006655737202387004,-0.07850747455975855,-0.10756396168058352,0.034730859255671355,-0.03941043239122866,-0.05567473104431828,-0.027297047425223136,-0.1009402423688284
Dy,0.004037669655746688,-0.01278831953292394,-0.04362854248728099,0.12148221222853772,-0.05305354414703795,-0.035055650787997245,0.042146891491704974,0.07049452899831622,0.03759785008225938,0.028892340878355353,0.044711944094861886,0.061151919636352185,-0.10354896516230842,0.012293551786114187,-0.0844849182798187,0.05762570472955945,-0.0253804732666356,-0.17967204962423997,-0.19100224627276102,0.1325583386004863,0.16299844982499767,0.005683126187655573,0.11190664207052316,0.07888285129196376,0.13720110430737084,-0.023871481517659266,-0.050481104164511265,0.05100487120200686,0.07277364102231099,-0.12704845736720355,-0.006519977435319613,-0.1048789514402762,-0.08848753855731584,-0.1173157013919656,0.04859887784512032,-0.07466979539345954,-0.04853171740671635,0.1019881187826266,0.010149386761024424,0.04900520833569029,0.0894461311402379,-0.027144697982557378,0.060263867784714015,-0.011029591547529284,0.03878188375548536,0.06111515254497614,-0.005827684341669148,-0.007613199295166286,-0.04661134723462119,0.03825481622401072,0.03106799294388729,-0.006043492535477151,0.025128746865198955,0.06546994057159829,-0.08469737794195274,-0.05068813382226916,-0.03161272971706003,0.003446191182854134,-0.019076521631579312,-0.017382023323566954,-0.1284092229073507,-0.03271722271506949,-0.06517083921103578,-0.10218999197700088
Ho,0.04043859144161313,-0.034733521964433224,0.0030902381025555052,0.1836590900329294,-0.06397643529095445,-0.05634313526138367,0.06310136571551654,0.07025880239842164,-0.0179410312287279,0.0244264417835287,0.09542416434384458,0.03505544849390272,-0.06706845794635419,0.044761711517335684,-0.1270045682290938,-0.004801857209207803,0.012071330162534465,-0.1448365829536644,-0.16251976172953703,0.1054537740951658,0.12456168697689443,-0.009989192295286033,0.14406073470984743,0.09223678108598846,0.167784211735205,0.0010004575548439444,-0.15510959918171383,0.09634638782412286,0.03312944148942149,-0.08972441102853146,0.02149297772045522,-0.14656445329365647,-0.059612457810551384,-0.09226197804652114,-0.013473839080786181,-0.09978577241389787,-0.0756685269689984,0.10578961630494615,0.029880791389578967,-0.0062352981387677215,0.02878410543336134,-0.004153044782558654,0.0486854581913421,-0.01787258314303432,0.02345997094745974,0.022689958168181694,0.03480459372627972,0.05725438049764006,-0.062031084427051665,0.014558440889978787,-0.04139268353026872,0.01246963678306112,-0.020673340304181494,0.05315705100513319,-0.051471580891260325,-0.01812790118493772,-0.049455143107017034,-0.0539493057295645,-0.07696838588138508,0.00744617855466868,-0.11644243186800259,-0.02101043282814592,-0.03840837101097105,-0.08208277235027953
Er,0.0530578320115897,-0.06518701536415915,0.038170756895632735,0.16998772274778862,-0.057555416761726756,-0.05381111255346836,0.05375881176352006,0.041156348739422,0.02413266129082311,0.0027084777417417448,0.07674110789618489,0.011057929955921903,-0.008495215094868827,0.04532460147426224,-0.11552837715877584,0.0437040765711753,0.037492846247043944,-0.1730650598143609,-0.18257241573944788,0.14867315304412662,0.12761462685141417,0.0030552572937845653,0.11910899448603156,0.12097031342250496,0.16949370909948716,0.029690413487087623,-0.1358911206231296,0.06050657313549407,0.07044012677699776,-0.10151463662812878,0.0008064921059446169,-0.10937697266131319,-0.10010348612680774,-0.12590699138341274,-0.025021908921897203,-0.07093394853982453,-0.03255962029620566,0.09219675581885696,0.03936170418303045,-0.003913275887924451,0.056312404479327116,-0.03661013229995721,0.030522331738990615,-0.024143595573479636,0.04669245999998869,0.05588130052989193,0.053586860550670884,0.003921860160599988,-0.01916109160572512,0.003673966100086175,-0.054382316901420855,0.04038416143364282,-0.004849738635526678,0.0065313333517747684,-0.044815387363193876,-0.033676080352128435,-0.04126428446920673,-0.05014089341992514,-0.03488956989823038,-0.05137174658490321,-0.1108708601082353,-0.03288424441535616,-0.025102633491859743,-0.08887839302107119
Tm,0.07766864371903653,0.045827746490726295,0.008962045686181735,0.19224566281674724,-0.023039870063511866,-0.03401888750602006,0.12634888747029147,0.04780169939066458,-0.011430803100434565,0.026343203692553552,0.06630651276024661,0.06997927230746137,0.012178013113735635,0.06436120462354507,-0.08896308537849472,0.10529368256149782,0.05857980732990383,-0.13322113693119045,-0.14549517825063285,0.15058175424149522,0.16137304497670904,0.09860865860926502,0.13054585276822403,0.06104789351187394,0.1639511973350416,0.03968279382067815,-0.1331023131101185,0.07268842678231564,0.025232127086974334,-0.020376239361941998,-0.007394025635046492,-0.07101589147218045,-0.08659399813242731,-0.049159278986826996,-0.03988433004936349,-0.0906578965501974,0.030816163086760117,-0.036988312144488784,-0.05430221127889982,0.011362400014714466,0.08043032573742717,-0.04641442688260606,0.03801311621630323,0.06975252144875727,-0.04016466648998384,-0.03708534087251578,0.05198691134006815,0.08348953116942223,0.002645598488790707,-0.061648485777354704,-0.031697518342319736,0.02486252167112137,-0.030502146546527817,0.033492608619632255,-0.026268986854896932,-0.01433951880754327,-0.0010928826820244908,0.05435813065709715,-0.07828778452601724,0.04380118707772905,-0.09119925387987908,0.052160566196576906,-0.07354882493572831,-0.11520566405155126
Yb,0.05165665657200371,-0.03722582070096084,0.09205102975009713,0.05436449177712715,0.04778421387088219,-0.05911020816055534,0.1430212399196607,0.1596117755177253,0.04828292824501767,-0.01677173421087521,0.08092583280098936,-0.050837602882874075,-0.03443241793519438,0.04427124474849938,-0.15177499923635462,0.17217811304945868,-0.16412960780018643,-0.06042070489924558,-0.1397908700473202,0.024565073550974304,0.14825664222533116,-0.0644296943002259,0.056301945083892455,-0.006658267470619039,0.18914400970941747,-0.00526855001543035,-0.04188704518600912,-0.0340978477815031,-0.025092938991678256,-0.09051462281543642,-0.10095104654945403,-0.11810420165903167,-0.0679966889317712,-0.06389284907172833,-0.018957434750965372,0.025429320049177143,-0.003965553514746594,0.008155844372882338,-0.018295411979330902,0.037411161859756535,-0.0016396685351174243,0.08312775103084363,0.06028716643457306,0.03724301131141828,0.060718254824857085,0.04363009252071573,-0.05297439036007441,-0.08601197565368282,0.11110416380107346,0.04155919508290345,-0.02549479690896091,-0.1302147049747194,-0.045212448594788755,0.08962185551778126,-0.0775678598206308,0.045445638144563115,-0.05475013722032225,-0.053724996591825176,0.018546681987727538,0.06822210092042678,-0.07713212706197055,-0.13716336747465782,-0.0497079847252705,-0.053858677714142995
Lu,0.10088435509378914,0.1301589915684518,-0.009324100258642103,0.11023819461176701,-0.041135661745211966,-0.03837984289069408,0.07117349155646595,-0.017060131162062897,-0.015833880750476835,-0.033352607713879975,-0.0041390192109841606,0.0651156512867873,-0.12403561125427094,0.06969011229699065,-0.10091923177496896,0.004377096997556812,-0.05151868946611248,-0.017547057478746898,-0.12427417167894302,0.028380419634078974,0.1386877130019958,0.0010136811309860543,0.07279383432039135,0.1716067434089467,0.16902704135988314,0.06346654550911256,-0.1271827027036413,0.1546434901377571,0.06156118609130727,-0.09848152270224367,-0.05037749120871575,0.010468286443034772,-0.09799218947863872,0.043027287545625514,-0.0584046290070381,0.03103686167853743,-0.034354886813806024,-0.021047916302729935,-0.011818613687052879,0.004584769322499116,0.06829850227999561,-0.1413359810159589,-0.10360083614232554,-0.05684837201454875,0.05945743777305259,-0.1397054430316146,-0.10852533137572153,-0.023699973247939495,0.0197586384466013,0.027504057617494512,-0.11741173860193976,-0.08066077074713025,0.12884314027946328,-0.004335757081304289,0.07713807047199875,0.049467668242290555,0.01914364695263495,-0.03906569660459715,0.03448997555324052,0.07213199398408307,-0.055489137416360454,-0.012111125395387123,-0.09175260394862987,-0.03566477179671649
Hf,-0.04536115092980496,0.0542852164818199,-0.04948873492917869,0.10251617358187634,0.02395111907596645,0.04723590476260913,0.09923049536219192,0.011704415301990595,0.16578748066183321,0.05887044610692381,-0.10597596773916579,0.014705040110473511,-0.0764488683495823,-0.041548850064914676,-0.05876065577966455,0.01632377966103893,-0.056414104077124,0.057844474258383724,0.06327650486392579,0.13955180785843466,0.02527678260241698,0.11936869209911603,0.07807994005500654,0.08779841132893725,0.05442342103839879,-0.05706697888757103,0.03345828093841111,-0.0054074816475127956,-0.025183661570746505,-0.09391080236632013,0.0616120460064784,-0.13171596787622566,0.041624638693332446,-0.12426822114103349,-0.00025251358360956817,-9.461464076782904e-05,-0.0337977686872307,-0.003188545578174817,-0.047345003644629485,0.09436425096671754,0.09879527739785592,-0.10196883792548157,-0.015038214082136538,0.05445111090671889,-0.02194472518562377,-0.16793287063531573,0.06653025820320253,-0.0367087497597508,-0.04121317009041387,-0.15603566964105137,-0.18608384748179435,0.02327609546951471,-0.06506805249939682,0.05171950170576141,-0.01169966489029753,-0.06516381923134396,0.07332689419954108,0.08032394137822407,0.02238198778276249,-0.07184844064276384,-0.11184106183686399,0.01011436315112333,-0.13029581918958122,0.16000744514163995
Ta,-0.004075710187054722,0.14527545286021626,0.01211540342852988,0.08527556036929662,-0.012998610407875932,-0.10575252996580374,0.06025177187405037,0.10408816991367006,0.19981406448073624,0.07556070989735196,0.010464817638266146,-0.0706736298729759,-0.12173185443696131,-0.07549257899945011,-0.10516707074729792,-0.1365523161698002,0.05032536245457087,0.09739288652995885,0.09361591245802729,0.08327443001495922,0.15235453851388797,-0.03747261196502256,0.015905091559576853,0.09673085075193662,0.0573635640605236,0.010987126693671913,0.008356997566521968,-0.07600886648590767,0.0007403102750789882,-0.003321993284875458,0.037265506250552013,-0.04577526188911923,-0.04447432472541532,-0.09547872349261598,0.034923313807254566,0.06766603480846302,0.03493353847612854,0.00679752442183846,0.0013412591571901192,-0.026445611320984313,0.032816228721597715,0.013406611742897739,0.00413584515843088,0.002302283999758611,-0.01513440244095257,-0.10630100914739725,0.13770105101800975,-0.11480917185208545,-0.012140096226445287,-0.1427034687007762,-0.1300248632290841,0.09278440149894071,0.022248232313907355,-0.024731845076409208,0.015880531440485797,-0.1303088229235421,-0.05124430746643465,0.04786730880291381,0.05272042662827287,-0.006353299975789034,-0.027537837532303665,0.04388172070689843,-0.057502645512051205,0.18044686790075978
W,-0.007118128191152498,0.16841059343331546,-0.04823579513271331,-0.12350206609973499,-0.1281298196758968,0.018361556995312583,0.061757785333293035,-0.018305301707770703,0.19617935118764954,0.12811230857878528,0.010061416680453876,0.07121164264635628,-0.07979257403117591,-0.04245050107511186,0.1165662595684989,0.005797168289720584,0.1135400991618707,0.16425641376244127,-0.03469585006866475,-0.026078998800166495,-0.08611071796909418,0.07543781625889055,0.06909474739145624,0.02814812071240786,0.02198881723343674,0.07951515584860766,0.05387663232864996,0.009557167536007138,0.08582109547553424,-0.025625721187953185,0.04952839630393339,0.031250267101745104,-0.056110942813230764,-0.06855383273887874,0.13625676986465646,0.10362213011325871,0.01090119541626742,-0.018678308683991392,-0.08783295532352585,-0.024585278048357185,-0.06803968516598825,-0.08751581451439681,0.012564376289162698,0.0730487263209801,-0.013117014816813925,-0.07393707136860807,0.10965332981779835,0.09594096392335495,0.07756193389254193,0.05584316745187372,-0.02214729486317718,0.0486044094783707,-0.00273451618727249,0.03527797888593866,0.033595002537769626,-0.060143020725122905,0.052886819266441676,0.0831361429985999,-0.11329600339561893,-0.11597875618436199,-0.015374073480057964,-0.04708674587818622,-0.03624987305564655,0.1842115808296627
Re,0.045203074248346006,0.20712610265617654,0.11597016254048004,-0.09957841035346025,-0.14361862504318662,0.0417121785790618,0.0008409378200798835,-0.033751065176828327,0.19491744953372214,0.12751234426334965,-0.027846541914196537,0.10703750699288526,-0.0724202427613048,-0.007443323439999899,0.02223747625001093,-0.1122845708673424,0.14559547961641756,0.10226435703738776,0.10246943575972045,-0.023169041515713324,-0.150447150197989,-0.060713472958930426,0.09844206976173941,0.0931133032978962,0.0032473049304763213,0.09999736132309167,0.11750429075147464,-0.009418199390796406,0.03032600367751091,0.15920691912720014,-0.03862197681281927,-0.011988078890225563,-0.009253704944155098,-0.07443762415936118,-0.009523082408641467,0.04576974095707002,-0.04099998704199727,-0.07355670852447803,0.0066857666557481295,-0.02745426645988357,-0.07142536969778267,-0.13067425688215561,0.0558055859797189,-0.04492462516652643,-0.02443664751897664,-0.05111682256166202,0.11910332304863931,0.018705290691113815,0.07417045298463333,-0.139419327256254,-0.0596062987029923,-0.03511832466973151,-0.0437258892008899,0.0018817672777206352,0.018257101062486715,-0.05219965243503199,-0.01895398031168476,-0.05229704844512299,0.02151875081493406,-0.08757385007001578,-0.021231139363680124,-0.02557907320627651,-0.11376259245251923,-0.02911947444581397
Os,0.0653881771935277,-0.005512059480419662,0.060555612574003534,-0.12475978071646016,-0.04326867653236088,0.08634669474861861,0.011147151133150469,-0.08089446404580619,0.07203536831720299,0.07286743855731001,0.007676648792393546,0.1042134855883594,-0.01803427380008538,0.04457839281196329,0.15156978186597825,-0.08340939812858486,0.006263191431437536,0.16768440927018444,0.07400849407066372,-0.06546958819775049,-0.06743720941723642,-0.09645591373109584,0.011402549952623044,0.04994246737143266,0.04729451558198821,0.08056957128807395,0.14152194360327622,-0.13341956598148286,-0.012984174596998294,0.038844501961790616,-0.033066877199352106,-0.06342908267232954,0.08855842281419571,0.1334843978282424,0.0032242049233868215,0.06501915292470951,0.11705852923957757,-0.15675059652311202,-0.05229697441410909,0.10970411424528233,0.11587732794507485,-0.029881010213961032,-0.07935598885428999,-0.09082254369567618,0.04002483635228694,-0.09489763892940858,0.05885764966010325,0.11995774374758028,-0.15955532687893803,0.019383951900242176,-0.03520190581646993,0.11156776083925969,-0.041330104208941544,0.06844444680899472,0.06434165878566846,-0.11101972369147634,-0.1388931646113924,-0.04142887678322339,-0.10612716862604342,0.012151449766758853,0.12690884861594076,-0.04535448268951794,-0.05599129503183473,0.06717885618236238
Ir,0.07213936483682235,0.050885942126358885,0.12448360363495187,-0.11014418920779415,-0.07118309657394405,0.024627978303611797,-0.023568886577194484,0.06284366157458965,0.0728496973359342,0.10531054812265636,-0.13434340927675967,0.0781885731105745,-0.008833422347210795,0.09352739944018483,0.12024397688264647,-0.059066756215692656,0.08702262171476265,0.022746853483603648,0.040405273095245345,-0.07176875002388053,-0.14384399444153376,-0.03911476509591317,-0.08990788278982799,-0.06263210035158671,0.057442353930515444,0.08215278923820492,0.17220265997945414,0.01509457836519831,0.02280689834199469,0.0295258418315089,-0.1387849359824391,-0.05039709974438206,0.10175536346590995,0.08376251867175395,0.021055484947802124,0.05002606768242209,0.07332666337947959,-0.16351860891042316,-0.08479863439190713,0.09001775069727036,0.042536134049735136,0.04832661903909344,-0.08846157379442889,0.0490373027307265,-0.08901520741425031,-0.1252487871366879,0.17866505278870043,-0.01590842320000196,-0.05118072810650718,-0.045466917762091344,0.040892239394427314,0.14613661382100468,-0.012348186292853903,0.07624189533055317,0.01415215262256725,-0.03289983708809786,-0.09142971432184885,-0.05063131825789216,-0.101944810102169,-0.0741314887879567,0.13933694435488897,-0.04839977392707423,-0.07220139552006352,0.05058949377349879
Pt,0.013446834263892286,-0.014149231430095824,0.08280729735053476,-0.16774822902646264,0.05128479451229587,-0.029559323088678268,-0.02910825147683785,0.03119591630065016,-0.00960802822846118,0.13643785831389837,-0.07618784114881097,0.08249847694015602,-0.0982716117125151,0.12225357561817463,0.11275212206368727,-0.03133818709493224,-0.030477040885469132,0.027307413454351677,0.161900501433528,-0.09484747996660282,-0.07320133658983342,-0.1723647080892012,-0.06559930380107754,-0.0018868998159402657,0.10287576388579665,0.024789536756282125,0.16846025032891504,-0.024121230778437877,-0.11672290393936524,0.003457082261589317,-0.040984786917556734,0.055559741869579016,0.07565516294798445,0.014506084538657229,-0.033987531453251923,-0.017576188417071495,0.14638570011222204,0.022415965877220903,0.06438523698521217,-0.006409865864411905,-0.00720363965781149,-0.03142708917375289,-0.09464568797131769,-0.012914556214215776,-0.1413328054807896,-0.14649907626294512,0.16340317740732818,0.08665257164239824,-0.0925047667534718,0.018817744005537266,0.00221288547713568,0.09313706154330456,0.06319391006514861,0.12193106498884917,0.10732465245306322,-0.07859979729849581,-0.08802505154694072,-0.04875151262660255,-0.08111120791390974,0.030258596471170286,0.05988964875715592,-0.10439285072978637,-0.0198798976544693,0.1753350613012638
Au,-0.044285431283868575,-0.06043731191564524,0.14507091121491136,-0.12722273807370782,-0.0582874604785323,-0.03926885579585757,-0.029294444218127255,-0.01123985956832554,-0.010959463594129438,0.005835019454752472,-0.0012640459982832,-0.10012109413131122,0.02237493000890517,0.14321088022784417,-0.012577690310206308,0.09973170556401928,0.08817712343050756,0.12102542672667754,0.09128622031578085,-0.12326964749665559,-0.15548328102071685,-0.09571075525376546,-0.13819621234105695,-0.08806104681135088,-0.10673606065918419,-0.08336340500871885,0.13172943578740864,-0.11967512196680338,-0.14482114080299982,0.01956615647353893,-0.13838212143618636,-0.06781995406332612,-0.07704543584508629,0.14568942015229122,0.06491061060347424,-0.008579081574989723,0.1178791978126941,-0.026302226306570548,0.06655927045655578,0.020597996352238176,0.015187705743659047,-0.07016595385817903,-0.06783578971630017,-0.03588341020440121,0.09906535471939867,-0.040866897910816456,0.1306351603088694,0.09849082513438666,-0.09627582250624664,0.07408197486434355,0.06810242486178449,0.13997545384905555,0.1351473157735371,0.1317703047693349,0.004869833396546084,0.09710372166297007,-0.12214042741851418,0.048710383193694834,0.09899464379338443,-0.019105697929936133,0.13307485237003747,-0.050058828794076776,-0.03579977894419203,0.055418430709429464
Hg,-0.10962276068304186,-0.009965399397074321,0.0013558948695737158,-0.013900526711995929,-0.09903365029328902,-0.06147214238460596,-0.07273626546509834,0.12621985551337953,-0.2012170723890115,0.12020591755203656,0.008348376597252146,-0.12042497944658032,0.11500338102649181,-0.11656332538590196,0.13605421817277294,-0.0060333879845659135,-0.014134842554366993,0.00670017434488415,-0.05431474305645436,0.05228935695572706,-0.22428434339885386,-0.008338695372660722,-0.05491148634056065,0.06340015099461337,-0.12203502117330708,0.01382661089179038,0.015051097885622308,0.032599711586185826,-0.1291201572700975,-0.07381654151206743,-0.07624268879568112,0.07267252308729666,-0.04680389974099818,0.058803548919087754,-0.08219522105254712,0.12030508967399708,0.13816258236426127,-0.03157806205105628,-0.03869138910878956,-0.06432956363332955,-0.11205343631873207,-0.12559547978017208,0.022211228740575534,-0.008713133379908077,0.11352062967900714,-0.07500769267462142,0.03946314049297751,0.02967085223337313,-0.015793375556227045,-6.001365221504735e-05,0.04413882273894598,0.002650798731555867,0.12153121360616957,0.1624850477340714,0.010824946267030776,-0.04522271847173029,0.02011664414895283,0.012083770601392705,-0.011016563949667855,0.058161287590042125,0.1878833617831091,0.1522130031883396,-0.008744146766505872,0.12205674394051444
Tl,-0.06727468585120876,0.054508013563506166,0.026680080929825396,-0.0479752412571537,0.08146445738053144,-0.07516930981257999,0.15278758913524418,-0.013194138805798856,-0.006619612238368205,-0.06972666849484353,-0.020268925879458475,-0.019998122752139448,-0.03934892753618018,-0.001065459096472321,0.02842016938789258,-0.1382454312218594,0.07019893973968286,-0.09037208647398386,0.09119067331073472,-0.12861017119661886,-0.08546551636666412,0.023947748994827458,0.009470696262453298,-0.0224197379323968,-0.05669843979468555,0.07454419553532625,0.04655504272960359,0.06967986436092087,-0.16417336978238317,-0.05394148823297411,-0.0017316719072481847,0.04291864991344375,-0.09600060609850224,-0.0009459439421150566,-0.0857195047474165,0.19256940158818298,-0.09523969189547367,0.029962865452053185,-0.13150190886703872,0.08256596630004187,0.07938912949967888,-0.06416053263317,-0.0474231673854536,0.07219593760708451,0.07610552150095203,-0.0076275238615551594,0.05677796300272676,0.07948392384204402,-0.048832586022535186,0.07162784647856395,-0.001063386804335962,-0.10243979937924991,0.05644122782992292,0.0237720877819105,-0.06712935548568817,0.030205495778418658,0.13739244197230474,0.0810615037891635,0.2086849995558531,0.09509846227034682,-0.057477191501098715,0.014291625510988072,0.17021791076225581,-0.006688782911897392
Pb,-0.0860096893670993,-0.09185595109173551,-0.1420522049563805,-0.03768175170844856,0.06016527778887062,-0.0397187107104547,0.1402756269559019,-0.04075064449951294,0.050685251903078876,-0.08405242077002632,-0.01858400094287177,-0.037430433881396,-0.0651359895685405,0.10026144528166561,-0.02907289989881828,-0.056467844223272994,0.09779210982541567,-0.025280892692932332,0.02536980690882574,0.004359026198806218,-0.11018904637705869,0.07974373194350415,0.050018471466970776,-0.11627972568117324,-0.15429027674124052,0.065760135919238,-0.012722776653265062,0.0035663578615050696,-0.09388046269248083,-0.03894779759248373,-0.06710580381749912,-0.030320711377842993,0.023979573749957343,-0.03541153423213375,-0.010393302551475516,0.2017456506923864,0.038140745448168374,0.11256796666886396,-0.04591571210906754,0.07533809753171188,-0.11113381678761786,-0.06262006320702788,-0.08000900035159063,-0.07163259193181268,0.13237804119579602,0.012584079288145651,0.044102535758287056,0.013105028017452653,0.015344304675858645,-0.009446322122394279,0.0505747226784494,-0.03980527471840824,-0.1009795088463824,0.16557935827277354,-0.013955282065854452,-0.1800405462298935,0.15617053338028997,-0.06128960723622883,0.11474938822819347,0.016925001254238226,-0.020572440483281624,-0.02078565830028399,0.018833621152195258,-0.00970074001059546
Bi,0.008795915097857,-0.040735435720607435,-0.15287297403802363,0.011669264760314905,0.03829629903254104,-0.05477021130973085,0.05391604438519119,0.03448992698172938,-0.08440900310990958,0.045790421444980266,-0.06821883096598155,0.04087629736521699,0.0037184615110026614,0.11408449406426839,0.0334113654525606,-0.1265170755079491,0.15634335583839115,0.049878708908158736,0.08602409567497402,-0.10847315374849062,0.003364779250222383,0.057393720001244895,-0.08389779120832283,0.03744505561674598,-0.1454731821561789,-0.004610206773981866,0.052028025181802155,-0.032606468137930465,0.005899597994326391,-0.10665794736578209,0.09448276027078123,-0.09016280264467717,-0.09181851469884399,-0.06661975527700784,0.024789987847637272,0.1950247826375805,0.031107023626782748,0.08976534895664322,-0.09233882607338277,0.016399549968907925,-0.05234003435557347,0.011702223841942989,-0.042928636456998334,-0.002266888659370294,0.0684252461019,0.07953654933554584,0.03672075713131688,-0.12372110734204769,-0.024346699444666917,-0.05250057060661452,0.13632991098149042,-0.023333781186667252,-0.11747360232386814,0.1343283062586997,0.07255330717646914,-0.16565259087460424,0.09112508418654472,-0.03844688559541207,0.1267680864109413,0.11016092587836031,0.10386625783140727,0.009148502339093213,0.017294033078468832,0.04106940304656274
Po,0.0,0.0,0.0,0.0,0.0,0.0,0.0,0.0,0.0,0.0,0.0,0.0,0.0,0.0,0.0,0.0,0.0,0.0,0.0,0.0,0.0,0.0,0.0,0.0,0.0,0.0,0.0,0.0,0.0,0.0,0.0,0.0,0.0,0.0,0.0,0.0,0.0,0.0,0.0,0.0,0.0,0.0,0.0,0.0,0.0,0.0,0.0,0.0,0.0,0.0,0.0,0.0,0.0,0.0,0.0,0.0,0.0,0.0,0.0,0.0,0.0,0.0,0.0,0.0
At,0.0,0.0,0.0,0.0,0.0,0.0,0.0,0.0,0.0,0.0,0.0,0.0,0.0,0.0,0.0,0.0,0.0,0.0,0.0,0.0,0.0,0.0,0.0,0.0,0.0,0.0,0.0,0.0,0.0,0.0,0.0,0.0,0.0,0.0,0.0,0.0,0.0,0.0,0.0,0.0,0.0,0.0,0.0,0.0,0.0,0.0,0.0,0.0,0.0,0.0,0.0,0.0,0.0,0.0,0.0,0.0,0.0,0.0,0.0,0.0,0.0,0.0,0.0,0.0
Rn,0.0,0.0,0.0,0.0,0.0,0.0,0.0,0.0,0.0,0.0,0.0,0.0,0.0,0.0,0.0,0.0,0.0,0.0,0.0,0.0,0.0,0.0,0.0,0.0,0.0,0.0,0.0,0.0,0.0,0.0,0.0,0.0,0.0,0.0,0.0,0.0,0.0,0.0,0.0,0.0,0.0,0.0,0.0,0.0,0.0,0.0,0.0,0.0,0.0,0.0,0.0,0.0,0.0,0.0,0.0,0.0,0.0,0.0,0.0,0.0,0.0,0.0,0.0,0.0
Fr,0.0,0.0,0.0,0.0,0.0,0.0,0.0,0.0,0.0,0.0,0.0,0.0,0.0,0.0,0.0,0.0,0.0,0.0,0.0,0.0,0.0,0.0,0.0,0.0,0.0,0.0,0.0,0.0,0.0,0.0,0.0,0.0,0.0,0.0,0.0,0.0,0.0,0.0,0.0,0.0,0.0,0.0,0.0,0.0,0.0,0.0,0.0,0.0,0.0,0.0,0.0,0.0,0.0,0.0,0.0,0.0,0.0,0.0,0.0,0.0,0.0,0.0,0.0,0.0
Ra,0.0,0.0,0.0,0.0,0.0,0.0,0.0,0.0,0.0,0.0,0.0,0.0,0.0,0.0,0.0,0.0,0.0,0.0,0.0,0.0,0.0,0.0,0.0,0.0,0.0,0.0,0.0,0.0,0.0,0.0,0.0,0.0,0.0,0.0,0.0,0.0,0.0,0.0,0.0,0.0,0.0,0.0,0.0,0.0,0.0,0.0,0.0,0.0,0.0,0.0,0.0,0.0,0.0,0.0,0.0,0.0,0.0,0.0,0.0,0.0,0.0,0.0,0.0,0.0
Ac,0.010506085484311409,-0.07158911334241044,-0.003276926703072053,0.19127299309854823,-0.1518618251976337,-0.07978662851994824,0.02106728672786867,0.03356286151298013,0.01626826223624536,-0.09618844911424232,0.01522984625459546,-0.006326443129035372,-0.05365208040632745,0.04691428857676639,0.08796911368803362,-0.0034374717358487705,-0.08554544855104401,-0.012390042539233953,-0.027716886581630337,0.11913370443185513,0.19800162898702706,-0.05384040769170488,-0.019226749778850638,-0.06360889631918491,-0.02792177804806416,-0.08094561873365447,-0.014533522281905437,0.14630959764636592,0.082675319740863,0.0232337383624082,0.010655707456970243,-0.05586243796019922,-0.2089972623696957,0.029807303705934218,-0.09571647268494667,0.028877458194134585,-0.11759810230884471,0.14301609804580173,0.06143710914908021,0.055569592762691314,0.13792441426349192,0.09321825602430459,0.022335206005625163,-0.044004499301687525,0.054126495029453416,0.14160169072814613,-0.0916799904854542,0.01113409805164436,0.04682811288892859,0.09419822109636183,-0.005305891094926227,-0.020268847094501982,-0.07771345597483037,0.002544770178913071,-0.03271569016417828,-0.007321321480015769,-0.01977070166942049,-0.00804269863853423,-0.07512126909420315,-0.022780754902403017,-0.05222489900063823,-0.14906626503331347,-0.05027379168123703,-0.04485382573993649
Th,0.04596951703860374,-0.014178815314640244,0.07668288718241315,0.11750066308041031,-0.06954710227622005,-0.015388231134194444,0.05659187647262652,0.04677041148439772,0.04255311806194701,-0.05983925002126814,0.18420617553663016,0.07960141646950593,-0.05823539725636413,0.0337838728335514,-0.04575192979955237,0.037097586799882704,-0.07252152170255557,-0.0014534323739089988,-0.18357189888706552,0.1972009223114287,0.1574514943669584,0.03390576994322784,0.07076517163272245,-0.011525114865375437,0.13410388957844652,-0.08070094759264601,-0.12709824558913352,0.05283718039891602,-0.02210401425715721,-0.04359651426363696,0.11068966147938794,-0.039914127627411575,-0.1547211645650553,-0.07817138405245497,0.1375708907223576,-0.01738545978019548,-0.10884941724944308,0.08682399642261168,0.015852001456298958,0.04035815498455804,0.10352130833034812,-0.025858177831286067,0.07458510874564175,-0.09659569203581879,0.02413772276740132,0.07458766556413522,0.055422686154548914,-0.006067119859815875,-0.07326964447975333,0.0032262702882863963,0.008330781173411834,0.06312480091741389,-0.10924103786291113,-0.04853538313537026,-0.014702482741643496,-0.014483510205430322,-0.04251054350920014,-0.025857739940442336,-0.070004494564088,0.015866484000829524,-0.0251404297770575,-0.08356502786913181,0.022631045197736684,-0.06642468763943371
Pa,0.04770608753450536,0.03793351771888013,0.08469016707325042,0.1372362894652533,-0.1313843851735363,0.001959160368237664,0.07915490931956873,0.002409626921445022,0.06528070612429905,-0.04431969571802534,0.12272373684972464,0.10118387360267239,-0.04822968721246301,0.09503243269253621,0.03847156550409046,0.048811123156765085,-0.054385351340930525,0.017727628763110435,-0.15383467287689362,0.1478393762044822,0.2002632018423751,0.07428868627711051,0.11564667781550494,-0.02167737361784953,0.08859888450181284,-0.10585674120704806,-0.08026870737187396,0.05008873762180868,-0.02496318651124577,0.004293863320987614,0.029235513671153845,0.04653272223070335,-0.1109530433332382,-0.08488986159103634,-0.003846215936807627,0.04626272307779784,-0.07847051420730829,0.05362931702517043,0.02595059308979673,-0.009767982078420674,0.0889912656375652,0.09139241794821486,-0.017477947641172453,-0.07397513984940643,-0.05048330214643765,-0.02399768854814662,0.005023770506609099,-0.034092943610657345,-0.04049816265113368,-0.06104044816331152,0.03107824187685807,0.06159792701000947,-0.11525935568565428,-0.028229405184895754,-0.06359152353750565,0.044665171319552506,-0.0701339826648857,-0.062146053843453924,-0.08387247599574055,-0.027465082259424883,-0.07688704255021973,-0.01954280584722011,0.03167950260254334,-0.09311815272823985
U,0.03608998704753442,0.04717440005914316,0.14114531548849948,0.018305039093970205,-0.11210663456447609,-0.024401180873818085,0.048396365201144466,0.042355323379287206,0.1073198247418285,0.0003492081718839726,0.1607743381520308,0.10148962003661012,-0.05051994320032209,0.052454150561844395,-0.08110919663455775,0.05330175540779923,-0.030742187776255616,0.06984535234083125,-0.05300271062008399,0.20327074840993345,0.1683851989694483,0.1022395148986509,0.1377399766879458,0.005181216594681394,0.017128942430352095,-0.001966440125168945,-0.12041416498932664,0.02120098569875284,0.010269676209641192,0.00032504600664792673,0.17602454328797434,0.0455145886696568,-0.12715843691744766,-0.09609779925845902,0.037894955809433695,0.02640766110929815,0.011844726062387931,0.022348765439630106,-0.012642706208054794,0.10378277661921749,0.09608386764306302,-0.07406122671566623,0.04838469794805482,-0.027648927884799678,-0.017564251972559747,-0.048818184863743945,0.02000654164956863,-0.019882890698818524,-0.05668202404499241,0.024950342197593834,0.06365103994527571,-0.03179704251837333,-0.14070325459629363,0.06099108012229411,-0.07835236169305333,0.09472646304029202,-0.028926646952006602,-0.06332418560273628,-0.1074529213720776,-0.06125078642031676,-0.09059102843885598,-0.07295815252662156,0.04991074658842091,-0.06799017277086482
Np,-0.011644023305635935,0.017503917633110756,0.07801271212912629,0.09614608074094505,-0.05559370524999088,-0.007977373324254815,0.0819446118941392,0.01825539344479351,0.03734479221718312,-0.07711832585214283,0.1942595912938677,0.05239876579610864,-0.005238752844544913,0.10538839449449962,-0.0718412802450426,0.07136972822778853,0.00461368255911956,-0.0400777081365374,-0.16540518403215462,0.19094420609194018,0.15917801338073426,-0.004226755678111752,0.08973980553896428,-0.02233798887368739,0.1316242030855166,-0.09317080108986531,-0.07208412863284214,0.05983064487833527,-0.02374711060000286,-0.015445604980887699,0.10364628925470601,0.01565563882602055,-0.15548295800589468,-0.11467582631720971,0.14414394910306666,0.029784053014012254,-0.058475205197223226,0.10288984265489041,-0.035538168872110316,0.031034471201079918,0.07012454414568813,-0.01769231722980027,0.10069526289760825,-0.0707934168162443,-0.005368942365867978,0.0974512917679103,0.013591708152910846,0.03110675715720882,-0.018926926157279176,-0.0006935086046413686,-0.02926125636035892,0.030813309048371262,-0.08665465405026858,-0.05330097901947283,-0.01783908946158776,0.029053088006876133,-0.09076126792607488,-0.027974983358920107,-0.14520203262953413,-0.0039746763911865605,-0.019378575089249624,-0.08521843189951957,-0.023761057529752317,-0.06262935443313958
Pu,-0.004203428037959131,0.045970295087292175,0.08690147615122354,0.06147533752838642,-0.09455038910966729,0.005275625940240142,0.05527244306330983,0.09856241902846463,0.04611690584333542,-0.0682977293457,0.2006034609761528,0.044090154810299244,-0.027037978476300375,0.11128180907977665,-0.06856716701478921,0.11350220405905996,-0.09255313050238591,-0.03763125348389573,-0.1837164815242413,0.18933142084082658,0.1215730653367948,0.046833294582491865,0.1787411427819316,0.003711806642324916,0.1445912104989699,-0.05428895232890933,-0.1114317199820145,0.05224952933101499,0.023649973020253907,0.053582456724553376,0.13118112734464735,0.03688603867246955,-0.04381281902951546,-0.10005057654925999,0.10769658021876737,0.04298360246190001,-0.08417617280566955,0.10886987340493356,-0.0270585240127087,0.027460751439673112,0.12190403320104853,0.07332159086412822,0.03026350304395855,-0.002155440849207647,-0.007472402249556336,0.0010208804343547736,0.05241676148695934,0.0031447804078093,-0.029394945240230414,-0.03200235501624312,0.016919277593793396,0.04836953046757154,-0.07611182664898175,-0.06262441361468554,0.05740614525646812,0.02363265681876033,-0.05128359068679273,-0.05792585154956245,-0.1310495681663884,-0.0229012648054334,-0.06089145983655751,-0.06407668869989502,-0.008558900490098617,-0.07648022350818809
Am,0.0,0.0,0.0,0.0,0.0,0.0,0.0,0.0,0.0,0.0,0.0,0.0,0.0,0.0,0.0,0.0,0.0,0.0,0.0,0.0,0.0,0.0,0.0,0.0,0.0,0.0,0.0,0.0,0.0,0.0,0.0,0.0,0.0,0.0,0.0,0.0,0.0,0.0,0.0,0.0,0.0,0.0,0.0,0.0,0.0,0.0,0.0,0.0,0.0,0.0,0.0,0.0,0.0,0.0,0.0,0.0,0.0,0.0,0.0,0.0,0.0,0.0,0.0,0.0
Cm,0.0,0.0,0.0,0.0,0.0,0.0,0.0,0.0,0.0,0.0,0.0,0.0,0.0,0.0,0.0,0.0,0.0,0.0,0.0,0.0,0.0,0.0,0.0,0.0,0.0,0.0,0.0,0.0,0.0,0.0,0.0,0.0,0.0,0.0,0.0,0.0,0.0,0.0,0.0,0.0,0.0,0.0,0.0,0.0,0.0,0.0,0.0,0.0,0.0,0.0,0.0,0.0,0.0,0.0,0.0,0.0,0.0,0.0,0.0,0.0,0.0,0.0,0.0,0.0
Bk,0.0,0.0,0.0,0.0,0.0,0.0,0.0,0.0,0.0,0.0,0.0,0.0,0.0,0.0,0.0,0.0,0.0,0.0,0.0,0.0,0.0,0.0,0.0,0.0,0.0,0.0,0.0,0.0,0.0,0.0,0.0,0.0,0.0,0.0,0.0,0.0,0.0,0.0,0.0,0.0,0.0,0.0,0.0,0.0,0.0,0.0,0.0,0.0,0.0,0.0,0.0,0.0,0.0,0.0,0.0,0.0,0.0,0.0,0.0,0.0,0.0,0.0,0.0,0.0
Cf,0.0,0.0,0.0,0.0,0.0,0.0,0.0,0.0,0.0,0.0,0.0,0.0,0.0,0.0,0.0,0.0,0.0,0.0,0.0,0.0,0.0,0.0,0.0,0.0,0.0,0.0,0.0,0.0,0.0,0.0,0.0,0.0,0.0,0.0,0.0,0.0,0.0,0.0,0.0,0.0,0.0,0.0,0.0,0.0,0.0,0.0,0.0,0.0,0.0,0.0,0.0,0.0,0.0,0.0,0.0,0.0,0.0,0.0,0.0,0.0,0.0,0.0,0.0,0.0
Es,0.0,0.0,0.0,0.0,0.0,0.0,0.0,0.0,0.0,0.0,0.0,0.0,0.0,0.0,0.0,0.0,0.0,0.0,0.0,0.0,0.0,0.0,0.0,0.0,0.0,0.0,0.0,0.0,0.0,0.0,0.0,0.0,0.0,0.0,0.0,0.0,0.0,0.0,0.0,0.0,0.0,0.0,0.0,0.0,0.0,0.0,0.0,0.0,0.0,0.0,0.0,0.0,0.0,0.0,0.0,0.0,0.0,0.0,0.0,0.0,0.0,0.0,0.0,0.0
Fm,0.0,0.0,0.0,0.0,0.0,0.0,0.0,0.0,0.0,0.0,0.0,0.0,0.0,0.0,0.0,0.0,0.0,0.0,0.0,0.0,0.0,0.0,0.0,0.0,0.0,0.0,0.0,0.0,0.0,0.0,0.0,0.0,0.0,0.0,0.0,0.0,0.0,0.0,0.0,0.0,0.0,0.0,0.0,0.0,0.0,0.0,0.0,0.0,0.0,0.0,0.0,0.0,0.0,0.0,0.0,0.0,0.0,0.0,0.0,0.0,0.0,0.0,0.0,0.0
Md,0.0,0.0,0.0,0.0,0.0,0.0,0.0,0.0,0.0,0.0,0.0,0.0,0.0,0.0,0.0,0.0,0.0,0.0,0.0,0.0,0.0,0.0,0.0,0.0,0.0,0.0,0.0,0.0,0.0,0.0,0.0,0.0,0.0,0.0,0.0,0.0,0.0,0.0,0.0,0.0,0.0,0.0,0.0,0.0,0.0,0.0,0.0,0.0,0.0,0.0,0.0,0.0,0.0,0.0,0.0,0.0,0.0,0.0,0.0,0.0,0.0,0.0,0.0,0.0
No,0.0,0.0,0.0,0.0,0.0,0.0,0.0,0.0,0.0,0.0,0.0,0.0,0.0,0.0,0.0,0.0,0.0,0.0,0.0,0.0,0.0,0.0,0.0,0.0,0.0,0.0,0.0,0.0,0.0,0.0,0.0,0.0,0.0,0.0,0.0,0.0,0.0,0.0,0.0,0.0,0.0,0.0,0.0,0.0,0.0,0.0,0.0,0.0,0.0,0.0,0.0,0.0,0.0,0.0,0.0,0.0,0.0,0.0,0.0,0.0,0.0,0.0,0.0,0.0
Lr,0.0,0.0,0.0,0.0,0.0,0.0,0.0,0.0,0.0,0.0,0.0,0.0,0.0,0.0,0.0,0.0,0.0,0.0,0.0,0.0,0.0,0.0,0.0,0.0,0.0,0.0,0.0,0.0,0.0,0.0,0.0,0.0,0.0,0.0,0.0,0.0,0.0,0.0,0.0,0.0,0.0,0.0,0.0,0.0,0.0,0.0,0.0,0.0,0.0,0.0,0.0,0.0,0.0,0.0,0.0,0.0,0.0,0.0,0.0,0.0,0.0,0.0,0.0,0.0
