element,0,1,2,3,4,5,6,7,8,9,10,11,12,13,14,15,16,17,18,19,20,21,22,23,24,25,26,27,28,29,30,31,32,33,34,35,36,37,38,39,40,41,42,43,44,45,46,47,48,49,50,51,52,53,54,55,56,57,58,59,60,61,62,63
H,1.185359417772833,1.2470386793890222,2.1076212131219734,-1.9222772070706913,-0.4510951450908194,-0.752551971674185,-0.8918463736376927,-0.6344440113302752,0.8766025150440508,-0.20265138654683315,1.1456403321767,-0.4861567879591846,-1.0380762624054714,-0.22275776445486895,0.9697656525353499,-1.972296543818242,0.05265425113435225,-0.7017852576614588,-1.810047640890526,2.4325073978940948,-0.9395852319299813,-2.0542401453071326,0.5264326975007673,-0.18496790826150156,-2.19654750070794,-0.1192284198201466,-0.003957185338508477,0.48491492455635493,2.9781010625589133,-1.4381077033902738,2.5062937760610016,2.1417992316906793,-0.15569324419912323,2.2165500284363135,1.436463045673674,-0.022456954786576885,-1.4025051354764426,-1.2930759991793477,-0.46250585315202786,-0.4589760031362841,1.3751828104158959,-0.11812736219504669,0.19260882430439963,-0.009562133683629863,0.7335140886776844,0.07677394238130103,-0.618017535992691,0.14365182378704752,0.6122429509384155,-0.5769897515749376,0.7852187032834869,-0.789608978447643,-0.12155988873524308,-0.6779383767573118,0.7283034756091235,-0.01954421847819005,-0.26000017951851695,-0.6291007169453571,0.20819745140824494,0.5964492754361406,0.15552663327750013,0.5007096412477453,-0.010887630760006265,-0.6389456562154903
He,0.0,0.0,0.0,0.0,0.0,0.0,0.0,0.0,0.0,0.0,0.0,0.0,0.0,0.0,0.0,0.0,0.0,0.0,0.0,0.0,0.0,0.0,0.0,0.0,0.0,0.0,0.0,0.0,0.0,0.0,0.0,0.0,0.0,0.0,0.0,0.0,0.0,0.0,0.0,0.0,0.0,0.0,0.0,0.0,0.0,0.0,0.0,0.0,0.0,0.0,0.0,0.0,0.0,0.0,0.0,0.0,0.0,0.0,0.0,0.0,0.0,0.0,0.0,0.0
Li,0.44508609994365217,1.4893766099513204,0.48993111625741537,-2.4675545021717142,0.45569224912929984,0.17521767140337008,-1.0227895424872435,-0.30274207495150746,0.5969768795457525,1.04573932985135,1.582555526218886,0.548645877943719,-0.9797481080302177,0.5529810054680914,1.2454902178151814,-0.3219104178272573,0.41048032591479944,-1.6574356757849604,0.3099759039018233,-1.3185114630082546,1.3790685226429285,-0.5449903890356912,0.8469227156942151,-1.6426237155339343,-1.5427748668056234,-0.06415604494013488,-1.2086594021655046,1.0283943813713168,0.9901944981047978,0.5544338486056426,-1.1945841439143015,-2.518904935833853,-0.3134926163172645,-1.3819064038827282,-0.694080114696373,1.6151793574271303,-0.007616926918021223,0.7372277342013904,1.309806229892072,-1.2513977971507457,-1.7870961652019615,-0.677459597542585,1.2512182736723987,-0.3349942331160258,-0.5056369188079031,0.10260183580873462,1.2833516331923969,-0.06883256642927027,-1.287044715743864,0.5842712196979493,0.8601367351738358,1.4699689288737883,0.7243882263028891,0.7226088206301866,0.12323188002455901,1.488997601961004,-1.4677220672788747,-0.48298511757388823,0.13332090753904227,0.41675211232454257,0.4662743376231691,0.16298556118957438,-1.322735259665587,1.064881157147773
Be,0.3710967839376264,0.3526186543602111,1.0335068179639855,-1.9453827883916073,0.6005883439881554,3.387972758645466,-0.05959305370371175,-0.5218152982825939,-1.286162128938799,-0.1531792762148676,-1.0971497304587587,0.7178273078235085,-0.2539076302691625,0.05790947132645096,0.7550113026432167,2.1014952967003415,1.5970693008419299,0.8687613044965463,0.010555229424268758,1.270869867465898,-3.0407050655838477,-0.6752811082431903,0.8451502388854145,0.5081548157057041,-0.20962371774297417,-0.5244190608661307,0.15803241012727834,-0.1958097561544484,1.4515964109155244,0.9066560518553411,-0.0515801127760594,-0.287960107112443,0.8545628881856326,-0.640590304500604,-0.9620079118945377,1.0192483614374144,-0.9592098545065647,2.637676931499001,0.48892961163161647,-0.41991253077465157,-0.8991904421254824,-1.1715434972840824,-1.587633556662506,-0.29406737372771397,-0.15951691869139886,-0.22555524589310788,0.3114287824513191,0.5759505646190778,0.010816494736563447,-0.21379133864018762,-0.4299630750079619,-0.4852760683178537,-0.417534912248223,0.7283193127710135,0.7379792723640995,-0.3557772520717147,1.9654015767574242,1.632019493601896,0.769102419659256,0.9629608144365926,0.3817014638144216,-0.2980034849951327,0.5112529916492254,0.5028002170526464
B,0.8990952920138973,-0.3103279942592033,2.1875136844356167,-0.7978038146359643,0.633406069218268,1.6653461282505175,-0.325812569768403,-2.282549174411997,1.0823980571993312,-0.32940402023793597,-0.2418517329432746,0.0737234271384485,0.31730216782570064,-0.5209963713829594,-2.175097383365913,2.0906004437969674,0.17126002898838472,-1.4178139139272927,-0.8392467116287883,-1.1623992913019339,-1.4791572265078892,-1.6984075961017546,0.09808529635555611,2.066467698656628,0.019712247260588782,0.40190259194113387,-0.2072955337550477,-0.10418106544325893,-1.3028687822236038,0.7762890831651096,-1.1658790905059768,-0.320502937816425,-0.8312979684130506,1.9222136732061084,0.1951324581799966,-1.7025830144632457,1.3083264359517184,-0.9506818820579724,-1.3611386755856212,0.8896742689977749,0.7210633365902115,-0.9874503110108731,0.5405041724849013,-0.37244568779244547,-0.44464423236229733,-0.10610690845125229,1.886888758473226,-1.0253619474347628,-0.2968822530312243,0.22799530919274963,-0.149257797765473,0.3887257173430336,0.4989923588322188,-0.21674415706292569,0.09792673734345676,2.000091495438759,-0.1626536673109749,-0.4259100927612015,-2.0814560674432645,-1.8878744432506622,0.11254779009138602,-0.38667196586810837,-0.549503685978505,0.07668289494822442
C,1.1051219898228926,-0.08956698227753541,2.1352906593508303,0.1030754901325957,-0.04433557790510657,2.0581847390829417,-0.7691702511473416,-1.0950458818237698,1.756960296249825,-1.1297227831155414,-0.980077389849446,-0.4774241735413424,1.0297347418556,-0.549396806215174,0.14709957954204936,1.4037594407190734,-1.4694125250944017,-0.9224681341309621,1.3967033472359454,-0.7761995888994634,-0.09088488890801992,-1.5028419763712366,-0.67464549085407,-0.9406421399325389,2.2006819331226537,2.0219295290071866,1.4463404759288592,0.7359519910574573,-0.41067157852911523,1.9984430887485294,1.849112962949029,0.40935913105101096,-0.8196445071997313,-1.1748909987187506,-1.4501824830042351,1.0940758860098596,-0.13204028450048108,-0.0987531515943004,1.768637660433731,-0.16830545100122518,1.0657267409469822,1.9510314873615313,1.4730484022539447,0.609352424223674,-0.32931284787677384,0.31596694744784826,-1.6635280348374393,0.5440963312107343,0.5214191170593051,-0.1569881033494859,-0.6534228490438203,-0.67050539603028,-0.0727661748313551,-0.01601578932346516,0.03356115111828581,-1.2112569026489117,-0.8518060850607639,-0.764857427012496,0.9050150298549794,0.8012424729785124,-0.4457922727907258,0.6276003574507888,0.7208621789114324,-1.244777512335421
N,1.3815815879532314,0.3603885130363215,1.7341403746025381,0.6000282006734217,-1.1148005291750571,1.6203601241050882,-0.6426930925374832,-0.9122515792292815,0.3568819872810929,-1.1914735106372307,-1.090113295383326,-0.7826745324722418,-0.9939338447241266,-1.9751437244558159,0.011000561093902069,1.0628648637058487,0.29325028610163856,-0.40945914153359253,-0.3829456639078671,-0.38738290501409145,2.4513253059010767,1.559005478725211,-3.684995186615821,-2.340790029180518,0.9251900087927329,0.6470993005561996,-0.56552991618946,1.1352030107248843,0.36130354401473147,-2.5260993543404062,-1.1968213328718509,-1.4606794139566326,0.7537719212434246,1.0878275471454928,2.7186901324174895,-0.506852542232,-0.12501573634555185,0.1368180853142844,-0.9462516402238107,-0.711786259493929,-0.6490074725605733,0.531997336110126,-1.043828972385905,-1.0645114769540551,0.5085560966812206,0.5370190290781691,0.5469080829756341,-0.006814419213177812,-0.013141135984084642,-0.26546584458291955,0.3843141644830859,0.40387223027291924,-0.46870833745337004,0.27576760278843987,-0.24247501580625747,-0.9869039800519878,0.23413411338976495,-0.23411672957232668,0.5005417277318787,0.350950988777334,0.07873376398021163,-0.23809538625135068,0.10459161389215979,0.9514939868259178
O,1.374885773499252,0.7318463515905358,2.3467015360251895,0.44311850644625894,-1.7886005736414872,-0.07299207044060387,-0.3804961665759191,-0.7143330676895652,-0.5274187291364812,-1.203757881591116,-0.6872908139853767,-0.978475169997893,-0.8228301811940014,-2.149779231512281,0.3308221276850539,-2.6799310375278993,0.22066984496363767,-1.1146989651251824,1.4205644522532201,-0.4103747580338482,-0.45921370370721387,2.4590106864948837,0.833127882614851,-0.4474326918217098,0.0739692484282465,-1.0933000356857006,-0.8715595355077808,-2.1706732673877185,0.1032409739570009,-1.3275449972379845,-2.1864127793373282,1.0776187645697302,-1.7240866098502723,-1.007051574150485,-3.279542743856918,-0.14514004207087455,-0.19788053105479997,0.3922682266718487,-0.14712945392745352,0.6385455934943165,-0.3033447948083027,-1.1712638603147918,-0.28396705735411554,0.7958917904099334,-0.018150762558265518,-1.6585199906032713,-2.056621328274097,-0.6830705607720156,0.08056669285588834,0.1295093516574599,-0.3730760876540868,0.03510453926916474,0.3509066968688933,-1.0119570341863753,0.023897374089342126,0.554070456170203,0.3133623940659656,1.070820190482015,-0.18962072500741697,-0.5926691132345709,0.04826573924220887,-0.3016598417272481,-0.18740301990625105,-0.6291631396051889
F,1.4345917730740139,1.2843075148441137,2.1774501868396103,0.3721578730764726,-1.589167634742195,-1.1740868365554495,0.30265165474039724,0.1754132457691873,-1.5625003391473176,-1.4415087489965357,0.14864572154201228,-0.15387549909051398,-0.023899661522978538,-0.28805217965101165,0.8688527903482507,-1.2506252365993054,1.4426916776013436,-1.7960165128207992,-0.01934643090887917,0.07568856849814021,-0.2723072809325111,1.8440916281186817,1.5705611876024936,1.7496872117451663,-0.09228116683591171,-0.4173674017016094,0.9491553995515071,-0.8522485923110182,-2.3742351956712535,3.280889309220822,2.4882877111545763,-0.1718463160103805,1.389909683722505,-1.546129630904235,2.20997152681425,-0.18583270037834967,1.1715568517927537,-0.5341828279727321,-0.8537272459813903,-0.27602155389010047,-1.2620066564543242,0.5140551375438653,-0.8064733752115653,-0.8473096579673849,-0.058782349086018856,0.7234774770840513,1.4595994788107423,0.8271329745043415,-0.6450607064334744,-0.05847877112616826,0.11491213309268976,0.1732915984923614,-0.10762776826596046,0.6911844733666206,-1.2374804475568097,-0.41572191950822746,-0.5055020975600577,-0.5122551340320546,0.147498470075303,0.47778212549164545,-0.13492300056714948,0.46070378634162246,0.18855456541462168,0.5342915386433462
Ne,0.0,0.0,0.0,0.0,0.0,0.0,0.0,0.0,0.0,0.0,0.0,0.0,0.0,0.0,0.0,0.0,0.0,0.0,0.0,0.0,0.0,0.0,0.0,0.0,0.0,0.0,0.0,0.0,0.0,0.0,0.0,0.0,0.0,0.0,0.0,0.0,0.0,0.0,0.0,0.0,0.0,0.0,0.0,0.0,0.0,0.0,0.0,0.0,0.0,0.0,0.0,0.0,0.0,0.0,0.0,0.0,0.0,0.0,0.0,0.0,0.0,0.0,0.0,0.0
Na,0.19864593259142044,1.8851512919321685,-0.2434375948166004,-1.7687657116628115,0.7331873439497952,-0.8190595673811891,-1.3959384456558017,0.2894502833099902,1.2508787246606237,0.4011151763374839,0.907884929504689,0.49229324610400566,-0.700314765763001,0.7380799106906469,0.6199907909935034,0.0741385229054927,1.7210080406351291,0.6527043800500694,0.9576789206543904,-1.3314646215145038,0.9241693048288255,-1.0254429130895553,0.18983440154345352,-1.8676962267648132,-1.241793346977502,0.19463896182699447,-0.4827991224462427,1.6284975525071375,-0.6658787982205889,0.7916429687882822,-1.340190367206385,1.3396598039325704,-0.019816849783967565,-2.217244680633338,0.26470065130443565,-0.6715625353389305,0.13959313974331258,-1.5892956942901664,-0.012304724904760287,0.717276306709119,-0.434305986251208,2.1960539724784804,-0.7829737123796672,0.6154807560367808,-0.24254465067249947,0.8455290771502534,-0.3064765478885909,-1.3550444847431682,0.6511216911607458,0.24162113964942614,-0.6329362832792117,-0.0944501890297653,-1.0044748602538582,0.22465491607311536,-1.1397884143934467,-0.820087486259634,1.5528965875034264,1.4443761757332572,-1.0235266142026564,-1.4576414384079597,-1.2459584487839885,-0.18675839448263784,0.8040621712488125,-1.2288347379469646
Mg,-0.2190143208035703,0.6814859309975978,1.0545586689670485,-1.0762378938900266,1.139091543670303,-0.5927560877605502,-1.0094446119988338,-0.0299498962190606,0.016150260032959964,1.3910722903869215,-0.9935644913603872,0.7328392774516895,1.0074746146167048,0.10269746761369744,1.988180535924412,-0.0611555285132133,1.7408375261813345,3.746179106428796,0.48613617804992776,1.8575767605729776,-1.6751161298837125,1.6994149110563874,-0.9219444109720669,-0.6517892799175424,-1.1150434759420627,1.0886952066132238,-0.23244410864231316,-0.8513988276855782,-1.5966535468441176,0.5434541546742148,-1.179151735753898,-1.503321339303549,-1.1420958660605522,0.7225900372458927,1.0161364000385116,-0.22791440966969936,1.6192227638854078,0.8269154448580995,-0.6633210562479955,-0.091282911657074,2.177398220246801,1.0981775838611714,1.3216280546117174,-0.20867059363210883,-0.008219986928708423,-1.1464470890656933,-0.9888456110364584,0.8243692278524806,-0.2113605106892346,-0.7237753467525021,-1.2062532108836066,-0.17544332095353748,0.7516481409680575,0.020933635307088166,-0.44239956014780246,0.13911232596917258,-1.548861428361993,-0.9375262429428088,-0.36517846747930843,-0.2656828913966307,0.09427609777822446,1.0061177804188242,-0.9340729994823759,-0.25621003066455383
Al,0.36340170252809767,-0.007316522802971687,0.9410232077797445,-0.28318314714801757,2.1496325802485003,1.0236360943887777,0.8316456909493092,-0.9450344317698398,-1.1825299044814068,-0.28641511133162434,2.750039434092886,-0.07023424978339042,1.0235445685845446,1.7616217293201886,-1.1855468609743853,-0.24189865447958425,1.006123704792666,1.3347360221663722,-0.388910702868687,-1.374943731222028,-0.07361550484437897,0.9238038035117668,-0.10436567706990882,-0.508019184996234,0.5372427756241736,-0.9056771515450142,0.5944705748716415,-1.031564898866357,-1.3195153306559917,-0.8731781077608117,-0.20410920122950463,0.9440607994879926,-0.6899757253884681,-0.7421871502767613,1.1127140657733654,0.754932715044355,-1.634344934280924,-1.9885299954239144,-1.8531751225794835,-0.11216089401668278,0.605933278344893,-0.5280356490638227,-0.36181921148057367,-0.917006689116592,-0.7502004529275028,0.9832714018284647,-1.2490609218644957,-2.060264134292753,-0.641684888377409,-0.5577707079167854,-0.08486837935397111,-1.4743882235994228,0.4374781821281401,1.1727622261772683,1.291112876761,0.09785149448239691,1.1921854522554884,0.15893345863513314,1.1269547984750943,0.09531149963940219,-0.27639238016453,0.2508348421365661,0.035576333549731706,1.4510154149011218
Si,0.621474173177012,-0.31623948529222934,1.1906036907159114,0.5967011550711311,1.9718490126458463,1.4262124314468367,0.17760576543715662,0.26929079904484904,0.5621295973260335,0.6199922446591141,0.5108339385844256,0.11731542169404545,1.7798396478334824,2.3099559337337303,1.9487317049823083,-0.3684491308420421,-1.6636496859579688,0.033545432233438664,1.7486189507226833,-0.23482070148953574,0.6550283203576505,0.03935156962355536,0.7216760891011778,0.24524653004351776,1.0871249409417365,-0.7224747467270879,-0.5036379756063513,-0.3176896846281047,-0.36081571099265025,-1.563050466399822,-0.4436175791049685,0.9119345075661178,0.1183775334289552,-1.1419595858863574,1.4749316870051135,0.3955930012441985,0.44351686539421215,-0.04850311111703147,-0.8180337625027463,1.4754625657194096,0.24466143711986224,-0.8656005751851253,-0.9945353760376059,0.8705873408455701,1.1304378856608526,-0.2833900958799449,1.7229535435603271,1.1298443814616295,0.16093393734375072,0.4435966815163018,0.06682531135687451,0.9910563697271122,-1.6764911397982312,-2.800749833264291,-0.34090134353154067,0.8572996768300807,-0.4862236401974876,-0.04966201379798728,-1.0101383222486449,1.4440403127950001,0.9895275729963707,-0.29752501751689886,-0.5510778433690334,-1.6205205048566849
P,1.1747724421623547,0.19120458018481964,1.0104196291123602,1.516339575408224,0.5751706836841768,1.0855725067154518,-0.0989739283661712,-0.04010369627066414,1.5125081947663046,0.6122834416777324,0.5390287361935039,1.1615650031380698,-1.3278536429674912,0.03918270888922056,0.5774142107646123,-0.24406908831938462,-0.5593455050802788,2.8196285810367248,-2.9305656255957455,0.837916391491057,2.1555330929291716,-0.6126807921772125,0.7118631984189394,0.9971769239789088,0.9481792211219641,-0.9003917077968905,1.2013072277935126,-0.35463759642279097,-0.8598108141849553,-0.2805898256944027,0.4083811013492837,-0.2174727560320669,0.25078323174842787,-0.645324303080528,-0.10863672461410835,-1.1968663714560026,-0.40646805122788576,0.8548797677830736,0.17616921988515963,0.6080023570692761,-1.8430051099160356,-1.0856575349295055,0.3173680300976504,1.8468561570004245,-0.2491405217648147,-0.891517026379139,-1.1342844854410798,-0.1164237523819891,0.39867762606205553,0.8481713480328389,0.31365466710322887,0.8702826420061358,-0.2254197175708643,0.08346885496887459,-0.48985999267932406,-0.8332902799294177,0.014159794410590105,-0.6927247441243799,-0.23868862313029823,0.7810432833628427,-2.5519297180713276,1.0288571653165968,-0.8069048393802967,1.037469303544326
S,1.4859130333717243,0.8650123519189867,1.0783009345763348,1.640909711522358,-0.820582685082544,0.16286258232027562,0.4538708214077862,-0.13299484492483626,-0.6981108005270613,1.1480998041327097,0.6170842019979007,1.2799570701000906,-0.20353470365168072,-0.8381057969961089,0.017266226207305103,-0.6004366900818846,-1.649049808638054,3.8083534036062647,0.7261419207309106,-0.7056697066622521,0.4616810342671836,-2.1943190651612148,1.7990179691362735,-0.09555667442993498,1.2222901141146456,-0.7399819940215696,-0.7182410769603933,0.6003763229429868,-0.5124700182280824,-0.43626994458577,0.18694810502570341,0.2775009466999317,0.03946725867863401,-0.12335581675404285,-1.011861947046316,-0.3449246259687285,0.13845533728976336,-0.9803777261446069,1.077792746305392,-1.1262090881729163,-0.2932213869924281,0.4711725219294372,0.1678920668435778,-1.7951557476375644,-0.5230406851677825,-0.5640268328645791,1.1856923041687724,-0.16659097597193043,0.1598182419929485,-0.13563179722585472,1.791699137178505,-0.7675721936408527,1.2806741078942019,0.06573484661692675,0.28218777799967654,-0.30090796597667646,-0.5740607340935823,-0.20860134309633666,1.364855444701768,-1.859373998033839,1.8441442236678385,-0.8520509855382884,0.5635031769362792,0.17223489898628272
Cl,1.3301803380583936,1.8401015738481594,0.8263190579785195,0.9923488864346603,-1.780062683854507,-0.9912724903404351,1.0142606809802226,0.6725660869068275,-1.106471013549243,-0.7081961230980468,0.0644110099427547,1.1204455011416679,1.5649993813134844,2.142639098980794,1.0932236841705671,1.1991325942522062,1.3714422445,-0.12564144307566352,-0.332278004409515,-0.8617679512716638,0.23703138880351393,0.3223853713259662,0.1254899378796367,0.2788076031298163,-0.2612178658664029,-0.2939375950913586,0.1514965510545604,0.0613873250301058,0.5189081954343004,-1.953970821401452,-1.360302609002979,1.3686033221635436,0.8730096134363534,1.216715691747533,0.719883959036019,-0.8249143603411282,0.4677788024317129,1.0731125319706942,1.8398241315955903,1.7900967290953222,0.7238060785185924,1.1772364340351336,1.881474655042905,1.3374577428248986,-0.6236650975995253,0.6722935960946279,0.772436384373728,1.6245415330376842,-0.14449685791271266,0.5128912110725417,-0.6975352762099866,-0.1987780009032951,0.09887948604180108,1.3764027058042352,1.0803431567519244,-0.3120775156794336,0.10627744540030327,0.5640812992361204,-0.2250239697209257,0.5596765312190837,0.7620097101977621,-1.163174178940748,1.221059502809568,-0.3770709807105475
Ar,0.0,0.0,0.0,0.0,0.0,0.0,0.0,0.0,0.0,0.0,0.0,0.0,0.0,0.0,0.0,0.0,0.0,0.0,0.0,0.0,0.0,0.0,0.0,0.0,0.0,0.0,0.0,0.0,0.0,0.0,0.0,0.0,0.0,0.0,0.0,0.0,0.0,0.0,0.0,0.0,0.0,0.0,0.0,0.0,0.0,0.0,0.0,0.0,0.0,0.0,0.0,0.0,0.0,0.0,0.0,0.0,0.0,0.0,0.0,0.0,0.0,0.0,0.0,0.0
K,0.41130591700510616,2.1573704026415585,-0.6927189788153431,-1.821021305735097,-0.09771722864216514,-0.9066539690820812,-1.140928176214669,1.0581253113048135,0.9256172932445571,0.37229494732205143,0.22560192466588372,-1.287842383965273,-0.4781130732416476,0.5418783537555876,-1.2061121965602528,0.6707460079009808,-1.3807156000343237,0.4670809739108011,0.30918441452494283,-0.050448070564197964,0.5244002281829486,1.238459929784813,-1.0433459499135678,0.5224129250949772,0.4478410544859346,-0.028945884204458407,0.24509723763374217,0.2617578740851798,-0.5812277459320352,0.16101168633509585,0.31691865433548694,0.9086920556719028,1.2460769147960773,0.6995659425215743,-1.3307603837041873,0.1902965054260028,-0.5168992707936279,-0.6918464897645635,0.705568006935778,1.2978933337656122,-0.5210892081730963,-2.5797826290634496,-1.7978196347119326,0.2771489118724566,-0.628224974232508,-1.2954012868545892,1.3285553276444797,0.7017401579513157,1.011580376019405,-0.09305931003100942,-3.763996635923087,-1.6935515858621357,-1.3530509252634222,1.5014273135141452,0.8164884941151495,0.2151500455369238,-1.8189793898053737,-2.183145177817511,1.7772706403577692,-1.025005148517014,0.4447166324020624,-0.28637750083782165,-0.4905861737831068,0.49399139731522046
Ca,-0.7195151990216517,1.1899794418194303,-0.10625448311070275,-1.25339700679178,0.6572841413578652,0.19493073562114097,0.44628238715566687,0.039123515478487754,0.167569458735682,1.9621676772829846,-1.3583279096725613,1.901317605134518,1.4963015688014343,-1.4631655396415466,-0.6987798965038936,-0.7067229733552293,-0.1762193030715024,0.20206669537750807,-1.096276444596829,-0.10754906744016231,-0.24028188243947973,1.4380120607915667,-0.6708716713103277,-0.83279280357052,-0.010316125793926604,0.6951217610219597,0.25690816510400694,0.8915368975115534,0.30522598649956917,-0.07455458415873216,1.1146552165374393,2.2686541490303593,0.29269199899246934,-0.5659116512646887,-1.7214464146705726,0.06887733582864003,2.0455134506971047,0.32512521973638503,-3.112177076761162,-1.0848210284058097,0.14255607107061394,-0.9063377625953178,-0.41874196288975096,0.2578637898785771,1.3579136905226967,2.076732869755698,0.17640886117444135,0.3833317580486076,1.3400522612282026,1.9208985567394434,0.21935053668338556,1.6920902509749154,1.0336462059353742,-0.6537123488553298,-0.7793770980490834,-0.991451807583604,-0.11566490809193306,-0.25276538028293416,1.1471481938247352,-0.19698391153691786,0.2099328882261485,-1.9409986050576087,0.9562649473079157,1.0638379731423993
Sc,-0.8193800704754765,-0.43509387369521973,1.3115915558179574,-0.26393113622401226,0.716628613395656,-1.2397582282444175,0.23290869329749608,0.0349137726122392,-1.8101276806609514,1.0237316810059751,-1.5954981248267084,-0.9570777922913987,-0.6494380845353037,0.570403268990815,-1.489163816915762,-0.9082911909007212,0.50925158059694,0.688268107774674,-0.5853666703815418,0.015449767491497087,0.9652372168354891,-1.0914511031185934,-2.062976540073644,-0.1757380782045266,-1.114753625365414,0.11257328218515458,0.9562207199240773,0.392967013907117,0.4897378177798246,1.6392396201270665,-0.8727413987382642,0.9187763707641727,-0.30274190677238355,-0.7865981334728458,-0.38013625128155804,-0.20675120798733718,1.2866434631323536,-0.12468664006195654,1.859346153872321,1.2028385365459753,0.15174802315521077,0.04167874331867715,-0.009622168737870768,-3.172686794951254,-0.24920973387498582,-2.4745978324720763,0.5329585775307982,-1.0045931978361764,-0.7349250973332382,-0.06609182156300603,0.015569748025231816,-0.20284284160999239,-0.6933068009919533,-2.1467385879458916,0.1469264761048045,-0.7032732714564949,0.28914716394722073,-0.006778828464400427,-0.006861107731484897,2.672523981352455,-0.9134400185533659,-0.7558479979361347,0.9496292110640652,1.099153301351315
Ti,-0.25414319649087747,-1.249663604723051,1.252939240481513,-0.2802756673426521,0.14210501509166124,-0.18987655476368917,-0.17782180803880823,1.53794845431169,-1.4622004328659073,2.1629069290627854,-0.9546029165184112,-0.2516819492379411,-0.5008566169425226,1.1558512352420154,0.41304739847568417,0.33095677162780673,-1.7530591728176066,-1.6274854003064763,-0.01593741421723258,-1.0981177692729902,-0.216310213030655,-0.4428834824979425,-0.29167915997342697,-0.5464400145750471,-1.1070883075704139,0.6532229275421539,0.18304499320796738,-1.2254041447173754,-0.6025077062684908,-0.16738640784773134,0.05507210233360218,-0.41557498643311325,-0.19716229480139857,-0.023056965729946845,-0.1177047742600771,-2.0675545529254746,-2.023498459154339,1.333945169643921,-1.6870536433374315,-2.0907404818452147,1.4325615505333475,1.0571471800964438,-0.5304004604865051,1.8597473976934524,-1.182071268350177,-1.1810978879373095,1.466552892223858,-0.3977766021963606,0.6307119662350466,1.006606320873277,0.9831953655012381,-2.031537778307937,-0.8963625795152278,0.520436283391249,-0.989680040934126,-1.672055437231263,-1.2663869867854625,1.8421480053609227,0.6450063927446119,-0.9825136250217587,-0.01543129681774233,0.5465880239132306,-0.4599938404326468,0.7457779216549454
V,0.15635321497583757,-1.5351005137992662,0.19071386689682696,-0.6045494238273698,0.03323159743471039,0.29647646146378076,0.01835442504598009,1.8188697932484559,-0.3707505748338396,0.28604842134137404,1.4719545797452864,0.9308866141524129,-1.0342752796520691,-0.37059571616228876,0.3540481690851303,0.15252447663584104,-0.06208983624694167,0.23879512194366745,-0.37596416759778933,-0.8281500892468907,0.10560555609600353,1.3573701482571354,-1.336635355612601,-0.6411144708221586,0.8756839428304096,-0.5140487249058171,0.41440310274270176,-0.6300385514074278,-0.5502158016226653,2.2911839149103614,0.9028986673809501,1.8267408234176448,-1.831949101330757,2.4713827384473968,0.7810630187505991,2.2258331785527945,-2.659496069980658,1.2015372019237505,0.43089761058522774,0.5913766351574378,-1.400131976488579,1.2768496502202675,0.24056544087879006,0.9731677785638682,0.45682952475220745,-0.6087964119646307,0.39617402206109814,0.12111382589466191,-0.24148476842999667,1.7105436875255753,-0.2645570883979831,1.6293118792205157,1.322165206775686,-0.7856995605463916,0.6006494290468279,1.0790474316688574,0.252759498285519,-0.6665097819223741,-1.0307257493227386,0.1762355468305642,-0.290886649925465,-0.8152231474228359,0.7195006785192748,0.7103368982261139
Cr,0.15355984438388123,-1.4421357588807313,0.4821670510306015,-1.1737734021278015,0.02316892543823578,-0.31609091883924134,0.7596727874173786,2.290333230980584,0.17610305921108768,-0.5613931640979948,1.0702957736864953,0.669626640506085,-0.8461907291107732,-1.1777307614052903,-1.015500500237279,-0.9633170184534441,-0.8079029877378817,0.21827798770937845,1.256883709235344,0.05796671651538315,-1.781330473451213,0.06281597373066757,-0.7415727668758336,0.2515052793656759,0.7726630735125883,0.6334105746308154,1.6736787421718464,0.9002207505512793,0.8454682450469142,-1.0880069719849832,-0.4541782213479194,-0.812067679267147,0.014016623463364408,-1.2985803969904053,0.6928838939909407,-0.12236925818794221,0.6721987871363664,-0.4179532646601007,-0.6217218068585512,2.551260097740281,-0.07551197532358302,0.09631573373649392,1.7948776410265892,0.36485086084672813,1.7083939810409992,-0.9192989018318702,1.3502234258178436,0.252569945366268,1.0819843768443584,-0.48691214467716387,0.483286623013716,1.1076306777835632,1.6547046092431594,2.3237773729713798,0.2702697448116277,0.7947384321074754,-0.669030700304012,1.9771370489517257,1.942667659761411,-0.2035589696305253,-0.6552046520184958,1.91753846159533,-1.0805451926829381,0.1532088088932261
Mn,0.39202149102047723,-1.3608017020723018,0.4005128522082129,-1.427914342726584,-0.37412283797086127,0.03585766152128408,1.2444504039312099,2.2228105759406422,0.026266790008718535,-0.8869212466942281,0.036637690272683494,1.2385253826122995,0.9289398683052412,-0.6260447989348235,-0.302569437075629,-0.5006582788956417,0.3135948307119027,-0.4186191894562599,0.33318767151642165,1.7005745708573181,0.6711299122877094,-1.1369353747357918,-1.6931243543507495,0.24129514850572897,-0.29991512475496657,1.109899217096343,-3.007509044787888,-0.6909289786569622,-0.859056749979265,-0.13411174301961887,0.4374919979946589,-1.357080224297274,1.0013884087588036,-1.540885150225075,-0.6363231393571466,0.6754096448783262,-0.007760096037363854,-1.74450920817566,0.24450496021848322,1.2923435409484756,0.38061795730059883,-0.3169455800033985,-0.4402253340457581,1.4112015294907887,-1.652561636828633,0.5488355649114889,0.49241837076966416,0.9684710713625663,0.1584501866001082,-0.1270925446037806,0.9647780188346883,-1.3446383674131897,1.641949028915067,-1.9457529878175273,1.2001057121749714,-0.8631285088178704,2.1987858263467888,-1.3967155409954348,-0.3194370142052993,-0.19153395035845022,0.7239526718653586,-0.14150571954379493,-0.7448864218174629,0.6512409921155753
Fe,0.35550448926750994,-1.3593514887436915,0.09470377165329275,-1.5958025426398827,-0.26142227748990055,0.08567471779025826,0.8448865950728542,1.6342363135168434,-0.06796662078342632,-0.22275674737704185,-1.2594483430176606,0.6879140246022126,0.14557451932547336,-0.524942723633446,-2.0571624891366613,0.2601437106269806,-0.2604160040972007,-0.9643108454856519,1.3243592442305752,1.2122568188470126,0.7427795524307341,-0.8146067545732248,1.4325573505023594,-1.7879220037732733,-1.7591374198774412,-1.592875030123976,1.0339811235998069,0.8661550897217987,-2.3509161223731208,-0.9650500835452703,0.5062693594119027,0.21221036875170066,-1.0921135817032528,0.06366007862988819,1.8185936455712328,-0.8647827873433485,0.9676019332420769,1.6896052756441813,1.5955562098892133,0.9768420199564175,0.10146855719234031,-1.7622917604253363,0.5232945021714331,1.0640407307265825,-0.4334705075981187,0.3196495247693226,-1.4092905113485268,-0.6301260275518606,0.23971682738107342,0.05899855417548817,0.5038478430180185,-0.17303187740001325,-0.4934548904049011,0.6652558890308317,0.15736210240885007,-0.34343659680297556,0.5905836696542397,-0.9685391624546992,-0.34910758577384593,-0.2391811661317258,-0.4984748776846233,-1.0921973205608548,1.2490024912910325,0.03788114919656975
Co,0.4832527575519297,-1.2714426598976094,-0.025271541293211044,-1.635650133506968,-0.3492031670142405,-0.0973007455841126,1.3407741218215785,1.570362859727927,0.8984494491360532,-1.2347238099454272,-1.0483117616444606,0.17459868622601546,-0.800991030619634,0.20666775101296372,-1.4871400106074304,0.4437627967134235,0.5039892654594943,1.684584523750234,-0.0514852854176354,-1.1670231400250475,1.0111307183466294,0.1189426610839677,2.447158211590878,-0.44911595496966916,0.5754339377752615,1.058221531763247,-0.1546691171564458,-1.8124248735290653,1.9780179512773612,0.22970731828192195,0.5283065374081084,-0.3712228931444305,1.246089819244466,0.6532987899680361,1.324575267255593,-0.21123057250030586,0.45157094067125003,1.1280426701490875,-0.9650189453516462,-0.5128264994792602,-0.39399357905439997,1.0111601350231578,-1.1397658255295233,0.4072286055710518,-1.4261480246401643,-0.2722027747079187,-1.3512209661262438,-2.3587728051046226,0.11447804947759756,-1.9829176173485756,-1.081022238369343,1.4516306229728348,-0.8552140659578477,-0.6725003698895401,-1.5602790130908462,0.27803613894682805,-0.613001992493997,-0.29424199494610315,0.6992051069598647,0.04630017318010817,1.8949288660509478,-0.5816295508676455,-0.638759847537458,-1.071012717861716
Ni,0.6680281731711424,-1.0608334500146614,-0.30281118878733637,-1.5078716491129358,-1.048840229063472,-0.004454975591132957,1.6560709109280871,0.6498070894489326,1.4270090924018046,-0.39749969708169497,-2.6272278814224297,-0.2627198791037095,-0.7134255666062401,0.9642309930314562,-0.3116641940158866,-1.0116958353497916,0.32490916277587356,1.0549587025192833,-0.9450569725395553,-1.0730207576873387,-0.2207161907144103,0.7973048371968263,1.1631555807856415,2.950005255199831,-0.02002135700917026,1.0669260259348583,-0.8588864439790505,1.820014625283773,-0.6047617480687657,-1.443231705262668,-0.528682041225751,-0.5919603376838601,-1.6338521708945313,0.07176228748114195,-0.30171913123408506,0.7573820337153737,-1.0009416666885724,-2.334123000604888,0.27694255750464625,-1.5670769052384381,-0.2676568947067891,0.09330904489058528,0.7961788817178989,-0.9431267847631473,-0.5151841541944229,1.2704293078623239,-0.08711680037683046,0.6564232279393304,0.4219906777816379,2.3647070462925206,-1.6494000904664214,0.033125181950881405,-0.32496657239498855,-0.09584061804221357,-0.3773311622390214,0.064108908905373,-0.37176534391927074,1.4434713216302641,-0.7384453734864294,1.5137341225452752,-0.1370972710832539,0.4587754732148915,1.3942253882301832,-0.19429214542913437
Cu,0.6755477990422865,-0.6166452657936785,-0.8841973479252117,-1.7415178321807558,-0.26012837405543965,-0.2704337652587533,2.4168963525397698,0.7145508506570368,1.08582829020741,-1.1422089552438912,-1.8659802961403462,-0.8713674076935313,0.39360061341608693,-0.8106965115251152,1.8352455448985248,0.10237369854722632,-0.6763029958122808,1.035083638241799,-0.848354742200367,-1.9120772859419821,-0.7678252393409774,-0.8838299335220823,-0.5683381100270182,0.1870821395726775,-0.17656950123998927,-2.558027522710287,0.012439385736654289,-0.3907191240382933,0.11528423178464452,-0.003530299415394952,-0.4437447117094626,-0.26809365084575426,1.6373050690534496,-0.44760479968754757,-0.7629536938810209,0.8893229896364159,-0.049770255908074004,0.026306233338491598,-0.623333240791652,0.15904398889421728,0.018592693409663966,0.7173558839360976,-0.21342124545060953,-0.9464313065216763,3.057156221252355,0.17687213139489158,-0.10518622788881032,0.3120316463450849,-2.0819576387447247,-1.1809822880331828,1.414816533694223,-1.425209544551887,-1.4124126260663394,0.45729842807575094,0.5598788760786776,-0.1791207964338678,-1.171693001863497,-0.9097512794644048,-1.3297780789494011,-0.7227009869749342,-1.5076710480339395,-0.11173235352764539,-0.590890482747236,0.7947405989112819
Zn,0.5916744491052633,-0.3169508709354622,-0.9795431647383348,-1.554446543235409,1.0198902866800268,-0.1652945359449962,2.3938338639909786,-0.5977231496232746,-0.9526091940954843,1.098719390873856,0.17180491334627945,-0.2773410771815015,-1.299912565082753,-0.3445326719402814,0.9160610395699033,1.0220663325205006,0.7185983383325121,-0.6291765061566605,1.2897205537493368,1.4646994208156972,0.13834310977810263,0.9920933259954567,-0.9145669952397577,0.14876282656103113,1.282591937477865,0.9633181359793217,1.0828805501008727,-0.3523760898998043,-0.6155546623709648,0.8872519507072995,-1.9853961848116268,2.657003796234558,0.9760722215381555,1.5592864826373245,-0.32012845893821695,-0.648800509792806,-1.1335795075533974,-1.7880306575786433,0.8233827872581503,-1.4712175004761672,-1.161610344665006,-1.2531541925187695,2.0412084609932353,-0.0462045633242002,-0.8957390062184036,0.39789049594169934,-0.6478455818516924,0.614341038685568,-0.9567018414287303,-0.7361220651929727,1.9301580431616878,1.1441992971053612,-0.8773428734861322,-0.19513827637622366,-0.35447967955384707,-1.0354219325868486,-0.44010002130933795,0.22032069498662873,-0.03488886982216713,-1.4019723533998993,0.0270326814931467,0.8752390850309942,-0.36872896550295997,-1.7181826366728572
Ga,0.43273356662759377,0.044029021479728266,0.4139374441129199,-0.09328500411293182,2.667467071058391,0.49167306051803605,1.9444036797248556,0.21964851722114645,-0.9291434314560044,-0.28350779943165433,1.8019690933393775,-0.9572402800899398,0.13808625597825347,0.9029113206084995,-1.4616853527199258,-0.5484617398391363,-0.042670679713318366,-0.9219484516429657,-0.8364590887427998,-1.1914955706275154,-0.167815107319049,1.3245339547522206,0.20481405792371535,-0.7503231903538896,-0.38236397762795266,-0.24952439013990274,-0.04300165307056574,0.38577614487567313,0.31299354942057683,-1.0021087356946559,0.9819356223335365,-1.5747831728445882,-0.39807427285716296,0.6727177994944296,-2.1893558625192915,-0.3118307271599818,0.44545194590025505,-0.6111801168737361,0.7291750471165466,-0.7002749792875363,1.7202834150385609,0.7823701034116975,-1.1154331039486671,0.1534110665056813,-0.20848777759008394,-1.5673359103445086,-0.8772739004391661,2.0841775451608355,-0.4453186283450969,-1.0989614511868033,0.95934428403675,1.0794945144865538,1.0590205610023615,1.7661203987683562,-1.8843707546404675,-0.6646023839686556,-0.2632521974702871,-2.245399075984838,-1.3652981462909322,0.693717611139131,0.03785680314655428,-0.8986202650866146,1.4005769471000498,-0.3575570767666479
Ge,0.8352563647205117,-0.32806201119668016,0.17960236285028602,0.849577117051981,1.7285718731537507,1.015074452588579,0.6148528640593368,1.0676726674828116,1.510072986331077,1.1575340871338238,-0.3667010360236945,-0.7123116250443962,1.1152635403919413,1.958468494460398,1.0572453820843453,-2.2299179878063473,-1.3987059932531707,-1.7897887179307983,0.7093222122791314,0.2596211185565589,0.049083167109978204,0.7721416414048946,-0.8298614321911852,1.1762553536070903,-0.5458123702834562,0.6516068522637901,0.17431412325332765,0.5915572000550663,0.9206017376385696,0.6078900893700999,0.1342616983977444,-0.40013132378875305,-0.3776657076189222,0.8779668919622197,-0.09320243431537314,-0.46016198479014053,0.7706078917859459,0.6763417000494357,-0.15651942293030913,0.4787291226534866,-1.2092047940100106,1.1693745844022896,0.03737297335760195,-1.43173006451806,-0.3211862897193942,1.0573041675736938,-2.1809856897715365,-0.4316210390789123,-1.2157984203156262,0.8243605351737342,-0.2961171135404707,-1.128209408259976,-0.869810026055153,0.6064198684136706,-0.08791313517021153,0.8272119283824133,1.4973711978931936,0.21618717751012465,2.0521460746484066,-0.026941745530017946,0.49891844625546666,-0.39626225264170306,-2.0394282549014737,0.38195993087742586
As,1.1374319566969018,-0.16350957599568564,-0.13909196838800583,1.3142819088483715,0.976566507235546,1.1231591247380666,0.48939522556984544,0.9201245057127894,1.3435235673486148,2.0652964867303214,0.7277637323496174,0.6208572121481128,-2.2465300683619263,0.2608423236172507,-0.5959866372135865,0.0323829456679429,-0.4152188133121584,-1.1534695048272225,-2.11313576034785,0.6329514944476653,0.7252099145951999,1.3886296331913766,-0.7945343852268211,0.24466860084537728,-0.9493749933800083,-0.5543238910914364,0.8885972146439063,-0.8050583833831658,0.39105418444525913,0.21731576200157002,0.72536233822812,-0.996485349133996,1.1971073381269632,-0.890212486276347,-0.24176566314874465,-0.28636688812161615,1.6108520074268333,-0.24710347676292355,0.7936780910651116,-0.5040459563692902,-0.02260897176779191,-0.3349225780445691,0.7187310882946416,-0.663809506481757,0.5903431512417653,0.14526383118233596,0.6286012580503022,0.456977637477491,0.14617811788575472,-2.014951204036219,-2.119800427015302,-0.23483899440034273,0.9023280347364158,-1.235178798631997,1.3075336120486767,-0.6914381585752274,0.2992841515894062,2.259133157309046,-1.3333641441731334,-1.2611930169866366,0.3736762392589747,0.418250788501212,1.2745641919854351,-2.301114098084072
Se,1.517933657949733,0.8614808551193527,-0.17035805260284684,1.5945817057407252,-0.4950645085251749,-0.06457161921564121,1.1512014190249218,0.3081627007579713,-0.5349907283575706,1.9765866528748566,0.6846974652601154,0.010320527824724885,-1.2610757673415305,-1.3311306513197407,-1.52205366771034,-1.3122219779211726,-1.4940429432351234,0.9848721460943013,2.2470425143812913,-0.5044615648844265,-1.1278455460819632,-0.608023915537402,-0.5563579015805186,-0.4765920372552001,-1.0161622167214195,0.8469359635841883,-1.1650742848489708,-0.5327498005846233,-0.550809639946613,1.6494596522425193,-0.3572197505499578,-0.186763580350805,0.816014169707519,1.6841324501675101,0.6183418174164078,0.43613902573421687,0.3846743857849785,0.5634024098571704,0.9656625942753491,-0.7073564534406284,0.7114221197694671,-0.18304442177801494,-0.8462172702559329,0.10462732701686007,0.6646862213800808,1.9880836320791198,0.25885661523858583,-0.3491140725687057,1.317645213646276,-0.18608442236239914,0.6495845563214679,-0.5099684959436028,-1.6839442159643567,0.06850943270107814,0.3734302632494259,2.445309649643103,-0.2360435540508552,0.6729134665217248,-1.1257051272339376,1.7103924160775006,-0.3010464759784784,-0.6372861826576364,0.07880934183965349,0.11615105546705393
Br,1.3776680229834168,1.6780193305308992,0.028079715834854975,1.1296915632094555,-1.6385303228789394,-1.1694361112158382,1.8149992601805385,1.3494161283058368,-0.7122837420838489,-0.5426603058638237,-0.3907026659464794,0.9205240305345733,1.1316072476730437,1.6394879183845201,-0.09194087893719184,1.569003760412263,0.6434416014062326,-0.3343750419092335,-0.37940854088180903,-0.4252928249195356,0.531025886417399,0.21179222205708736,-0.6852543806457663,0.22483411461750538,-0.17461699420281132,0.3643908540498064,1.1772627475592399,1.8864250494951393,1.250666397077069,0.5028185705079787,-0.057578307987132114,0.0711608458598605,0.6059700391512786,0.9617622163859546,-1.891581031406634,-0.6117986285101378,-0.2673440165821496,1.181022082517101,0.34095702353934837,-0.7470283456629853,1.4336445263314037,0.2672302238292148,-1.3155966192152153,-0.22136767766976606,0.39936414100025536,-0.37290034098698843,-0.26706577889945826,-1.7054282203966276,-0.13124385609522873,0.7095072669284338,0.05842958717992375,0.4212063312488631,1.823548896589257,-1.355995867109142,0.0017617315826755806,1.1580164130556185,1.2988586272456928,-0.5140976834307125,-0.1265041733497657,-1.3380433836200532,-0.6332175849364484,2.106734742347713,-1.8142223534343127,0.08608392323168736
Kr,0.5644786867136924,1.7559486166349034,-2.9144657560364786,0.5279476073799694,-0.11322486900500471,4.341656976875224,-0.7842445432288727,1.54021018088051,-2.5676287229132773,-0.7096204235792666,-0.6213947301214082,-0.5537652363408194,-0.37478480598064806,0.19220550674078196,0.4108810773675342,-0.5535209327111038,0.36678199836320013,0.07963984861049885,-0.2978666485576614,0.2215726931192381,-0.18091169830706622,-0.513429052508467,-0.13648037907701543,-0.04469646541462709,-0.037459304896381114,-0.023549155226517023,-0.07002130350634898,0.16080824158166218,0.14359639870103386,-0.12332769702837008,0.027325985579988995,0.12038662203389199,-0.2693726590519251,-0.1416137307031459,0.07094703661923529,-0.1821533670023695,0.15954964486978288,-0.2482472504262201,-0.0085591338437226,0.008430901074360255,-0.13559556350436136,0.13725587323428706,0.05054558980214318,0.11990544655817291,-0.0012073129467880977,0.13062022370365972,0.0689815279571273,-0.08158148695132526,0.03854381209277524,-0.03268216706376569,-0.052771391416439425,-0.040918151889688385,0.024055337960189323,0.03677916763717748,-0.0895604952167685,0.07049081955448122,-0.16559957588302615,-0.15689421724632746,-0.06450491840755603,-0.05901797935434097,-0.06027823156280234,0.03432504500070858,0.020177129823076158,-0.08883049875662653
Rb,0.43275821791445407,2.0626183443750152,-0.9359279544107927,-1.4233943991142246,-0.04852088869507552,-1.238722998371843,-1.7048011968137484,0.6902873778516455,0.8157363369845917,-0.025126341265008713,0.6869660918868192,-1.9619921464769314,0.0014707337656411391,0.8154508479965764,-1.5032153736286924,1.1057616325247477,-1.3084117332348366,0.16931409052142474,0.17791013482074125,0.366773448452718,0.11458689543980331,0.29395845977996293,-0.21993125777057151,0.9255931452841474,1.831319003739071,-0.3644070797566447,-1.2319031463586243,-0.658070486383916,-0.8610564503523297,-0.005500217771893346,0.19239256871193156,0.013301162842458655,0.3520190730660599,-0.03587665433951372,0.11435446871700326,-0.09358596739980375,0.19406245166940336,1.9657061971884928,-0.8187068578846163,-0.0511204513307584,-0.2553833262895955,-1.1627851463719254,0.7599805310771829,-0.9860199793725029,0.5736416730339781,0.36073256500748146,-0.6481223570919497,0.3740501835008104,-0.16739771143170512,-0.31086905258372827,2.283334663109459,-1.3758044711878459,1.9562112544847228,0.04329716298393334,-1.3514035670080944,-1.5171330579756779,1.6992579795277216,2.0220107394982056,-1.368830179221754,1.5706673905308035,0.8783493534826345,1.4111997601620678,0.8552934016071291,-0.3245140777392912
Sr,-0.7429587732588714,1.2736644756448112,-0.687285929930346,-0.785786090236891,0.7060729355291759,-0.11667585985425177,-0.8814304779429004,-0.29289189750244643,-0.08270991494400652,1.7781443093437859,-1.01437193981155,1.0886260390386877,2.160473690768128,-2.1531396006543875,-0.6442731164304142,-0.6569778254248245,0.6917442733482306,-0.3878732458892542,0.24682268691061438,-0.569571041644131,0.09141460356802442,1.0634825211217094,0.1627037944430513,0.41572685682406624,1.29424205663096,-0.41613644551729606,1.1257693610890298,-0.2878787117369411,0.21464666928743917,-2.2303472412210295,2.4250669314492233,-0.7069786241070857,0.569674620647616,0.07877172225403095,-0.13211192706401917,-0.9620103342658217,-0.770205109744554,0.5179127754914149,1.3645906548786473,1.0410953957431555,0.5369855763038857,0.11500113472273926,1.383727352252806,-1.1831459204363708,-0.7955052886821222,0.1875029678537806,0.34285898221393496,-0.8461750161931255,-1.2483279091835204,0.0008213946041415154,1.1715814671659752,0.4783685578916236,-1.966219418011391,0.14238452914652108,-0.15013341925635884,1.8966824239632532,1.1581370577987677,0.12724889076322618,-0.14762617408342857,-0.051341006161799735,-0.6884814625738872,0.2663546789833468,-0.4631032242472087,-0.5272991796369831
Y,-1.196102154222289,-0.18658513116801226,0.8854767673455743,0.1221285271736429,0.1455972941538509,-1.2430712502015937,0.27366310844146186,-0.5186279131879479,-0.826758569187448,1.1887781613286799,-0.9566099216454312,-0.20527622689539995,-0.23386354678671872,0.9002802937851456,-1.3234552290883592,-0.03545095904610532,1.287635855330461,-0.698265376647105,-0.23635898129749627,-0.23390114641940368,0.23259944657555043,-2.171262421740753,-1.4906457879737767,0.33367612253349616,1.8070555453512878,-1.3937902354172143,0.24271975132651863,-1.2104137763255818,1.232056128167438,-1.3242885538717688,0.7084288541479785,1.6364283902005297,-1.385355582911618,-1.350425367139747,0.14234375891305112,1.2204363937648903,1.091487011731799,0.7090964363591833,0.44192469680292257,0.2716578473165002,-1.626598627663591,1.1996422122713275,-0.6396236757010418,-0.14107823380078213,-0.7225256456585992,0.8330859198912426,-0.7771785016507434,1.6769872756740527,0.8791442307302377,-0.6862283460110999,-0.11280756483964122,0.32431733571076027,-0.9331314440501759,0.5000192400669902,-0.7857369697778839,0.6615356928015798,-1.5315588676624987,0.2309585064490253,-1.071217521407931,-1.5508463603269385,1.771884211225502,2.3906159654623838,-0.16509504205087455,1.6259005716975974
Zr,-0.5802124969759247,-0.7916123515981046,0.7423758067590615,0.5811308187929425,0.3167067365549492,-1.2640640498511695,-1.641770870192278,0.5659742802998728,-1.4095644697301397,0.45063237597117306,-1.134399793362171,-1.6293708165259577,-1.0489108331110104,0.1730983242314659,0.14627628930349704,-0.20803257989876783,0.4798467214861546,0.4830904357151506,-0.786142654481032,-0.6087884347243265,0.008504839904989597,-1.131875269536417,0.835360874810438,-1.6652030368215636,0.7747869402784845,1.9720350604946828,1.2658288673719233,-0.48482953175610555,-0.68581027338215,-0.7099896587199902,0.2970731123942106,-0.8275202317485546,3.087017607018014,-0.5443486892004168,-1.0674672673976977,1.1160556125107128,-1.9780572140590407,-0.32651210940361364,-1.3693633177390572,1.316911327096443,0.8603586916210307,-0.6727156548881076,0.24006591460556187,-0.5274579888475226,0.2611324146340971,0.597091393404631,0.31243638001515145,-0.3267261356537219,-1.1638940164577214,1.779703913232188,-0.1878505211377527,0.8519363482335405,0.7897459210793181,0.291084043346239,0.06366212252400025,1.6898256472481188,0.697545311853423,-0.9613502286299654,-0.25138615168984113,0.80201652736924,0.5742779565706098,0.5349647857965345,0.8437032457357309,-2.7461312393451114
Nb,-0.15025738744790185,-1.3726749518153727,0.10531037145316219,0.3303173155035149,0.5916459264157105,-0.7441088425731905,-1.641623619065373,1.5663567265991298,-0.49815868689237147,-0.05129069397914559,0.41861572500121674,0.03607607719806166,-0.7421422969016588,-1.058944146496557,1.434593253212464,1.1588533229523525,0.46978865766435135,-0.3763753777282263,-1.1529055518404032,-0.880861739364717,-0.1021967685491795,0.8636987624694201,1.2180151824124112,-0.6740992550705982,1.7365421091212414,-0.8926746676895221,-1.7156221600718164,1.005305880710311,0.24599483694122676,0.29728357020718144,0.5913103886855466,0.42900706512242787,-0.9490535876694112,1.292980636778382,-0.3959741777813859,1.3649594484274699,0.3793123010135526,0.2353815547987394,0.32671825938495336,1.6845030217200572,1.7438729321012882,-0.7514477698995669,-0.4757341802977786,-1.3952815620175867,-1.4165511195823732,1.72166039411893,0.4393230060103127,1.134210363281147,-0.9039918280509148,-0.8754823257641007,0.03157951954445178,-1.1127030145830328,-0.7677448435857686,-1.7192067391535457,-0.886441063707208,-0.9489254619802848,-0.6894536325969913,1.0615460132276076,0.2311477369533875,-1.761823620344524,-1.467681683437841,-1.3705437204920952,-1.406686999160746,-0.1700788173039705
Mo,0.08825155450537091,-1.4744812929386952,-0.18829601161553416,0.17048181551694389,-0.2674033050934606,-0.9787216757133059,-2.0020030591961833,0.6569187868775066,0.24306930486574044,-0.13621272874968107,1.4432153623513393,-0.01019734504343572,0.2374309626399226,-0.8768120196954675,-0.20639899807237397,-0.8250739827545726,0.7701559026295556,0.464050316292015,-0.2577065000676295,-0.5120436675056868,-2.1650960313912555,0.005877556052636457,-0.03232262916772802,0.6461074885131689,1.6937721739471672,-0.2556365935945649,1.6602837919311042,2.805169259139735,0.7695166987345453,0.38541321538033285,-1.8191419935556556,-0.01345618318119897,1.1023125626134427,-0.0717674079368945,-0.043294985805110035,-1.8965223062001701,0.781616250128479,-0.6219100606101219,0.18423886123079722,-1.8566419744138465,-0.6703183445357442,0.14664491357302076,-1.2196775938852633,1.4396954501025383,-1.5680574543475494,-0.32465265631984663,-0.43385524669033637,2.372179225925682,0.5975581117699861,-1.4755256750687513,0.7057370703204913,0.037540481321884894,-0.9498200648198175,-0.6127691650943212,-0.7046914293405083,0.7814433093675793,1.5663621226625988,-0.6290875784601101,0.14142424953005123,1.549158292275781,0.008647506611815872,-0.9972197453149029,-0.6979344832343136,0.2391474964523179
Tc,0.4521779639638277,-1.5527064069382124,-0.24613923481124755,-0.35483762111814626,-0.9390771097966025,-0.2273414816803311,-1.3868096329339181,0.16927250392764775,0.1688870138269831,-0.27985960578043556,1.8085321666040184,0.894739188766467,1.6990824499630746,0.22832270289839632,0.32183067495319917,-0.9777351176197603,1.1607076745350773,-0.18928874428855894,-1.7075622373816521,1.0410813036904232,0.4917078701094447,-1.1367469737943139,-1.5591132672476316,0.8134657816990967,0.6836867421502415,1.3256660352497909,-1.5116969339603077,-1.406073716641353,-0.9013711160915117,-0.057252327125525866,-0.10580976433892322,-0.6918368624539109,1.1971965639348934,1.0685477516486386,-1.492316539833999,-0.3566462262313939,0.5668556275010999,0.6271402850999995,0.45288200334673434,0.06725907700737901,-0.810939858668297,0.08069529585449055,-0.6703490584649736,-0.7956661473519796,-0.9078585610672177,-0.09828970959029355,-1.5675844135276196,-0.9519520768394826,0.9111592716565232,1.6028203823542784,0.3860740450088405,-0.17791711650317876,-0.6563860983235434,1.3662894739787521,-0.018138472071433816,0.5412103808210924,-1.6199891339452244,1.2413761943697537,-1.2902149073581182,0.13562871292422674,-1.1431561199193516,-0.3351393841183785,-0.29757180370504915,0.09794667432463564
Ru,0.5416017416346802,-1.6521113280274249,-0.7805038750815863,-0.3072763338081445,-1.1876855355837583,0.2537708736338874,-0.9785273942128243,-0.4890351706778387,0.5859992418846234,0.20409525793748406,-0.34533295997674546,-0.492074494093128,1.3342591459394917,0.8801998493937729,-0.8869431108659248,-0.6975278151234524,0.7989288279820173,-0.24786336186037483,0.13039250892018073,1.72678673391056,0.7001215747385923,-0.27538387310061757,1.0453869110466112,-1.6573923128699575,0.23415530101462897,-2.3398557007552188,1.4105559295367531,0.4611151599454684,-1.9084352352084402,-0.33861367764473227,0.09106492938725029,-0.5817990714781955,-0.15683663260330097,1.5020737506750987,-0.15937764609043756,0.7905177714963876,0.10071395840176361,-0.10120505573149635,-0.2165572156080283,-1.656399437603319,-0.08006297189092457,1.0676883465591835,-0.8694739111623786,-1.6891115140208826,0.7202828073845615,-1.576419292422769,0.8913539025148789,0.9062505355207127,-0.02275492634435786,0.27431586822566606,-0.5403066387963577,0.4652406916318928,0.8631647243388272,-0.250315573185869,1.2186288891473382,-0.5298687997475461,-0.26186692303011755,1.7211057552585398,0.7399511678578545,-0.09535585654164544,0.610367856160992,-0.6071995889372132,-1.5840343339826124,-1.525282910150798
Rh,0.6776403154489885,-1.4072993185620317,-1.0051473646029936,-0.3471071343882634,-1.1937966100133302,-0.008015433800772917,-0.4061219124791921,-0.744559686564708,0.11366954813204001,0.44930501390164074,-0.3604736419846824,-0.48258396510174595,1.149114868286945,1.0732194233582564,-0.5719521935333228,-0.7738302211231138,0.660039925517549,0.9572106161509435,1.2923526831943457,-0.7679765772788247,0.9895834825533976,0.5986733004404895,0.8255213642715781,-2.2971058398650936,1.686143406550062,0.35674784197250653,-1.2742763207790075,-1.130502336921301,2.8299503992584563,1.8005350648547858,1.6316380711392815,-0.03594772763684244,-1.6778122119211865,-0.20976609906257584,0.8317552294372055,-2.21253343836172,0.7983223053394296,-0.8258766482953589,0.31817046483767103,-1.0716074764171906,0.8861643642081722,-1.7264159293476944,-0.6404649986383913,0.05368944778470348,0.7531590581901345,0.1318178396828605,0.7992116849008011,1.4563233487231928,-0.606136447062415,0.9090098010845283,-0.6642266219683584,0.12171651706206547,0.0898352884979371,1.6003329323973223,1.9520600675094548,0.14672462362099015,1.1109925245519225,0.32234822918555156,-1.2343586974309162,-0.42886488530773564,-1.7577828626084506,1.4666147473359326,0.21752815464952469,0.1509381199516419
Pd,0.8707238232813921,-0.9937952229255461,-1.6099603481161526,-0.3746932600023134,-0.728171322297443,-0.3323188612421669,-0.21240550786214385,-1.3945474246582237,0.10497774211100663,1.0239622590384618,0.718581076954509,-0.7374628095952257,-0.6919068317974232,0.15090828390013172,0.19899400489111652,-0.42782171408373276,1.352001295634397,-0.3626609464190991,-1.6954684298980938,-0.6964254436490318,0.025381621518237495,0.11473361131871068,0.7470328217967493,0.2917309202921977,0.6183282630580996,2.906121753447846,0.744258659703301,-0.8772891288867589,-1.4780027718815556,-1.3197272090094463,-0.058675760917884554,0.762475909809815,-1.5493846296069576,-1.0022414296760376,-0.18176922715862123,0.02727253051986198,0.3527241716717586,1.485880542821849,2.24605297607381,-0.6072491235383649,1.1120744917019825,-0.298776319764126,0.1432526675456455,1.4523902842002723,2.453801256255141,1.714319528355368,1.6001902814649027,-0.9714921990761195,-0.8705749402928328,-1.7131307990950666,-0.25562764611430616,-0.6470230552282665,0.5698615064175003,-1.2891695143752822,-0.14686944125438597,-0.2478110285364625,0.16033602777776315,-0.832292209102605,1.082248873496287,0.7802305309616057,1.4841555223849356,-0.25089478968542367,-1.1289778186127537,1.795150650560829
Ag,0.8454529709692451,-0.659403940695295,-1.8377694007192795,-0.6607667545491659,-0.5477974128753792,-0.6972550734106994,0.3988117024305795,-1.0241800951435445,0.7240770339776782,0.19846700878599685,-0.11386896658361467,-1.5932844427569957,1.3166786714039564,0.07819616460775962,2.164752722895659,-1.3494989667847967,0.05635761320852534,-0.3902025358688617,-1.1985229490403515,-1.552802685583841,-0.9939500333112873,-0.924384842038267,-1.9827321841804846,-0.1170149973133216,-0.0009600625449508865,-2.485330553769632,0.6290104193596361,-0.444810770327804,-0.7311592283848144,0.6115328461703617,-0.34532379784250017,-0.9034174670916737,-0.9905190731461072,-0.30897727276537806,0.0762150323518615,-0.6941555911282801,-0.5393987231551151,1.554523040274008,-0.7068217333461337,-0.09086463542589013,-0.41781107215762037,-0.09881118273621414,0.52984480755003,-0.04002062956894688,-1.7368803372631245,0.4410865289413386,1.3352823537673937,-1.2420394266289967,3.144003978912308,-0.8512801404776364,0.10773513533033902,0.4153950514405667,0.637012290366367,-0.5174776892807614,0.3239301638652044,0.6564787428865387,0.8306019193796585,-1.602408250271553,1.2850707581659548,-0.29633720105560263,0.1312635522851525,0.0529406283366478,2.236184352250243,-1.8497038770531233
Cd,0.5132914241572238,-0.24459452848415683,-1.0659620502024754,-0.7702421247633878,1.4949643651228413,-0.8576813079370896,1.516602350891003,-1.087035549727994,-1.0316727556599226,1.287082036950025,0.417023257415031,-0.8499281761226969,-0.669678975311211,-1.126812989674001,1.7951153321360214,1.5494865865959573,0.49716900293122335,-1.903725301796015,0.49871793611877135,1.723925317757391,0.5575194994273648,-0.29279657174203694,2.043013585635026,0.3065669939495628,2.595753147406511,0.13701047277308182,-1.1333415769160504,-0.42481813438518856,0.16145721511730549,-0.7071273092346185,-0.803896703436007,-0.5117167734451193,1.0083839917686122,0.5515187411457344,0.6069966976918109,-0.13034345565589206,2.165005311690644,-0.7357427105859206,0.23756178758357235,0.15515166064632097,0.0501081035762708,1.473383405911262,-1.2424285348044333,0.026523183102497842,0.8031737687601452,-1.626991376237872,-0.6182414624988789,-1.343069409734844,1.635090948036435,2.1808338924649364,-0.31053344458406423,-0.4845960482643771,0.19234263107810104,0.05227013324431274,1.6082649660114634,-0.001481226957901684,-0.13890952118133224,-0.8170477932295621,1.118100501457486,1.0190972263232179,-0.2458450369337514,0.4021817936341552,1.2007350733887219,0.6560509419464698
In,0.17328981184362904,0.030627859664314576,0.06421861799380221,0.780173618689216,2.63142813054763,-0.8803276022864931,0.3572516960091678,-0.6670094714289266,-1.283343841449777,-0.9994352272087034,-0.30878075361703033,-1.3099638337861566,1.6066703551303183,-1.4227680770357498,-1.8574163477124157,-0.2518228302061796,1.2109243085477863,0.3522887774647119,-0.5948340133590944,-0.2466386096476898,-0.02804862530012489,-0.6591695915765852,0.1894875056297393,-0.17400165698182213,-0.49193297586132634,-0.7663254536703876,-1.5863378620272122,1.0717084107417294,0.29069905840322846,0.3139545504882134,0.004777485876871394,-0.36284043788337017,-0.007604154474791718,0.2869979896584937,0.8851694023266167,-0.7087766906015057,-1.5911939017074404,0.37547764496839364,1.2580031564474377,-0.7692634437298785,-2.102772158458723,-0.024157117474256227,1.4071567805846643,1.7018195507496046,2.65980122747208,-0.6407726144109195,0.2939335349926938,0.376782915696703,0.28219374666275354,1.4652012796871758,-1.9855139354975586,-2.0751068566327295,0.7473189822021392,-0.8286284669842009,-2.2846659337410236,-0.12486832508281107,0.03141009191497881,0.421198822198862,0.21385572164662534,-0.24777598488759303,0.24018624968641156,-0.38267818126113673,-1.6047720830578434,-1.0624826082613443
Sn,0.5751094955812003,-0.2284633453045629,-0.31805865487585666,1.6428273665829114,1.5910537817958383,-0.5071113391964084,-1.1636698606132958,0.48224386064209895,1.4980089995192143,-0.3676264538462231,-1.7416448492484218,-1.4525020711654475,1.5344996107442697,0.09971007433075466,0.8740012109344978,-2.0411089511370317,0.12550009674960177,-0.14390448755518578,0.3892737219284989,1.0293639142972635,-0.13093870056637294,-0.5339671644037277,0.4387920050778083,0.46972911473081647,0.27956168397404585,1.1042651357550766,-0.40552665356551293,1.3885496297934683,0.1062003006350397,0.5238838979357119,-0.6039111293973325,0.4582769279000852,0.7286679395914955,0.9957360548918881,0.7654922218448887,0.7254352899667278,-0.2913635260846597,0.44640080708491886,0.36989451870581713,-0.05558370638570733,-0.2446592864645409,-1.3953196912552501,-0.37682105623409257,1.462077551833741,-0.9225520479219603,-0.6203994118788709,0.18957039150823066,-1.280502537787934,-2.8294004725003283,-1.3918219741462863,0.39111558337021674,1.0988670258578361,1.3668025255062217,0.9771274230021707,0.4115630049284507,-0.4492330147597135,-0.9689329940498707,0.9279949712784754,0.015330888598670746,-1.6203437475369478,0.8271942769737127,-0.07618820296616223,3.1107083685501835,2.2405749138250295
Sb,0.7161165318802023,-0.08390634946421807,-0.8707704322077838,2.0915398526229083,0.7446314448613857,-0.035327749042648356,-0.5870496278860543,0.5157337295755765,2.000713692730855,0.6534620302009667,-1.3491614386410054,-0.14714615782826618,-1.115962597603862,-0.24162775563670272,-0.7373630879118269,0.8614651213547421,2.032473096106929,-0.8334706957363684,-0.5896856582935065,1.127282621892496,-0.6181030381129807,0.21212777249227116,-0.5881513875900408,0.2357922674163609,0.34993734404629345,-1.7645137757042029,-0.5776428954833245,0.04390210641059727,0.4697501601012202,1.5978266818057405,-0.16191693322977907,0.8951247801161539,0.7656586046197172,-2.4057363643301093,0.436890288319876,-0.45196501777305204,-1.4169665810721985,-1.0384571039930708,0.10951444434246273,0.7075821551481186,2.4960410125169226,0.7407767172108678,-0.44139050441734806,0.8987958892780267,1.202542024621537,-0.5612966048575606,-0.8392979848687414,-0.8766808436098988,0.4937494868915781,0.97011140607584,1.1194286168100922,0.6198537568062763,-0.0333428544371596,1.2091653585941988,0.2891084306996998,1.0668796533077605,-0.4512166264969825,0.20772540365138878,-0.23755171292890756,-0.4640853454338753,1.3288288336925205,-1.6094625666418136,-0.9513037810762851,0.6140260761037859
Te,1.191192502460134,0.49273182945632754,-0.9553693638692851,2.0749305203391595,-0.36010442905774204,-0.5145046235345746,0.20646584220735614,0.15456038318902035,0.5801975523508061,1.9833860416193252,0.4356318735488814,0.5982346834708587,-0.6728774065349904,-0.8691159956650893,-1.4557848147432753,-0.17147812646108496,0.6614382863309752,-0.9494950874415211,1.1966728999630376,0.4308026296148785,-2.5952562126975094,-1.6588249376020756,0.5419997367809191,-0.05983102114667601,-0.021614982983141184,-0.5544646223991604,-1.3669002193640882,-0.8177278950277804,0.31634768312534534,-1.1922212458217194,-0.9008939530987952,-0.7149745007208146,-0.3933499191946261,0.4515830313036695,-0.1067002126508227,0.786710950333613,-1.0048881456662282,0.5785448980539714,-1.5328192292838838,0.6292578185393456,-0.6872519995101216,1.447007201027745,0.052508594805781676,-0.6618004362999768,-0.6791758018518276,1.2046399014781295,0.39939384480356993,0.3096747371394227,-1.5879381883937735,-0.24365634813191397,-2.5202199327377475,1.129139877060554,0.014952642608484364,0.33920270511955153,-0.5558768683327121,-2.7306674328990446,0.40544318099495213,-2.0464619543198688,0.30584657499637796,0.5972894166758064,-2.1793830981329627,1.0389876775183535,0.3157765276707754,-0.07850332257187079
I,1.3637918109130107,1.355258193880897,-0.6771959925716601,1.2752913815873252,-1.1780829376754922,-1.3516289463635551,0.731813020468103,0.6545799139909177,-1.0533067187441885,0.5945160442868074,-0.026559281918975847,0.9321043710394685,2.196051417928592,0.5502727031207649,-0.47133628456048826,1.3677931182626424,-0.03726481311016118,-1.0829677317056625,-1.2762565796161147,0.8076800216078018,-0.23905218188660812,-0.6370312206079253,0.4648080170755015,-1.184383939428158,0.6848276484357045,1.3365480086579546,0.9049097267860722,0.6815098683997977,0.4896778276077313,0.785753178201495,-0.43867879003217675,-2.1842191937172397,-2.145371884235026,-0.6313688566114097,0.5742895884090385,2.647256031978179,-0.6898765939506364,-1.5267568204902078,-2.054908697982717,-0.04001161098498923,-0.6785616861520616,-2.4084309242270288,1.2103036456749425,0.20082693575045896,0.5457164601164356,-1.4778325267714056,-1.3076790344425642,-0.4130626685903042,1.115180236583204,-1.633782682216015,0.47452456896465817,-0.1369042774794515,-2.177142030186165,-0.7013482347842737,-0.1104440660735481,-0.03630816024996244,-0.7913772690498486,0.725519940062079,-0.16450573932108,0.27052623302926215,-0.24364372345056734,-0.9713426961947246,0.19348240884930346,0.10470592629967836
Xe,0.0,0.0,0.0,0.0,0.0,0.0,0.0,0.0,0.0,0.0,0.0,0.0,0.0,0.0,0.0,0.0,0.0,0.0,0.0,0.0,0.0,0.0,0.0,0.0,0.0,0.0,0.0,0.0,0.0,0.0,0.0,0.0,0.0,0.0,0.0,0.0,0.0,0.0,0.0,0.0,0.0,0.0,0.0,0.0,0.0,0.0,0.0,0.0,0.0,0.0,0.0,0.0,0.0,0.0,0.0,0.0,0.0,0.0,0.0,0.0,0.0,0.0,0.0,0.0
Cs,0.2628062611409893,2.1857966157518613,-1.196224136646976,-1.405247340116021,-0.3648314219480041,-0.4921196747204468,-1.7566977076876331,0.6960278923604545,-0.4037376441094658,-1.4232739750698542,0.2379476222205089,-1.5442608339348098,-0.8045612763459635,1.2866825186185167,-1.3401677247661323,0.840939612813685,-2.300806828413975,0.3862353801801695,0.13117988642008674,1.1327909832841947,-0.3946495413112766,-0.29818784348509714,-0.19052953666097738,1.3345335770375475,0.6478442628291297,-0.7770368987218795,-0.48670488172943327,-0.9698911612433673,-0.3428766980108757,-0.1295010540742488,0.022436056674493762,-0.5022708384395647,-1.107796682012952,-0.20709238812147124,0.29453045019911445,-0.6461820442061789,0.5031056279170504,-0.06610905201141742,-0.37762202544450774,-0.8605334415108522,0.8272563078243867,2.103296357190048,0.8425280417651009,0.6024834294151838,0.43547471201772137,-0.2604727151013683,-0.6677567609463491,-0.0465444929698231,-1.0907724367646159,0.5901752338487125,0.4532249785621388,2.8139430887349066,-0.4825569308679176,-1.562255045033984,0.677547521248152,0.4594676934158891,-0.008147239220853935,-0.31761515026548703,0.33215037104800454,-0.30967545922196127,-0.7244383218734891,-1.4182336384584338,-0.40813343491616516,0.613219402424179
Ba,-0.7224579000982282,1.3235276452036282,-0.9046372756854788,-0.6470381416838001,0.6894434007294471,-0.17450451216795176,-1.0747764855002906,-0.8378428596103582,0.19276905075390094,0.8973495655895101,-1.0149314199360462,2.045411931786303,1.2005929806465434,-1.8594263686823689,-0.22839579566494753,-0.10190727345704154,-0.009306828298697199,-0.23194961467228564,1.327574880698041,-0.713460696099817,1.1994045535486126,1.4612156222045725,0.27869320090837146,2.013576441034738,-0.3641609638408931,-0.3309151047900084,1.3858692088716558,-1.0083842547202326,0.7285670735268326,-0.4433167733168426,0.9475520266915994,-1.5535233793792136,0.4285867111868904,0.5358935997628907,0.4088350942228594,0.932350809716986,-1.7533268160733817,-1.1482438051042565,0.9181662617638806,-0.4892380141216441,-0.4750557774630121,1.6605157897243397,-0.9323718206205579,1.376049542143278,-0.8018283410753457,-0.6356331761987256,0.24824125457051047,-0.48014465701137554,0.4520491258834962,-0.9376560701384071,0.4178061599992542,-1.3459614559168063,0.929303022402591,-0.7037637632278467,1.0236102063738723,-0.4124042550477886,-0.5731170460673796,0.3187681776235084,-1.633884579183945,0.270546369559654,-0.23673296435024274,-0.07210753477307748,0.3285209497159104,-0.03973073193195462
La,-1.5528183250402787,0.5456890827640688,-0.7719839324927197,0.5357627585552964,-0.25303954505722953,0.8734339496620833,0.17099649382740473,0.2990568786975572,-0.36359456503910903,-1.2705599083506598,0.16363256866168524,0.734107721964222,-1.0394905436152089,0.004053652344372629,0.3509480401022608,-1.400826061912507,0.7140096941037412,-0.8120018952811624,-0.4775452459373239,0.06863377528728978,-0.14180534444316653,-0.8250187550937922,0.5045876374961278,-0.29808897384253263,0.4438818979218647,0.40060773953022066,-0.12569614288207537,-0.18779628560845343,-0.47110004503683484,0.0695310421219132,0.8862323755954179,-0.14877377660589772,-0.1952772405294018,-0.21671817863889428,-0.3823776276459931,-0.22474403102285545,1.4532698919938292,-0.36784819530865853,-0.10073869209132329,-0.9924917607582878,-0.4084559121965174,0.278484339572559,1.474035199434763,0.059282378727876194,0.13175620464820148,-0.6708514782191509,0.40500964561179637,-0.6571073190348652,-0.12718853674805403,0.5969581517612771,0.3908097791735694,-0.5742429050067941,-0.545364916183393,0.5269380548869478,0.2903400134574765,-0.8389752455417124,0.009162588563574407,-1.1336622886161105,0.45309539200216903,-1.262538822829837,0.28956539088535854,-1.0348948767327484,-1.3375716404375166,-1.197104350239025
Ce,-1.5045730390667897,0.25716563574806806,-0.28315045054795374,0.262968301970122,-0.32171158599615424,-0.2414124447753231,0.44662204330549526,-0.3960865373206278,1.1094063163891528,-0.9301264083098398,0.8904603172938169,0.9067931899511895,-0.7292984114729048,-0.11068864602089347,0.12176731547116389,-0.475791945891225,-0.1018515125769606,-0.399435322908646,-0.5358679406230441,-0.6727913553045438,0.024709293578119504,0.03967992777905107,0.4963762282788974,-0.5972746646922973,0.28467792378779266,0.7746087226059738,-0.17504156619690228,0.02656921852201166,-1.1006836555417718,0.03995652733265457,0.34334515695354456,0.5180491400103291,0.4974748524874721,0.685852044115775,-0.857356749753596,-0.2541314178478273,0.33361615088153734,0.5218564989462565,-0.8359035330155421,-0.08148342217310407,0.5649169083131002,0.8227839205835997,1.7028562695335376,0.19376535183462895,0.6507966599493397,-1.9197667036733834,0.6643842119099285,-0.2267684689370355,-1.0892727769939536,-0.4799138977282841,-0.6758639788801665,-1.0913473666465319,-2.25385360821008,0.7554866330358786,1.216127734543057,0.04561279884960781,1.8272529284919206,0.9339319437897498,0.3906073811170417,0.15839583016145545,-0.5221768707706083,-0.9628432276905476,1.3450990401578276,1.085116428048802
Pr,-1.4003068519440511,0.466641135649755,-0.33266043127835776,0.09125450380714543,-0.07252148153888459,-0.04935802829999976,0.039409542324041716,-0.39290478197920425,1.3667294019145193,-0.7064914308742877,0.729738524232151,1.5459291785345117,-0.9541691181874359,0.21310846820773957,0.4868855171052142,-0.487119609670102,0.5562596280805078,-0.290480761655979,0.7333164059706242,-0.84550016305958,0.9791666033345696,-0.550242490629162,0.353100573043303,0.3042902117493543,0.1062716779550546,0.27317360047300965,0.4021231522743828,-0.3340865911743944,-0.27704188170958993,0.9781278186044988,-1.2091380954437598,-0.9022360037173507,0.06937085709231638,1.076321365540437,0.3164366393292334,0.3994051237166336,0.1023290738199862,1.284264257312336,-0.481225936414848,0.162935913068868,1.1411798813013287,-0.9598470965493032,-1.095369338281519,0.06315854257564522,2.604588141650275,0.0937974151409557,-2.0118002071245096,1.427496946524561,0.739338266269443,-0.10525265106441765,0.5767841332197646,-1.8829413744040582,0.11203005741235751,-0.6902756546909911,-1.182498114632755,0.9653315065729735,-0.0395598280013413,-0.8020558995583437,0.4408917686236326,-0.7476229123728501,-0.23622882323118982,1.592806632564361,2.011181043653712,-0.3875272690095706
Nd,-1.43947124062782,0.4403087662389627,-0.4024463330254626,0.4693755499685969,-0.2272393766725724,0.0001035988871876653,0.7015360886362958,-0.6589500915092048,0.542743351110726,-0.1756073442969203,0.27254960191151706,1.0525823189596601,-0.4970303860122554,0.14368680761741814,-0.05909828370505825,-0.3598952237714268,0.11075446338110535,-0.2776022490642184,0.8907956464088781,-0.6877205450512315,-0.26201623727756096,-0.36152883958600035,-0.1387551352337977,-0.27912585020724134,0.31229358378849287,-0.17796399274299485,-1.394284912689789,1.375099564930125,-0.9655082236917623,0.2922453078991283,1.161305138099346,0.003116919550532951,0.8065809419028513,0.5829356317929684,0.7848086887010833,-0.43709246418330633,-0.7564655619993634,1.3541015818744528,-0.6160854158496064,0.47179486272631105,-0.3229475532025777,-0.45249509966073737,0.8728341839015277,-1.9946332768519304,-0.25579739787805644,-0.914014077605998,-1.539298152106576,0.9492599809889971,0.41422864304778173,0.8949124636955768,-0.49476141730792444,0.5739792904469126,0.5900578801974568,-0.17374001910225692,0.18392301170842518,-0.781557383370649,-0.42085455323618015,-0.0066462547520126205,-0.27877249663155207,-0.6856492519884237,2.728938627843619,-0.3718780821554367,-0.00935989405019751,0.18302062183757423
Pm,-1.622582069467364,0.42930129321275445,-0.21409334932948199,0.12800344094132038,-0.4577451219509574,1.1457075479464662,-0.25881663806827926,0.363762292270075,-1.3898882713417378,-0.2782749505939063,-0.54879527621389,-0.4964362799470176,-0.25995171094202657,0.6277425514962545,-0.20412629937993582,-1.0379945053924535,-0.6523293295123764,-0.3311303415657064,-0.10574353388946892,0.2266494981595719,-0.23106889254268928,0.49388026492463155,-0.0002533924982060859,0.00989349764747857,1.0110924958902732,0.04827162679243887,-0.5390960490684786,0.33382311095850287,-0.4329578662782762,-0.2000082658115257,-0.48309608091504863,0.5901555453662528,0.67574052041339,-0.4654891812826921,1.8314421829828096,0.4992902486340572,-0.13614460259196867,-0.3259259011980118,1.1321342838435176,-0.5920141575526302,0.5170066620087834,0.29259824924286854,0.5798572726055874,-0.9503228420230101,-0.4754151079831173,1.2995057773877707,-1.4942084372447046,-1.0291038775432169,1.5018109692282582,-1.8322931942655025,-1.0792885181781193,-0.9023659431241323,2.2095601452645943,-0.3277232785204925,-0.1864015996667728,1.597540064466213,-0.5136343945773397,-0.2810598524845244,0.33813230414898526,-0.5763704411080233,-1.68240905168729,-0.15610731240193926,-0.6685690341196833,0.030990789151682237
Sm,-1.5746706914161068,0.40125834822351947,-0.13312730674639858,0.3003066592889224,-0.21957958123018465,-0.03296211293742805,0.8093975844659436,-0.6446378144340612,0.6527253722408679,-0.48080128437965036,0.1028508578548956,0.9605760904564258,-0.5665164350399824,0.35192344691074795,0.21115605500769596,-0.21166505285149392,0.2328697872565214,-0.5165791812534491,0.5429140615866883,-0.3736726354803057,-0.06280641635193167,-0.07162792275712242,-0.07319908079937026,-0.5454602531336815,0.6035545325520314,-0.040187856451861806,-1.1245906486164714,1.2755482235920652,-0.7151874842886057,0.21477896065618796,0.450573085688188,0.32456317647576066,0.8350118368845385,0.4027935332960077,-0.19557315536506836,-0.9837437542338052,-0.8662544651764779,0.33613818512055316,-0.9926042109466657,-0.40473684333872695,-0.32895494565240235,-0.4560669007448049,0.9467627460871978,0.2396922444869081,-0.2590446670434728,-0.9126264443941908,0.014543143247797034,0.030317948955439208,0.09472638755760306,-1.1240263548498028,-0.940734148406734,0.5688032532523347,-0.7627313808154892,-0.5729132424226492,0.42393236784729355,0.5965504197495504,0.7096712889112431,0.11267713574437833,-0.668316688356957,1.342869009946126,0.8971563828981347,0.9491643783983389,-1.0105375499975167,0.9254670087366181
Eu,-1.314590224351285,0.6058361370638254,-0.9072021168048713,-0.0803848312391228,-0.2645612035943074,0.9957222878214818,-0.06664981861306342,0.19726809750403743,-0.6565662072893347,-0.8638922944272589,-0.20123939672099636,0.5020199858562028,0.6000427616641508,-0.7064641828710483,-0.07444174562366822,-0.9352674481419897,-2.0833304000352943,-0.24060015755508282,-2.855017963042057,0.24138245742209152,-0.8377444034344632,-0.13013997876937328,0.5680935808746927,-1.5127196027586818,-0.06507599108451012,1.0564848838070233,0.6763875330942317,-1.033665633725404,0.7313283176083591,0.38901053479714404,-2.1106108103130246,0.4661952223293685,-0.36288591771164386,-0.16005569418426444,0.8272431071601674,0.5777395049850529,0.5283742665268649,-0.818894235216295,0.3933581728926623,0.8480153218199105,-0.45309370865693416,1.480545713009729,-1.1295236796763926,-0.014146087759408515,-0.22016260950031408,-0.24495401809594564,0.1763971822152844,1.2970479401959305,0.0032976441550902525,0.5780408313064059,-0.32964553954832393,-0.3363458857060049,0.1606800113350432,1.0611536697457127,-0.018858127642257305,0.8977338275435379,0.14030249812018647,0.42911380192810616,-1.752755018724822,-0.4973954718645492,1.5541589911393867,-0.10908513486713517,0.8131266544074791,0.0883014039643339
Gd,-1.6311345605427103,0.3824362527546804,-0.6548350273232533,0.30643493698287055,-0.1529828626559437,1.1234905458048234,0.3166841984101175,0.148580797776729,-0.7845362868784453,-0.7898189185023141,-0.4125770446934348,0.5577221539564646,-0.7489611363274222,0.3595898219551722,0.27867150676910524,-0.879149556795508,0.42612687262004273,-0.4357561845495468,0.2671102804964922,0.102931719106135,-0.21899719161059203,-0.5144815571043337,-0.2402633905723405,-0.50506923323827,0.3980976258640277,-0.25761213181051473,-0.7809273663051368,1.0572223652687351,-0.686731317874598,-0.5192075445115001,0.8734827647398954,0.7271870109147507,-0.07594260102315534,-0.27418492601219485,-0.7376521770760249,-1.271115330178686,-0.13383893040709105,-0.012808373289074956,-1.3490706479415941,-0.3256498636047735,0.21518827008814273,-0.22872107374486986,0.05142893687245644,0.8022326646528495,-0.8239113473118046,-0.9929627499040865,0.681604626368034,-0.24792770659495267,-0.7907771490538863,-1.0586788351762848,-0.8121424508225151,0.07550885406746106,0.002949158744027937,-1.8977183506894835,0.9200230881598059,0.5971188898936939,-1.406899088273782,-0.023407274564202163,-0.9140119115220489,1.1590936463841561,-0.6474992490102646,2.276638402882145,0.17302571091777705,0.5543802206395475
Tb,-1.4753776708916015,0.23332611203394701,0.04277879069989101,0.41928880739339164,-0.37482764056229534,-0.058635676354987336,0.762020276219534,-0.9727816947725686,1.0403193541710167,-0.7073160389705937,-0.37642154059052496,0.3075832823972253,-0.04770148202443323,1.1864440350075094,0.21675834093448892,-0.2208855532598062,-0.27611470641370406,-0.14048099968278935,0.2535371658677134,0.4775539847013559,-0.7841649780959966,0.8455113100156477,-0.0458771339982773,-0.5940310253542309,0.8384026295970974,-0.8284342337083124,-0.7149431929533456,0.20270477010477664,0.18025613699764914,0.25493701117208445,-0.19659688443678838,0.24335041967793294,0.5342727225735732,-0.05610933289403095,-0.4313164780905134,0.01616559639000794,-1.356174077492232,-0.33848023665187804,1.0419876397137382,0.3963800875579876,1.213535730525685,-0.45739443204132413,0.18458123174442098,-0.33919376285048425,-0.010599632710713893,0.7053442804521813,1.1412579914956147,-1.1771740333532033,1.9734340451625014,-0.7308964607101993,0.7675958582602054,0.3868749498816295,1.0633775562148833,1.5937367775741913,-0.5197089803120482,-1.5616395768164386,-2.1232341668337287,0.7074989903398434,-0.7998214159531867,2.654175711688836,-0.7245102636647985,-1.463206007854597,-1.3368838211717928,0.12824023823788758
Dy,-1.580729282127673,0.21693321120786893,0.5250625114730251,0.2962872595487009,-0.3462772459649604,-0.5313622606830444,0.30918198101673366,-0.4922221679008235,0.6438126911654121,-0.469463508504103,0.4883738376705134,0.2979072227949822,-0.9124880448963001,1.0865167079712867,0.08872037989480047,0.2969282786144547,-0.10708535894298417,0.12448146816519395,-0.46301824058097396,0.33426615129000775,-1.2680884725452948,0.13636102974915512,-0.1724707835997415,-0.30866689306368766,0.37263643233963784,0.5316346380442695,0.7398127603757112,-1.4227116312016022,0.0591941409118831,-0.8822574615984786,0.5059876845818188,-1.0192160128846168,-0.409036575227678,0.8567011080758716,-0.29241655875464106,0.3057507411035834,0.7491133814297117,0.09750929944930135,0.9881082204840776,0.544166287230693,-1.0346062198765102,-0.36363314122067936,-0.2672218583611228,-0.030412156672700596,-0.006292077351217064,0.776318185060092,0.039599434406464906,-0.5938917468413161,-0.08652450996987765,0.6409387932284752,0.40027561644845233,-0.4568255475602378,-0.7641916895536444,0.48228055422704624,-1.0506204858107024,-0.29442434182107885,0.657683988068714,0.6918191339724151,0.30354592027809246,-0.21380213816105842,0.009926607332676508,-1.470884286691763,-0.28168713209874635,-0.6365004520342468
Ho,-1.6149910075497778,0.22180725757879272,0.588432399643461,0.3850509282611489,-0.45272013643357517,-0.45155183060517934,0.6780555211985978,-0.7447863509976598,0.3553754795050921,-0.17027832159668346,-0.17774356140791783,0.16724774591185565,-0.4948719048848798,1.2150881567612126,-0.006605238716208632,0.6948211383784665,-0.22047758032150175,0.23319926314459194,0.4223074635366764,0.93206071672495,-1.18733211376456,0.1776220219145767,-0.6248630501906893,-0.3983060222894882,0.17121859113878563,-0.27139359677221414,-0.04138303787726301,-0.10026070948055843,0.06500663355999446,-0.604291387368604,0.8385662930492014,-1.0544442843677222,-0.2973312395871779,-0.19292081874780515,0.1410746303853125,-0.5845128810080915,0.0647356374622341,-0.39068178514326884,0.8711419891948767,-0.03871406667772378,-0.7480593226595461,-0.23968069642952594,-1.0110202751410071,0.6938578640567575,0.42318983463037274,0.659563735032746,0.20587138817765843,0.3865155400592097,-1.3194031679709093,0.8121923085167057,0.5463222818862767,0.044239312104163014,0.7792489680840977,-1.162389351114602,-0.3698472377677854,0.8810270980097595,-0.5585867088538052,0.33256580630921595,1.8776067190978172,-1.0297344343678883,-2.4977148870269157,-0.7699604457907135,1.3820057605832583,-0.3087775747894744
Er,-1.6093178023856591,0.2002750393139684,0.6549564567298195,0.3825158043414652,-0.42152494220915115,-0.4881632060137823,0.7437328169420473,-0.7167691541894181,0.44167245933691324,-0.09687589019589551,-0.16365514145513121,0.11367858779820567,-0.6505631042360233,1.1934769968786274,-0.012333716860101726,0.730473299276679,-0.0699334307653316,0.1926625661498258,0.4186408223637122,0.8000749054867023,-1.163464278500087,0.3677359031731545,-0.6087869262742746,-0.5043518467944649,0.2581454703874161,-0.1484164005792932,-0.002388851443312439,0.174460245062314,0.28528422355328464,-0.37553076304718125,0.3367567259305303,-1.259695679969219,-0.22656583337559863,-0.0073559070343532885,0.44303979351284273,-0.21519540369323042,-0.16269602884427284,-1.198634686314753,0.5840333810050113,-0.35067989721455295,-1.3269975694393945,-0.08803310935504585,-1.6222701987955863,0.9376751463801253,-0.22116354149024736,-0.01434450456795044,0.6811632021658021,-0.38337259735597295,-0.9550895760210049,0.18079024911913016,0.5967848554923324,-0.45231988586758454,0.6087629162699274,-1.1667115782436046,-0.8619995979867687,1.44628777776813,-0.295687042276532,0.7898871266624332,1.2093307853127147,-0.7925842933596835,-0.3904683612586181,-0.5368012939084741,1.4589385660628398,-0.2584398243532106
Tm,-1.4049040125789536,-0.07613627475163089,1.0652852435254352,0.24483207886147992,-0.3411005190678785,-0.3919107043732572,0.41243969503797356,-1.253034845459303,0.02769952602911039,-0.06642822689991768,-0.5135288629255412,-0.6284068029822681,-0.28927747044917895,0.928214138221129,0.4018628120499802,-1.0844490247411214,-1.0414676746125942,0.8499573775616635,0.09193861722938494,1.4990425536402203,-0.36601141995704695,1.0456135411290046,-0.1325641923517986,-0.0028317614590817226,0.34919515567902193,-0.5370166445547537,0.042683604268657374,-0.16540274570924365,0.4961213727180782,0.8193902910928971,-0.35369832930710277,-1.8731365950320407,0.11076434564923807,0.19808003359964946,-0.19647895938071255,1.0154446233848007,-0.6766456597345856,-0.3134302674926349,1.3696525725399882,0.13522861348522583,0.9584474312106445,-0.5856751406969669,0.2636559551779018,0.5360763102834576,0.2680178140025978,0.7534825782883693,1.015596658124162,-1.1345904195840115,1.4003026541332715,0.2882916276712565,-0.28592669588358044,1.771771533942149,-1.8891776763541717,0.41897830047295137,-0.4669135223465343,-2.1466526871487415,2.887183959002608,-1.3543800242739208,-1.4672595746993802,-1.8245516506008321,1.3544958338494932,0.8524711638450181,-0.896414491591293,0.816170103174346
Yb,-1.2694653417963195,0.4266181920564823,-0.10310749669996488,-0.07344107095676143,-0.37816113359449355,-0.40255899870913586,0.44626168820515516,-0.8063578679146622,0.5013641600940479,0.23584245527344733,-0.3773625015825488,1.1231479410701346,1.649830924428362,-1.1455624212879045,-0.8691673927634151,0.14980898820743524,-2.760949668864697,-0.7274842666193589,-2.4163505292579965,0.125028246625498,-0.30374869357243167,0.628792875025298,1.2969800571058787,-0.6866722166662834,-0.5420569541766823,0.2377108048462942,-0.5495124942072086,-0.09945801298742796,-0.06765182471316702,1.325460312595544,-2.421590903353649,1.3418059861275344,-0.26736751926769264,-0.7736546576895798,1.363747088429281,-0.9892312070682874,-0.5891633317936694,0.4325961018900005,0.7239974503782503,0.5106358970274879,-0.25688232309509224,-0.10495321117359184,-1.3089645510707801,-0.4243282760313231,-0.7696593214166646,0.35123206613200875,-0.04683502814551811,0.00302096778844934,-1.814582271938969,0.498480549246964,0.673563692645972,-0.0801155943898471,0.42068996587901336,0.28513554721873274,0.7456485486638427,-1.0545924026883708,-0.33669815659732977,-0.9853902935097592,0.9500805327503405,0.8708052399211397,-0.2485555024083927,1.953290770147945,-1.2028503204338232,-1.8271551033721831
Lu,-1.1351354033601837,-0.11803031726052486,0.6328529216578224,-0.0453413715564041,0.4556929312034373,-0.7405480897340937,-0.19596169232719743,-1.3924861416481222,-1.2341627139718445,-0.10608369792561398,-0.8107656269619286,0.9984592324227761,-0.9441543891394595,0.1498115448585882,-0.6385411747077807,-0.9056523962565645,-0.027497231346954018,-0.18030891973815238,0.5052276187202694,-0.5787974147279674,2.879814849437023,-1.530453845762759,-0.7258576536120707,2.619755493162372,0.3128462501162979,-1.0803738623367076,0.2242356891551909,0.2524833315716713,0.8868407813188365,0.6249537894931814,-1.4127445303217987,0.14930221115219725,-0.10895067966332608,0.5492289677014993,0.3682194411415691,2.6930343776153864,1.3739844669343244,0.988517260520265,-1.5037490023234914,-0.9944090261139142,1.8072666609686527,-0.6769618157193279,-0.030851560203131272,1.908677469865922,-0.5370772779542751,0.4118060621671732,0.2272559082226724,0.5372678724155004,-0.8717228356197895,-0.49010738607829146,-0.41412106529163534,0.23709786065641159,0.8721650255037177,1.6912896992520134,1.0520169500344465,-0.2924428786668491,0.8807831401658708,0.41660925372396124,1.1376727110967664,0.6384456332306095,-1.0174093248280582,-1.3055376771688438,-1.035261560430118,-1.8154148504626413
Hf,-0.5560423464097141,-1.0495027471795946,0.7890397750500465,0.5481176191335889,0.46366740680852075,-1.0224027207215505,-1.9109397880150067,0.22037877636403067,-1.3961667194562686,0.5213361791725767,-1.656961302440503,0.04351268499238541,-0.3414875927051773,0.83883290574642,1.2613135956634722,1.3153726189678752,-1.347554843556765,-0.7599595003709175,0.3089539383831207,-1.2918407370159708,0.00703584354072138,-0.5895451562027555,1.2141479598902765,0.02410688181724982,-1.2937392750043575,0.2755994915129117,0.4051285241886906,-1.0869255858493612,-0.5084876893778373,-0.6193711169370014,-0.38826735661291467,-0.4165670405166855,1.1942902321347848,-0.044608596678084,-0.19447986541276063,-1.691208359488071,-0.819048576094626,-0.9483910754796936,-0.013055243623509745,-0.889530554614109,-1.3010791921788623,-0.5971799258820273,1.020558927002144,-0.5649185873092807,1.2799040277291232,1.206337047989368,-2.167992473997987,1.6206122567572614,1.4319775925746843,-1.0707571671068374,-0.7062107417919559,0.9407363281845788,0.916147589973353,0.15319948334378972,1.8633101277747572,-0.03995704590560637,0.5733560210725853,-0.7859776250840184,-0.694543650894772,-0.39145605511810866,-0.7829684344082267,-1.2946564351241654,-0.38852473258185016,1.9419762343987383
Ta,-0.35424409471558543,-1.2066765993879391,0.38455397066540753,0.6342812794365095,0.157172521699122,-0.600817803515766,-1.8727562130455258,0.6785931451985275,-1.217361653210861,0.5400908120490182,-0.8404007371463605,0.994130545396941,-0.8291771687976756,-0.1770537886097505,1.2395419316172667,1.9199824495714328,-0.9227538260173082,0.04500081795459778,-0.6334378064323848,-0.8926696420303443,-0.28313213338952226,1.3887080160847303,0.2649415300982272,0.7600026565147844,-0.6599967095251624,-1.1687139965131312,-1.9963908762852696,1.6919587386713948,0.20781506014411352,0.35298298283417756,1.058821831183919,0.04798896412800036,-2.147177413467532,1.3555319030547028,-0.7963851155254389,-0.2548465703570389,1.4010604916807725,-1.4986521357467888,0.02720372715289609,1.1210237417781932,-1.1929156811965136,0.5135474869397388,-0.12733529340686287,0.3517299360808736,1.201638668678742,-0.2034119394525677,-0.23016528321483107,-2.244126977464644,0.2344985316960828,-1.2810553353923253,0.6310721766544427,-0.05799046363341636,0.09817023081155592,1.4213442322628203,0.09754875697231465,-0.01217357068568322,0.9963024304422295,-0.49427217270695106,0.7083708859061218,1.4159338794275116,1.6327157685683706,1.7305571519452783,0.676442370261901,-0.856271726612693
W,0.11347746997003129,-1.5571118099602872,-0.04096873587131602,-0.02832162237575616,-0.14268211052610222,-0.6245549710190945,-1.1638494062141642,0.2188195833302552,-0.8071835205555755,-1.289333316974198,2.3954003704066276,1.0209247826070962,-0.04865513249476653,-0.34115532235944424,-0.0806200352457854,0.029315538228470592,-0.9977475415406181,0.16079044875306053,1.4493088252852975,0.07576117019473409,-1.2285984201275377,0.8116179816190598,-0.5813911933581135,0.7984488557065001,0.3726326882133888,-0.5294054612567926,2.2544720740220745,1.1941307711404803,1.9332072528689335,-0.6057279696617421,-0.6962002658646783,-0.320243869020666,0.40940427956751557,-1.4396074365514226,0.5989076262845708,0.08303754887516442,0.5808504389616903,0.8814632552018965,-0.25780702802816546,-1.2418809223039806,0.3924232311839641,-0.32792380098957075,0.5779983029561191,-0.6678976474511645,0.3986508527388268,0.6688815555000515,-0.25176917218682404,-2.2888050654696332,-1.089776304004711,2.244757530575288,-1.0960560196766649,-1.5555734202640126,-0.3029002161954524,-1.1869903120394456,0.9956565022806089,-1.8544298799272285,-1.423374540812491,-1.0548448027023811,-2.219919000258594,-0.46590418664238936,1.104952804557609,-0.24336256006994322,0.879270791381444,0.36311733256165846
Re,0.22833633937571723,-1.6170250501960002,-0.006819791161860452,-0.2563631569524244,-0.42962671087840754,-0.09213530860839023,-0.8476632194045914,-0.2499031963612417,-1.0638419884583992,-1.0752494132144548,1.3488019767821324,2.0714229770794073,1.9938060947499001,-0.16290943146248826,-0.022350023945714524,0.7279635444035798,-0.8006254847439792,-0.06759482060667203,0.3281031657725877,1.3124462361973954,0.9262343020484195,-0.43735801832513416,-1.61338375090899,1.0971927671696073,-1.0311881605884539,-0.24856689210736269,-1.865066235003261,-1.1279904812076478,-0.14077731766328674,0.00103222409370473,0.07582955714644957,0.8204469428418416,0.7463731526077579,-1.1385160603480415,-0.9896232626598349,-0.8086305676518623,-1.223777963719506,-0.34311376627561563,0.8034545563179205,-1.3807427036630704,0.33846414248532186,-0.07598105069923347,-0.21777141525662283,-0.8495684721449799,2.0889937753661254,0.4165463413176924,0.016903219717000675,-0.3990105454915386,-0.9642328606249426,-1.6282247816060624,-1.4654412225971998,2.0645076781331815,-1.3178088032193598,0.806316995780225,-1.4722022504322445,0.6413801378061593,-0.472049783494564,0.3146421894935684,1.4807096706057505,0.01704015912264351,0.38816061209343716,0.07471434161416703,1.5996194793324918,-1.0792490010986429
Os,0.6076437082780803,-1.432834136100731,-0.9769453058903155,0.09413739971192887,-1.0935107749214399,0.9257851051265259,-1.0899250532011489,-1.6118639656043436,-0.024381490455604102,0.04209459772230016,-0.17667730912398735,0.2465510094947826,0.03699767738024653,1.0652943679641917,-1.145379694606977,0.2568927565232483,-0.3456815073829406,-0.227544672773297,0.6490424854547622,1.7138272369258318,0.8118070840682886,0.6769539480445104,1.1934777146319442,-1.1550563790148325,-1.6272471095602574,-1.5236908753785106,1.491622512017146,1.05638760651151,-1.2939274924603932,-0.35272994662703966,-0.5144413454993203,0.40855165799627596,1.3442512237297635,1.085928777109619,-1.8804203251715537,1.6646606419973955,0.6316785915326606,-0.95463067638754,-0.47444933150407814,0.7976951172240486,0.14471234419669957,1.0073564221165825,-0.1196723088017899,0.625474931968811,-0.17295758756114504,1.4647134011030165,0.014452769473230757,0.1940646565708772,-0.02267608079409713,0.2614733327285262,0.40610944643548924,-0.7630327992511572,-0.3181728723273275,-0.17893153855698743,-1.6828265520101258,0.9074357261439403,-0.13338898697751983,-0.14797907926538115,-0.17198775206756642,0.25080472034349266,0.2895810135774639,2.0097621108579355,-0.15173186578762918,1.6233684949417493
Ir,0.6675518279990769,-1.3602990758866302,-1.1283273276970356,0.02908988711035897,-0.9218606703625614,0.7281737274730855,-0.5464926817219954,-1.9448165371233017,0.13180704267565144,0.24141609269802236,-0.25267576063144104,0.1508547435455208,-0.08706752779260074,1.5331638525252942,-1.0608961987849452,0.09488816420842973,0.2950972320431666,0.42752017465990133,0.5524191818937322,0.33819792447294794,0.9145492183356588,1.4023628839348592,0.662360918445951,0.169128200995879,-0.7691881419947008,0.42872062027880997,-0.5494315610752908,-0.9577047087585248,3.027740637468669,1.2278902884624996,-0.43171934517635907,0.2393223535707921,0.9899973009111567,-0.08053128417138773,-0.46077174516928526,-0.93342079975918,-0.17351951226713935,0.15939913029971373,-1.684145928024382,2.424606932769667,-1.2154759176413021,0.8040703619437932,2.790349051498935,-0.19083012884503947,-0.619208592953805,-0.41953995509446673,0.8658874599841162,0.464849791051924,0.3399201716363007,-0.4200037542525576,1.1657764639071655,-1.5849629455732381,0.7727038538018306,-0.9939633119558844,-1.1858362005586192,0.027524095271239543,-0.7806763115984934,-1.269442722985381,0.7151138192110551,0.060999405651676226,-0.40042614431940776,-1.3863530678970908,0.7429679832856145,0.4308201205160511
Pt,0.8084381722048255,-1.0849859493671756,-1.4240456039948186,0.23361370883795052,-1.0022932823450676,0.2313417388606143,-0.43215878647450506,-2.07396776196254,-0.5315774925775912,0.5767482316350111,0.06561960483689376,0.1480720982462296,-1.1052189271442923,0.8208355018195304,-0.5480273788737073,0.015526118847709451,0.15000971921526732,0.20655319635256758,0.29950322466043816,-0.8417818462630599,-0.648297592398166,1.1150596145115772,-0.14430575195988346,1.9707577342681157,-1.6547167993849576,2.326980364351633,-0.85828630004677,1.843710895686318,-0.8102919610485322,-1.2928445351176563,0.8335842630088941,0.6896970718370051,-0.5369681954385271,-1.8375711287910865,1.4256648078492071,0.9824097206953197,-1.134763131771614,1.4113604986824655,0.20622211385203526,0.9838840759263642,0.16900719218812876,0.09000891499469774,-2.0805823299384687,-0.9288609047806864,0.07972623655063601,-2.318646793730501,-0.8332573664892596,1.1647368316447686,0.5139347709728624,0.12241982490802568,1.8246659675475694,0.6587142090019663,-0.6840068832836568,0.44418101686566297,0.7372328680895127,-0.4791137270686872,0.01050246861782938,-0.6635779800784581,-0.09018441555774087,-1.6205882027104328,-0.7265326227209115,-0.25124329556088376,-0.42572712701516446,-1.2527301876285946
Au,0.9794916185581238,-0.3265263133331753,-1.9958258496114265,0.09945495525349238,-0.8870291204286017,-0.300779233975924,0.3456745917756113,-2.192207307556514,-0.6129706899797718,0.10228595378848394,0.21687766036623402,-0.3763646706321351,-0.1614489302297974,-0.8203095387593881,1.4428277761264452,0.6488177540827493,-1.3956025804486902,0.6456315492507375,0.004324308714516331,-2.261347811824272,-1.2671608159959358,-0.8189211184885644,-1.727780123628389,-0.7593711082063686,-1.5605302172918751,-0.663811527679258,0.2254624624979514,-0.9798298168035912,-0.037736807332697866,-0.06995295403088368,1.9029927072335904,0.14660610578976602,1.4171640838339927,0.21850949387498128,1.1586834230930732,0.9468529114530715,1.9367617631923406,-1.7580491533718023,0.5322729828615207,0.5334752285661752,0.7182292618785169,-1.4239868250893348,0.39695757948173965,1.7806003696499002,-1.4323685738967034,-1.283491690818212,-1.7462962211365611,0.10012899599232306,-1.3444256528177976,1.351039699163903,-1.0907037754703606,0.6576909689043074,0.8468972359490939,-0.2964799670000425,-1.6468897989350197,-0.594016997777543,0.5057861577365629,1.820847710893574,0.41750691533551887,0.6310747704029349,0.626662180692404,0.25736310893829484,-1.2717087018829294,0.6190391662237467
Hg,0.7682538368724418,0.05669796307388096,-1.1666953409461707,-0.21414511737708658,0.8745404233079358,-1.3983753947295061,1.596040260469302,-1.5687528070531238,-1.1799237099434197,-1.056833734507559,0.12020320314383295,-0.24347971214339287,-1.075525575770741,-1.4950526028287472,1.915654543625103,0.30927703546466434,-1.6013360668537344,0.5855951967653059,0.5780000848249749,2.61355721629133,1.8757272688489257,-0.8369215425745238,-0.024922510771954492,0.0760601161165237,0.09820395509429387,0.8260537281700895,1.3230303972569248,1.178728153214538,0.0026340909316255406,0.3000789933306875,0.8720106101075867,-0.593110076480072,-2.293806593519631,-0.8344949306206522,-0.9342639318326916,-1.8321183016572666,-1.344486090057081,0.9596680993649711,-1.5880364321369709,1.5150366368217414,0.12497124956874725,0.7309392426966761,-1.004758903544004,-0.779309863771928,-0.8514781169653541,1.2649999157133311,0.5157962841152505,0.6531574740966276,-0.565062576382585,-0.7535412106760231,-1.5827641437412159,-0.5381745183898314,0.6553518197806149,1.216079324730785,-0.9431391811855695,1.3165014996326498,0.4954938158040355,1.0754317312305461,-1.5055456960600972,0.03999821511363266,0.4261502575236205,-1.4212500801686454,-0.4965467507188192,0.35170801407821234
Tl,0.22684836714988307,0.2345783480762795,-0.3697313862546372,0.7466988725574784,2.511713975241719,-0.958150678183522,0.15782590457403414,-0.9794261545260873,-0.879274804646133,-2.7221137158397437,0.3766324746257053,-1.0815911947813348,0.2377030922941498,-0.49931496484050064,-1.3562368917032257,-0.23056858399802274,0.4160911050489585,1.0409304977092961,-0.5376371099191644,-0.6014025070918052,-0.0004462003028478969,0.7159416963753408,0.33523681747604944,-0.36076284611880105,-1.5297638575408405,0.5372285854326162,-0.3008345550896642,0.28761408482281176,-0.08406935580607708,0.7352466697970812,0.37957480465738574,-1.0479966012682207,0.40518710119385043,0.6725533877127186,-1.0567027929171866,-0.014624017278171428,0.31174392437922543,0.8564536045061304,0.000305516183257077,1.0106580039488589,-0.27616880651410963,0.7958257805769843,-0.026157843119724297,0.7674459592914089,-0.4561928664232569,2.1057126666457138,0.038315607806846834,0.7312978181191679,1.531908956637034,0.23790602829703406,1.2485201679666584,1.3054658483470232,-1.736355247617709,-1.3978500598996295,3.43588030343108,-0.9824275084841408,-1.4913235809769223,1.7334806491876709,1.5160231141697869,-0.5338218783306925,0.0888693061976865,1.5961763779682905,0.09521259572838905,0.008318755350423052
Pb,0.21271922090337203,0.03629961668819601,-0.7679569866314006,1.3616159760556141,1.8924224871885091,-0.7252258325529903,-0.6595694439068485,0.677875682655011,1.1705459528212319,-2.3612615437585713,-0.7999862088551715,0.3247063821449759,0.5563179589926674,0.202097918063501,0.6734125772850674,0.5062483461014752,-0.11241213619087448,-0.032901660790384084,1.5355785221264435,-0.07814563151330768,-0.40834514717709447,-0.5349875085345749,0.07266296483975143,-0.308039280379626,-1.2559904524901586,1.886274059645694,0.7134142226519106,-1.470223932313911,0.10185870012927822,-1.2514262811667616,0.38301624890843494,2.326999837991,-0.21024524667539213,0.7394664786111327,-0.23229091926406983,1.4448433186157945,1.33119625457889,-0.004657932579984928,-0.0439999581265982,-1.1325484946172086,-1.7583321981182047,-0.259588234252806,-0.7528632453559808,-1.317237425992491,0.20477492650080453,-1.2579137976768593,2.1916346552788206,-0.7467656768310987,1.6969676185076792,-0.47818701820673065,0.5924693758197185,0.18997619477945143,0.9616595009991272,0.5335419461865506,-0.7867786459699431,-0.3856472580418354,1.210895149617055,-0.45053068313963,-1.2931005844944872,-0.20059179076788988,-1.7425801327030153,0.14225306899112092,-1.137180027078375,-0.12792538368392858
Bi,0.39270193638503753,-0.007996868645225636,-0.9443246940527629,1.7344509063019455,1.3731966200407877,-0.7892212906204957,-0.4581309704450025,0.9760419132501442,1.433150205312253,-1.8964282677385818,-0.7425599986570256,1.0527032002114107,-1.368061932984561,-0.62891593876496,0.04526004546945017,1.5631995472093858,0.5785335577994735,0.1111579414476085,-0.055282227185056695,0.5734069341331254,0.21427558783304185,0.6548195165655497,-0.4391928037502686,-0.279053041437497,-1.0961347193252458,-0.781477049071279,0.19171072964790756,-1.7955907313569501,0.1782033272007723,-0.483958955456026,-0.3044902160635454,0.26804729253769216,-1.4575266565926481,-1.1951309652084194,0.304235043330937,0.18383481083288808,-0.10168944737718189,-0.11981015284276364,0.1404783493805199,-2.2265086575463515,1.1717725535471524,-1.1032107228321069,1.052900624730901,-1.1454630483045678,-2.1034731899643204,0.3055737461709538,0.5580875520240892,1.273404554201695,-0.2337011823259652,1.6357552465851806,0.7648409448695428,-1.1713710893763492,-0.7302520096225992,0.4297688522927517,-0.05197972354409805,1.7883165280753857,0.06910545806192957,-1.1636119645220209,1.304286400471904,1.2709589316864536,1.0761536166993029,0.8506146406277589,0.35008678307156144,0.09737466692347596
Po,0.0,0.0,0.0,0.0,0.0,0.0,0.0,0.0,0.0,0.0,0.0,0.0,0.0,0.0,0.0,0.0,0.0,0.0,0.0,0.0,0.0,0.0,0.0,0.0,0.0,0.0,0.0,0.0,0.0,0.0,0.0,0.0,0.0,0.0,0.0,0.0,0.0,0.0,0.0,0.0,0.0,0.0,0.0,0.0,0.0,0.0,0.0,0.0,0.0,0.0,0.0,0.0,0.0,0.0,0.0,0.0,0.0,0.0,0.0,0.0,0.0,0.0,0.0,0.0
At,0.0,0.0,0.0,0.0,0.0,0.0,0.0,0.0,0.0,0.0,0.0,0.0,0.0,0.0,0.0,0.0,0.0,0.0,0.0,0.0,0.0,0.0,0.0,0.0,0.0,0.0,0.0,0.0,0.0,0.0,0.0,0.0,0.0,0.0,0.0,0.0,0.0,0.0,0.0,0.0,0.0,0.0,0.0,0.0,0.0,0.0,0.0,0.0,0.0,0.0,0.0,0.0,0.0,0.0,0.0,0.0,0.0,0.0,0.0,0.0,0.0,0.0,0.0,0.0
Rn,0.0,0.0,0.0,0.0,0.0,0.0,0.0,0.0,0.0,0.0,0.0,0.0,0.0,0.0,0.0,0.0,0.0,0.0,0.0,0.0,0.0,0.0,0.0,0.0,0.0,0.0,0.0,0.0,0.0,0.0,0.0,0.0,0.0,0.0,0.0,0.0,0.0,0.0,0.0,0.0,0.0,0.0,0.0,0.0,0.0,0.0,0.0,0.0,0.0,0.0,0.0,0.0,0.0,0.0,0.0,0.0,0.0,0.0,0.0,0.0,0.0,0.0,0.0,0.0
Fr,0.0,0.0,0.0,0.0,0.0,0.0,0.0,0.0,0.0,0.0,0.0,0.0,0.0,0.0,0.0,0.0,0.0,0.0,0.0,0.0,0.0,0.0,0.0,0.0,0.0,0.0,0.0,0.0,0.0,0.0,0.0,0.0,0.0,0.0,0.0,0.0,0.0,0.0,0.0,0.0,0.0,0.0,0.0,0.0,0.0,0.0,0.0,0.0,0.0,0.0,0.0,0.0,0.0,0.0,0.0,0.0,0.0,0.0,0.0,0.0,0.0,0.0,0.0,0.0
Ra,0.0,0.0,0.0,0.0,0.0,0.0,0.0,0.0,0.0,0.0,0.0,0.0,0.0,0.0,0.0,0.0,0.0,0.0,0.0,0.0,0.0,0.0,0.0,0.0,0.0,0.0,0.0,0.0,0.0,0.0,0.0,0.0,0.0,0.0,0.0,0.0,0.0,0.0,0.0,0.0,0.0,0.0,0.0,0.0,0.0,0.0,0.0,0.0,0.0,0.0,0.0,0.0,0.0,0.0,0.0,0.0,0.0,0.0,0.0,0.0,0.0,0.0,0.0,0.0
Ac,-1.3313254163385875,0.6154437659929649,-0.8313439579401486,0.16091304664329056,-0.5071129481654026,1.312634987326048,-0.5232686518591217,1.3119323242986607,0.31749064553631,-0.22896968640998142,0.7231703925368053,-0.14401551765385098,0.24184663545910653,-0.851024393995468,0.5781711555817521,-0.38312593649751137,1.579692479547478,-0.45421781709893533,1.1539295979595638,-1.157158980820922,1.1752226700727382,-1.6801289740306113,0.2949215195588749,1.3884681725089303,-0.7947977517403964,0.09595963588852213,1.9929127270558358,-1.4110775025216744,0.34734798651318527,0.6387234050753535,-1.0167337948770347,-0.9799508867501844,-1.3614280065407758,1.545008809312913,0.059058626578498995,-1.6906004355825501,-1.0621036647465472,-1.7938706369146367,0.4844141299610046,1.8485383414871317,1.1247142811916226,-0.9567134869121687,-1.2970950354459525,-1.2656116194404519,0.901387337749037,0.18797111130645777,0.0954667377974327,0.5378000915870869,0.28729098270830633,0.609601047278987,0.20429472025723294,1.3141832884158278,0.19424737415942386,-0.8267816635996927,-1.1468774298097815,-2.1240481883402844,-0.2544960695128296,0.6268563953105609,1.4345772299695005,0.5679490189490719,0.9733936634766238,0.28708661407847713,0.013006858015183828,0.9091649347656052
Th,-1.502549721489843,-0.010100281241627563,0.3375232629575262,0.6806622262324057,-0.8415673554459858,0.2566455837103614,0.7575414452364497,0.31041420234578226,0.9494084909743273,0.7526708060981708,0.901513480694614,-1.7796017333754002,0.5985117345241743,-0.4112871094005865,0.36830965929939696,1.3724929302827928,1.063760505958029,0.5454753735916823,0.6180839060098986,-0.04835321388440934,-0.010371434220943294,-0.19677701031464603,-0.2182640630648973,0.21500407217981396,-1.3432146106160572,0.0758605753373257,0.8089713916062169,0.09621326928161156,0.2844179176078232,-0.07736559375918213,0.591734730460588,0.06541394930291423,-0.64368790376359,-0.576205287747112,-0.37806347427969295,-0.8294798776344814,0.37170143086158264,0.13178685997981407,-0.4668594026285609,0.190627970685145,-1.6213192505860547,-1.1060615568685153,-0.5721343545999078,-0.08846957827030143,-0.06819908298109309,1.2273894235291545,-1.3854276664750587,-0.17462398416806454,-0.701073879806165,-0.03894700873653956,0.19103250364827998,0.003353020685979933,1.1553791321509368,0.22394723242327427,2.0314884666884496,-0.06966307781912323,-0.9826008290806257,-0.6764401358000831,-1.0268843298996009,0.4955925747084062,0.9149067468650429,-0.919764881962847,-0.9769959759199084,-1.342587352063727
Pa,-1.3955065183802413,-0.07207850865724628,0.2373526799452608,0.7100376898579089,-1.0220790287319008,1.6337607913622636,-0.24881198627643986,1.1554239239723547,-1.496413720978381,0.6092348219795946,0.2718482596170816,-2.3934386405122017,0.24747036017583898,-0.5840561228931415,0.3157031648726661,-0.07270672209841623,0.5384034958698962,0.8968149309319243,0.11513222797929522,0.726923377117534,1.0116859680528645,0.04230185184471236,-0.3224918852257908,1.1530992521775845,-0.5705999279625381,0.11232812066246274,-0.4055294507945445,0.8470344775946064,0.3913942449450811,0.04038392194591094,0.29722832457857806,0.09257280882030819,-0.2978880350524442,0.23166431930029427,0.0541898562554932,0.2918912980640845,0.8239585814137231,-0.028340847002113225,-0.43594999977246857,-0.3975191939767437,-0.09526821685816413,-0.6414925882827551,1.078377139009127,1.0381843578168621,0.2664284381001665,0.38527005422818567,0.5826457712702385,-0.4832505007064168,0.07456889149538176,0.8160785209013943,0.9059026672604223,-0.6132389426319741,-1.4490861062784788,1.331948859590976,-0.9336366332936722,-0.023845736987106445,-0.4005784021231792,-1.142261819323339,-0.7419558423933836,-0.6823682266406677,-0.4594868560356191,0.5638699132051225,0.5021359484575024,-1.2737767203309185
U,-1.2503545276990005,-0.5267386355350876,0.4811598359032645,0.3932134862040379,-0.11140902771433961,0.4955006403132562,0.9519982055310844,0.20513054413668178,0.534676286410591,0.1964769745005316,1.832920208886653,-1.8498168923038945,1.1693129029936484,-1.6347738641851612,0.7974086517375065,1.376115142676281,-0.5853315329201195,-0.3779423789071267,-0.3735358149427556,0.014501006068128547,0.7433038350580373,0.3951350573144636,1.8883985481100423,0.6785274233860723,-1.266987375810401,-0.25431920817970083,-0.5639242088224407,0.6694688728881942,0.9210203583292527,-0.28708266025807505,-0.10085605170120236,0.49998056007847197,0.8785424732876977,-0.9651296521397337,0.5877685733985478,0.8257056184099953,0.11015620999790662,1.070819217251011,0.6654370293302948,-0.6116822448641456,1.8197044198983259,-0.4964915375530131,0.8683825554846225,-1.1358524496969893,-1.3929934773731452,-0.5308201989219654,0.13090695908180128,-0.16543705256834026,1.5303046215487108,0.2767711155102276,-0.9726899367392432,1.336750513454593,0.24675063320149804,-0.4912573281552715,-1.3517853964398747,0.763777659411342,0.01816717585857409,0.8945079359852196,0.10139076916045335,-0.6162109178792486,-1.6337871376256834,0.5908342893358799,0.701259899960924,1.4678970754240295
Np,-1.4438046055112805,0.033358043955067584,0.3027901220448791,0.6596938023596992,-1.2196471818304355,0.12173523697965277,0.6019838623564651,0.643951520668224,1.1873341149051442,0.7989783931972758,1.075505389671721,-1.8362005778198929,0.7011732623028166,-0.6910532240815116,-0.06083002707839042,1.312638880436953,0.7538935264883598,0.5377238458010014,0.5115338097635599,0.16812363439980704,0.2788716099633188,0.08199240110063813,-0.05428866947836048,-0.1138042113419512,-0.9264697516141827,0.318481466669945,-0.09773358035362979,-0.09768413143915713,-0.4814802148018076,-0.35986783246725995,0.31666320902136164,0.5969573221281039,-0.46190910128374585,-0.1877433899130409,-0.9231940986918531,0.10690779188511994,0.5709721821637489,0.036331899957820164,-0.8020895517146902,-0.26371991884052814,-0.5823702954048487,0.9906042586695732,-0.8883800316084832,1.2458640285663423,-0.3312686506086356,0.21670668838778268,0.14963405382682432,-0.6023452805617453,-0.9497224711889515,-0.8110442923652783,0.2312564103613418,-0.1514842759214457,-0.020102681972180576,0.5042026049200689,0.7894151186846217,-0.1369188265911136,-0.9688165022273655,0.379579947929174,-0.5110345039803694,1.5799064449117444,0.2544473958272164,-0.520641799208077,-0.22453634714159723,-0.41483758214000666
Pu,-1.4656874020270076,-0.1868403900845772,0.6861913537008917,0.33138502135206327,-1.3583020335290148,0.10254347387144779,0.5314067420643515,0.4144503329399463,0.9916976128696298,1.0026899355129122,0.996267447352104,-1.9894248380979884,1.1391060494402048,-1.1928967973255737,-0.3235550521789001,0.957930658920907,-0.16359314450944554,0.7213360992913928,0.05085855990351605,0.2643160796879314,0.6935019484505446,0.41410974569346465,0.21193982420492719,0.5783736679287445,-0.7004709238043472,0.3004339291299012,0.0074951428327709345,-0.5433603706110355,-0.010211555319524057,0.18102782850875748,-0.2883453687756015,0.4456368482065616,0.049555866745583266,-0.3173800657200345,0.155348017889586,1.200005781187613,-0.5954039494163701,-0.5044427015261356,-0.6042106460828104,-0.57167165034138,-0.31014497185800366,1.6513808008057795,0.9693610746807746,-0.15116964489350693,0.4687705044644344,-0.9884051741526627,0.37638576631853665,1.575904066409074,0.08795352580906679,-0.2859672614837018,-0.1809269568438006,-0.3678439476341643,-0.13296877373556776,-0.34994188277803556,0.6852274875908011,0.6288044957007121,2.1684329863727005,0.08558883648874265,0.8309221413489719,-0.7687888959384833,0.45822978148239357,0.004376909222567703,-0.08719804138548574,0.9411701327261174
Am,0.0,0.0,0.0,0.0,0.0,0.0,0.0,0.0,0.0,0.0,0.0,0.0,0.0,0.0,0.0,0.0,0.0,0.0,0.0,0.0,0.0,0.0,0.0,0.0,0.0,0.0,0.0,0.0,0.0,0.0,0.0,0.0,0.0,0.0,0.0,0.0,0.0,0.0,0.0,0.0,0.0,0.0,0.0,0.0,0.0,0.0,0.0,0.0,0.0,0.0,0.0,0.0,0.0,0.0,0.0,0.0,0.0,0.0,0.0,0.0,0.0,0.0,0.0,0.0
Cm,0.0,0.0,0.0,0.0,0.0,0.0,0.0,0.0,0.0,0.0,0.0,0.0,0.0,0.0,0.0,0.0,0.0,0.0,0.0,0.0,0.0,0.0,0.0,0.0,0.0,0.0,0.0,0.0,0.0,0.0,0.0,0.0,0.0,0.0,0.0,0.0,0.0,0.0,0.0,0.0,0.0,0.0,0.0,0.0,0.0,0.0,0.0,0.0,0.0,0.0,0.0,0.0,0.0,0.0,0.0,0.0,0.0,0.0,0.0,0.0,0.0,0.0,0.0,0.0
Bk,0.0,0.0,0.0,0.0,0.0,0.0,0.0,0.0,0.0,0.0,0.0,0.0,0.0,0.0,0.0,0.0,0.0,0.0,0.0,0.0,0.0,0.0,0.0,0.0,0.0,0.0,0.0,0.0,0.0,0.0,0.0,0.0,0.0,0.0,0.0,0.0,0.0,0.0,0.0,0.0,0.0,0.0,0.0,0.0,0.0,0.0,0.0,0.0,0.0,0.0,0.0,0.0,0.0,0.0,0.0,0.0,0.0,0.0,0.0,0.0,0.0,0.0,0.0,0.0
Cf,0.0,0.0,0.0,0.0,0.0,0.0,0.0,0.0,0.0,0.0,0.0,0.0,0.0,0.0,0.0,0.0,0.0,0.0,0.0,0.0,0.0,0.0,0.0,0.0,0.0,0.0,0.0,0.0,0.0,0.0,0.0,0.0,0.0,0.0,0.0,0.0,0.0,0.0,0.0,0.0,0.0,0.0,0.0,0.0,0.0,0.0,0.0,0.0,0.0,0.0,0.0,0.0,0.0,0.0,0.0,0.0,0.0,0.0,0.0,0.0,0.0,0.0,0.0,0.0
Es,0.0,0.0,0.0,0.0,0.0,0.0,0.0,0.0,0.0,0.0,0.0,0.0,0.0,0.0,0.0,0.0,0.0,0.0,0.0,0.0,0.0,0.0,0.0,0.0,0.0,0.0,0.0,0.0,0.0,0.0,0.0,0.0,0.0,0.0,0.0,0.0,0.0,0.0,0.0,0.0,0.0,0.0,0.0,0.0,0.0,0.0,0.0,0.0,0.0,0.0,0.0,0.0,0.0,0.0,0.0,0.0,0.0,0.0,0.0,0.0,0.0,0.0,0.0,0.0
Fm,0.0,0.0,0.0,0.0,0.0,0.0,0.0,0.0,0.0,0.0,0.0,0.0,0.0,0.0,0.0,0.0,0.0,0.0,0.0,0.0,0.0,0.0,0.0,0.0,0.0,0.0,0.0,0.0,0.0,0.0,0.0,0.0,0.0,0.0,0.0,0.0,0.0,0.0,0.0,0.0,0.0,0.0,0.0,0.0,0.0,0.0,0.0,0.0,0.0,0.0,0.0,0.0,0.0,0.0,0.0,0.0,0.0,0.0,0.0,0.0,0.0,0.0,0.0,0.0
Md,0.0,0.0,0.0,0.0,0.0,0.0,0.0,0.0,0.0,0.0,0.0,0.0,0.0,0.0,0.0,0.0,0.0,0.0,0.0,0.0,0.0,0.0,0.0,0.0,0.0,0.0,0.0,0.0,0.0,0.0,0.0,0.0,0.0,0.0,0.0,0.0,0.0,0.0,0.0,0.0,0.0,0.0,0.0,0.0,0.0,0.0,0.0,0.0,0.0,0.0,0.0,0.0,0.0,0.0,0.0,0.0,0.0,0.0,0.0,0.0,0.0,0.0,0.0,0.0
No,0.0,0.0,0.0,0.0,0.0,0.0,0.0,0.0,0.0,0.0,0.0,0.0,0.0,0.0,0.0,0.0,0.0,0.0,0.0,0.0,0.0,0.0,0.0,0.0,0.0,0.0,0.0,0.0,0.0,0.0,0.0,0.0,0.0,0.0,0.0,0.0,0.0,0.0,0.0,0.0,0.0,0.0,0.0,0.0,0.0,0.0,0.0,0.0,0.0,0.0,0.0,0.0,0.0,0.0,0.0,0.0,0.0,0.0,0.0,0.0,0.0,0.0,0.0,0.0
Lr,0.0,0.0,0.0,0.0,0.0,0.0,0.0,0.0,0.0,0.0,0.0,0.0,0.0,0.0,0.0,0.0,0.0,0.0,0.0,0.0,0.0,0.0,0.0,0.0,0.0,0.0,0.0,0.0,0.0,0.0,0.0,0.0,0.0,0.0,0.0,0.0,0.0,0.0,0.0,0.0,0.0,0.0,0.0,0.0,0.0,0.0,0.0,0.0,0.0,0.0,0.0,0.0,0.0,0.0,0.0,0.0,0.0,0.0,0.0,0.0,0.0,0.0,0.0,0.0
