element,0,1,2,3,4,5,6,7,8,9,10,11,12,13,14,15,16,17,18,19,20,21,22,23,24,25,26,27,28,29,30,31,32,33,34,35,36,37,38,39,40,41,42,43,44,45,46,47,48,49,50,51,52,53,54,55,56,57,58,59,60,61,62,63
H,-1.2167968264525333,-1.6541896091076933,-0.37192290489511226,1.0584065475670308,0.9765111968688985,1.6133618867553083,-2.629004195106159,-1.21150139001422,0.6043098534390547,1.26676657749727,-0.6598747714692025,-1.2420601534460147,-1.1724742115698907,-1.378540943237418,0.6541193040579516,0.8655980721603909,-1.4236818056300382,0.830478966598783,0.6099832652831826,-1.0335464762843758,-0.6826964626307322,0.838128973584618,-0.3616077570271874,-0.31466521027783934,-0.2719507244240224,-0.37894044383228687,-0.13043806023365914,-0.15188508922548039,-0.16550087889677134,0.8006752953896795,1.6373413652029893,2.882303176191357,0.5754116844230588,-0.3598745346799148,-0.2657180347469989,-2.192823864822614,1.6877623290426387,-0.9321735546176483,-1.5284551673824294,-1.1931449887640277,-1.1244409419943053,1.5039825010739147,-0.14011973695963298,0.3992826749931277,-1.1978642302953202,0.6594629618307994,-2.610955279552608,1.050042928099531,0.25857196750176287,0.4683258737690289,1.391084280926215,1.4848669792326283,2.564284754657041,-1.8326574561054867,-1.834087418955411,0.2312562015035596,1.677664539386647,2.815664560821282,2.0279802465007037,-1.5310125847595515,1.8696159213462853,0.3428284613067594,-1.0796759317442615,-1.4610174634527309
He,0.0,0.0,0.0,0.0,0.0,0.0,0.0,0.0,0.0,0.0,0.0,0.0,0.0,0.0,0.0,0.0,0.0,0.0,0.0,0.0,0.0,0.0,0.0,0.0,0.0,0.0,0.0,0.0,0.0,0.0,0.0,0.0,0.0,0.0,0.0,0.0,0.0,0.0,0.0,0.0,0.0,0.0,0.0,0.0,0.0,0.0,0.0,0.0,0.0,0.0,0.0,0.0,0.0,0.0,0.0,0.0,0.0,0.0,0.0,0.0,0.0,0.0,0.0,0.0
Li,-1.447293326717184,-2.030468794743917,-0.8652211360295498,-0.6135530567258177,-0.32869213922110047,-0.8013559740781352,-1.8080480969642057,-0.26109222007983107,-0.6283401412378782,1.9453211089609825,1.4207486751007152,-0.9899189278226774,0.3582924022453311,-0.8946969444639938,-0.18133302054135428,0.2925580668581483,-1.9480162507112575,0.6313615136683653,1.056017166022789,-1.31478754043221,-0.6814145659849085,-1.145112443485304,-1.531199767008601,-0.7264882318779933,-0.47440709719722346,0.5583872441063715,-1.9013863192419749,0.06103923163732568,1.4368868845465677,0.630197920389261,-0.730264995763779,2.0991807990011093,0.37445896895872605,0.10902914465259782,-1.6629489549110819,-1.8658506215267345,0.7196299253084647,0.7731519762324667,0.619538069769635,0.08378260030883859,-0.6947138665743811,-0.1492373595111584,-0.4761112140437673,0.7531352078661665,0.7435822200690022,0.7920241690669467,-1.5934695432500436,-0.42988577608930834,0.7379505807565502,-1.1065899749567187,-1.469643129559459,-1.49819154420912,0.17046783391987622,-0.6858313461488897,-1.848941317400129,0.9417399392736667,0.02895941110233537,2.664886955341762,-0.20712836942874366,-0.71474384260489,-0.8404013726206696,-0.4983135766727562,0.8032603740420422,-2.034864961312361
Be,2.1037372252764204,0.07475019241611917,0.8032952186759291,0.2347621031230914,-0.24716727185322565,-0.3339667767492322,-0.5560866186632464,-1.6197414929885912,0.5790946760533138,-0.027375469808298424,0.5909646771932544,0.04426530787199584,0.5605886284683591,-1.0491821013865654,-0.23689587132704212,0.07357855897396727,-1.538873454314422,0.6816375288789656,0.6548407328588365,-0.020218060392257126,-0.5200171970488459,-1.4657981445975439,-1.1182380272418897,1.0006238518183035,-0.5228352230250674,-0.3423900531750323,-0.29775973442175807,-1.0849938861806077,2.775175932995661,1.0210752107665746,-0.8309037137313846,0.7273830051783943,0.2948337521510125,2.018322683049333,-1.4377642278835499,0.672148715506144,-0.8339709968320099,0.4314120867746568,0.9447282862573998,0.7087552295215174,-0.569422105398055,1.7864554415961915,-2.0240877770242176,0.4109890920230181,-1.6787807679539737,1.1191324679493988,-1.3655732291221423,1.773340288989974,0.46944245422407505,-1.309891661790174,-0.21474341712939668,-0.3212451055616138,0.1396756184487565,-0.9923629081537809,-2.2317856725445266,1.8712138442639779,1.5365392368708588,-0.7851565599258893,-0.368834862387181,-2.7405089378315317,0.7920800666060342,1.637787644311886,0.4380445373794914,-0.8114335803954649
B,1.4808508638231495,1.6557887617166769,1.496856418092166,-0.7347468641894247,1.3322802791366888,1.4879618271780735,-1.2003757595617481,-2.033961810158205,0.08696514850558734,1.0434488738676304,-0.02728020728523798,0.26311590688236985,-0.9886953652415849,-0.4102431908464848,-1.9383509779757189,0.3538976251471416,-0.07378473362628724,-0.32108001241895645,0.7521889337054737,-0.5331448271926057,-0.004919580748766589,-0.5198747381898579,0.16456227869855042,-0.47006390072857623,-1.1772229046989706,1.8398219717997817,-0.5003918717150265,0.34336223676209976,2.6126497588256243,-0.5469331622611271,0.029934642843962796,1.0111241557551005,2.2768414255842293,1.4528544633396148,0.09080578500108613,0.7467318090214661,-1.2312395026121439,0.8393264481370667,0.8689076142135587,-0.8109937122468704,-1.3777002809876406,-1.1115853675833243,-1.3062733239483648,1.3338985344165994,-1.3361386961735595,-0.8806566965127384,-0.9447820942723294,2.2130445799425718,-0.1876589075199401,-1.2102855715799232,-1.2357811223481616,1.9172365786420342,1.009132186812768,-1.4879217497836703,-1.8640030300148955,-1.078237931743538,-0.9436656466017922,0.6961235407708819,1.2534205646023193,0.3173956699549085,1.5780492596413709,0.4257751088561139,0.8214649173237986,0.2964439515614748
C,0.37570968462946003,1.5625716430256484,-0.2966988602948883,-0.7574448182465722,1.0328142442151793,0.8433098518680927,-0.5171432908040253,-1.8995535801271777,0.3059746516202967,-1.2067653034298922,-0.8127356989738487,1.0936963518478116,-0.6959424202178567,-0.4475281515315544,-0.8139338467296702,1.4429166874778188,-0.6267808197792849,1.1188893633918024,-0.39953593918081465,0.43644108359775086,-1.0027618006136088,0.683481005237846,-0.873582107474927,1.1787928979154874,-1.4602063871905488,0.12414177309141058,-0.14291612356033873,-2.114150203726741,0.1372118488598526,1.7823535361387703,1.7161860835653269,0.6229931043377128,2.3847242374553925,1.3880664835177825,-0.650010586183635,0.6545767689226997,0.4615306784843656,0.9740229991391972,-0.5389080779343504,0.09512104393547252,-2.408679464271204,-0.7491156512833705,-1.7576405673738078,2.39116875001908,-0.12618279753360784,1.4594346430808314,-0.38248427164106374,0.042328964230281214,-1.9990463236429308,-1.1780811376692646,-0.2968599746720692,1.3571843161390216,0.2771881818424716,-2.089248657295209,-1.9868421372293987,-0.6251387072796576,-0.6857360293995406,1.448434214223571,0.5211404388177361,1.5994433390302312,0.9221881618923131,-0.4729046702854052,-0.32814139482319093,0.28626167830585186
N,0.979923172670871,-0.8022958592731596,0.5443300661315607,0.2260253563048328,2.399227748887361,0.39593729399795224,-1.01621498467708,-2.2515050932502594,-0.8013601867469742,1.5513518558156567,-0.7909771583827289,-1.3273312850795493,-1.6498718863753736,0.4444039009200308,0.6405931334488728,0.15005067788714796,1.6517601205949788,-0.2496299717555636,0.27745601143159904,0.23650567410710815,-1.1924397557314712,-0.4835393426447121,-0.3768044783293991,0.7289533748600067,-1.9183848878800736,1.295187453932751,0.823045144577596,-2.2333996107501743,0.9180653162726476,0.13946254068195243,-0.016318298665012068,1.7004403913086361,2.1339698954339665,0.25580998684200434,-0.15833610868736828,-0.2131715801257145,0.1468959084517958,-0.7085892130909338,-1.7657545104041328,-0.5365593082510232,-1.457549326143641,0.019984539716553913,1.460539207005186,2.2328160153932486,-1.2410546507406177,-0.026590661574852646,-0.06321426513503191,-0.4050731629892039,-2.269717080458876,0.6121112425246702,-1.029973008918862,-0.34820739994752875,-1.2133869132346322,-2.2877579923149027,-1.4122002015468433,2.082388515147894,-0.8398549969436693,-0.7816978047319588,0.059070337827338455,1.4467520572365735,1.481449121872749,-0.24090900145627425,1.6532654017599029,-0.6285264338300119
O,0.5078867130932287,-0.21209857613581432,-1.2928109480820116,0.18609932931073436,3.02948881500882,2.3702828957228643,-1.815584102310531,0.41287574728825216,-0.6803497718910502,-0.3901324552706978,-1.493589297643708,-1.0864619006976317,-0.7941906512729964,-1.1012321133707517,-0.1805183566984202,1.2391493383636472,0.750142430848057,0.8201185251876926,1.2157372877465427,-1.9874337713782944,-0.3057105560326412,2.0717672708486856,0.16278313778707434,-0.6907098132699419,-1.3021803285111162,1.2030536072262885,-0.4847134516805783,0.6227455086619672,0.8401829366770542,0.6142706997542925,1.2471943149497537,1.7737117508975717,0.46355461538254616,0.4747300953799964,0.7016582660007662,-0.9850331689794702,0.6595670948385391,-1.12258870687236,1.1000077687903131,-3.086793720019475,-0.7633119251697628,0.6703560208271976,0.20195039840068205,2.8736452663065304,-2.101277023497859,0.8617798315133032,-0.08404288965821123,1.7866082200632196,-2.5420898688364124,1.0689753879969932,0.25978716414691466,2.159372808387168,0.1177840259838075,-1.046398413604086,0.5581268436826822,2.5953851566308295,-0.2930437653833749,-0.8760437009435847,0.5733790231764248,-0.2203885744742713,0.7044435630691346,-0.9554727798857532,1.1248341462478015,-1.4480619178987344
F,-0.472008734670893,-1.6434808678353081,-1.4289165626408304,1.0154794534561289,2.42765792238572,2.245370280600063,-2.9956055693740726,-1.1851893605631076,-0.7424298676554132,-1.289401212962361,0.8012382565999223,-0.6293261462779869,-1.256164735686132,0.18840115757207507,1.2815312383456152,-1.2802730482088165,0.21025710162118874,0.08425930843356622,0.7420849857590789,-1.851088060847279,-0.5100982062995276,2.3051187604521295,-0.23164031011053765,-2.008293463526401,-0.09155813164192894,-0.8848875678532098,0.5299947908339081,-0.5533993270069619,-0.643118012480511,-0.9821631788497291,0.8343100364487726,0.7670770660952317,1.5629650602668994,0.17847591533671625,-0.5351888953759693,-1.037283097297006,2.549012900993867,0.5961767376591004,-0.9496552678469463,-2.5190588078469496,-1.8298135906241286,0.5655763939587914,0.9432408094317491,2.8556753679790603,1.2726301410267309,0.011016893298559783,-1.0576187011272307,2.07886106595504,0.36916563152296067,-1.9892113064031072,-0.38879857849355554,0.3523452561344153,-0.2324273986865993,-2.240316230140718,-1.021422575988687,1.702198097465512,-0.72388559258542,-1.0552512482855327,0.40991364812515685,0.5609512697731829,1.7554520895443293,0.2335295276542403,0.37149128618188537,0.9498081161111741
Ne,0.0,0.0,0.0,0.0,0.0,0.0,0.0,0.0,0.0,0.0,0.0,0.0,0.0,0.0,0.0,0.0,0.0,0.0,0.0,0.0,0.0,0.0,0.0,0.0,0.0,0.0,0.0,0.0,0.0,0.0,0.0,0.0,0.0,0.0,0.0,0.0,0.0,0.0,0.0,0.0,0.0,0.0,0.0,0.0,0.0,0.0,0.0,0.0,0.0,0.0,0.0,0.0,0.0,0.0,0.0,0.0,0.0,0.0,0.0,0.0,0.0,0.0,0.0,0.0
Na,-1.4781629723680303,-1.7544305079535016,-0.45814233910916535,-0.34516448101013286,0.6723696093950285,-0.794746183230323,-1.2152874093146193,-1.7011001769102676,-1.1076962361567941,0.537433110716072,1.7686843754457164,-1.229845327261742,0.8374269484172336,-0.7616181434208991,-0.8664405421525707,-1.547697808440206,-1.6199703951151119,-0.6333527754100492,-0.3209197712525032,-0.7748728885378238,-1.6180716275258804,-0.015928859774067515,-1.3941303066675401,-1.1357552352197988,-0.1805300768591838,-0.9020369860179482,-1.3671498131381588,0.9006393949365792,1.71417426997144,-0.8177080599435171,-1.5143496816319293,1.673007835049234,-0.4061586224041848,0.8433299097702526,-0.7146009085536064,-2.331124287221517,0.23245405210431297,0.7035344582555563,-1.2858177308032055,-0.2255126983180077,0.8548617565392383,1.0825752703338274,-0.8144957031199386,0.1926877637155293,0.6491634717114814,2.263254288754708,-0.8081725701136239,-1.0711673507057005,1.1319022499239286,0.44081265686217047,-1.223172758335027,-0.7298962867715708,0.22185673563078523,0.6910504484450293,-0.8606838385372174,0.515066943772362,1.494724625452155,2.0407371260505722,1.2386947245667828,1.1660580393295314,-1.3852282620569982,0.6081427982456312,-0.4858498284779155,0.0119543913092288
Mg,0.47705285398781117,0.22030900784454077,-0.7853935665320367,0.09014622180584139,0.19543221187847112,0.15756565025585606,0.9053734116501779,-1.7159503433067023,-0.00912096317325396,-1.2492047153927732,0.35543515948106597,-0.6585420575259036,2.300648214969817,-1.428802615185242,0.47277815509576143,-1.9071551308146304,-0.7432360651506452,-1.35868215137821,1.0921903051627748,0.059688367404775365,-0.2710513774771223,1.032208034370026,-0.8341140555697544,-0.9177115118061846,1.4630569189334715,-0.14036508938961575,-2.013200957166137,-0.34388797050958764,1.443950245086178,-1.8212596932079685,0.13496165938424287,-0.3452344755525374,0.0831003212895802,0.9030083712673677,1.0819113509660463,-0.3437535295621583,-0.9821574331403955,1.6536786227647393,-1.3181302165272493,-1.5021178765772198,0.4894101521983557,0.994350126917931,0.049095740215052926,0.7064466521633281,-1.8692958766632521,-0.9269680759989243,-0.2955568491106224,-0.7859423179042084,0.5325273364834451,0.14178485898630488,0.346468939517914,-0.4936944206209849,1.8094520964827265,1.0608984028520787,-0.7050031260247153,-0.7123178589774741,-0.23284619218783345,1.0531993922664176,-0.2048673235062478,-0.35136259263410197,-1.0651821865047881,1.2415731947477437,1.250903245490385,-1.70750387940476
Al,1.363857108740967,1.861662035969427,0.6461849477100131,-1.63571245688596,0.7116177548957549,0.9467767437355151,0.12081527346999772,-1.321657597249494,-0.2056438994154694,0.7707472710065686,0.7354116757802908,-0.9584401739496867,-1.145178522474441,-1.3467551948141236,1.0179211726511177,0.09085087346137642,-0.2983688674114612,-1.5510812751352778,0.22427106507730996,0.13379313427149034,0.639924538222847,0.8922099144558928,-0.7550534180795027,0.11344467176770436,-1.0334248178627334,1.9235565638252816,-0.4600411051872761,0.007805553485060118,-0.14035158534798173,0.1374009263511958,1.0214409795765214,0.9637208728086377,0.028218730877976436,-0.18683057122840713,-1.2722252066466535,0.2093915038383548,-1.3813768483792723,-0.5600646964760596,1.2760278745229383,1.2729328523853836,-0.6346617011467895,-0.3483617887608597,-1.721131554756794,0.8494124433229799,0.8320418877397687,-0.5388616808424854,-0.49154414514366823,1.8832608526392645,1.338805016160253,-1.3373610966798812,0.17435991085253114,-0.6847575323145207,-0.9628074141871433,0.7965026204885779,0.6546724502110967,1.3637009709087686,-0.5139992993960841,2.2603870415383023,1.0577306751230726,-0.3386537662750124,0.35151377554887925,0.007862076403468326,1.8855781484089533,0.2148249460601266
Si,-0.1832095685290447,1.1359231998653812,-1.583572058912891,-1.1782643039653702,0.9242625191884254,1.4508732013119536,-0.4417336603166989,0.5900420770818311,0.3047701946281912,-1.122380698680427,-0.7194104916403722,0.8027001312379474,0.9632483455294352,-1.9816897773719289,0.011032285824913108,-0.5804712312568666,0.6332936538842301,-1.1934278752914074,-0.08236959763196412,1.4555530438934117,0.17536714824685484,0.4406171500983714,-0.5248255605406816,-0.4311765996680565,-0.3009802121863572,1.9542897969129687,1.0055591278401723,-0.7240701039893087,0.021631311666193722,1.2160522544762586,0.2823554569119885,0.19792624557719815,0.09254082804082364,0.7592453999822979,0.6268694937747605,1.351218724558316,0.9493427811641663,-0.9218660493470161,0.7961684076292973,1.296447705230203,-1.2862646268800855,-0.8968386223013268,-2.098100063161563,0.3056284532705656,-1.0151302549430832,-0.16714525191315355,-1.1822542092836956,1.190371530039492,-0.8278808153468366,-1.9825417163356858,-0.3702586499503842,0.3017112424597187,-1.3927127048383143,-0.43692160226950955,-1.1013739892845904,0.6685616462793309,1.1951103415360464,0.5285852405892032,0.846769259789481,0.9918228402270084,-0.27172512415921246,1.9360771801146932,1.7933593306706932,-0.5301787591292221
P,0.8452412007059712,-0.6191130880573901,-1.3459339352564281,-1.4153574063057286,1.002095856761212,-0.001794513438236416,-0.8758348872782107,-2.0952101778813637,-0.0753667138364968,-0.7643200736846439,-1.802152012857219,-0.6272503980657927,-1.0771713390798654,-0.2020564977561269,-0.031433413616835666,-0.2074180337971982,1.1949206554905325,-0.5006821510206694,-0.35215690692323987,0.7638105205557211,-0.33398368292228087,0.12251939223067461,-1.5260974722069263,-0.5121124462979406,-0.15724553220460508,1.171494359968443,0.9193780465432401,-1.617945411250343,-1.1504016817161045,0.816127930976452,1.3246739003512988,-0.7905033034947032,0.2557964640241065,-0.2416322160160021,-1.1740214200055537,0.38729678796941375,-0.780236341697258,0.08372928032808362,0.2163353014222632,-1.8271208324111696,-2.3359796724725683,1.1130614028136527,-0.9577131508308395,0.48217795654254997,-1.188196782037015,-0.22875828717068636,-0.14319649348302727,-1.8219093137333666,-2.072913196708068,-1.0958154198541112,0.4987349137402216,0.5245505661239865,-1.127282714545689,-1.6637414779837156,0.7648569380339358,0.3932595732205706,1.8402341237457278,0.9813644514017952,0.5902493763034908,0.7578502412618464,2.406553868676147,1.1395734943370897,0.2846772474231689,-0.7555202907117354
S,-1.1237734332231621,-0.397415890695431,-2.0092768492495034,-0.4913487293477238,1.6590389528690874,-0.41086543344236565,-1.4623504217513943,-2.240564103728592,-0.9690323826942756,-1.1297481996962782,-0.5235045063643466,-0.5440681594564409,1.0762729904710007,-0.0983986201151251,0.6505398495474837,0.027983273942672294,2.1261799034371665,1.1580054931250514,0.2612962850804622,0.22614640277211892,-0.3678954675857256,1.4444229983380203,0.10433566547200683,-1.498515012228154,-0.20921287850478137,-0.635644836110361,-0.24645777574238123,-1.4873093328636322,0.010732942632406914,-0.9362919902689382,-1.5431083404891068,1.1875562074163586,-0.29040703847850885,0.04553499857154175,-1.253709670487923,0.16020070970959635,0.8657778890481643,-1.780815399060432,2.292762426796537,-0.8831254005954946,-2.1883640379690434,0.3939103600371519,0.43973475532069456,1.6742565652906694,-2.0310264833181964,-0.9945178152666228,0.76871831337507,-0.6097365776671756,-1.7903846104006171,0.7488281174788811,1.0687802753705098,-0.5340546389025318,0.21958270020101953,-2.7204703459508397,0.9117402075708783,0.8754145323981108,1.0688165792134967,1.5813362496390138,2.0702034198664276,1.4603220799173158,1.8654375766588829,-0.7120578182038726,0.05258479457521767,0.34658799038264504
Cl,-2.12919966344134,-1.7999158056998674,-0.9148543549158912,-0.7314341293012411,0.9996614063211114,1.9664480893948333,-1.3096424979760801,-0.12659107637547262,-2.0867181257034804,-1.8083424674830648,-0.7408638075957356,0.7807945743266564,0.04349036889542664,0.46047381663145515,-0.7325308888243299,-0.5395680247239265,-0.5273930249300648,-0.0615642586630832,1.5870385820662136,0.07659684229275578,-0.41920995556485735,0.948873642325038,0.3075517595039985,-0.3872631857549995,-1.556317565504056,-1.1489888341774135,-0.5656222102624648,-1.1433436666841492,-0.4187342058848315,0.20410293985901223,-1.2190198463083075,0.38711278678117395,0.4908771811072266,2.421695761237628,-0.32476996826797083,-0.7532424124642388,2.347009512504731,0.7618524897497784,-0.03753370578218214,-2.997405807809168,-0.6408071915070409,1.8623400914978265,3.063259530735046,2.816486038573445,0.08427717652085683,0.4792671203071466,-1.8200380484449117,-0.9293418810855848,-0.8058193223859558,0.11824103562921578,0.5425659145648953,0.7024511742850954,-0.5555520820035996,-1.3072749867639515,-0.031898093423149206,0.5805151313754278,0.855755651963553,0.2624622484881501,2.379143106419565,-1.4006420323151374,1.2084782371911564,-0.37024585524392634,0.5087521707073145,0.5735715011418013
Ar,0.0,0.0,0.0,0.0,0.0,0.0,0.0,0.0,0.0,0.0,0.0,0.0,0.0,0.0,0.0,0.0,0.0,0.0,0.0,0.0,0.0,0.0,0.0,0.0,0.0,0.0,0.0,0.0,0.0,0.0,0.0,0.0,0.0,0.0,0.0,0.0,0.0,0.0,0.0,0.0,0.0,0.0,0.0,0.0,0.0,0.0,0.0,0.0,0.0,0.0,0.0,0.0,0.0,0.0,0.0,0.0,0.0,0.0,0.0,0.0,0.0,0.0,0.0,0.0
K,-2.097808570766883,-0.5250961587458726,0.6031787124556577,0.08749372394808463,1.636620824822326,-0.3985936088472758,-1.5933821043304182,0.49337385855688687,-0.7373537064614166,0.9073148607506264,1.6698721769516534,-1.4179854779663552,2.2708332783045226,0.8805539362406825,0.23579639311674302,-0.1116871453862305,-1.5252088072379637,0.43816867791196484,-0.07563657569972275,-1.727500459375872,-1.0132080472588931,0.14457053543090803,-1.9544305157170547,-2.1263851524592,-0.5417042055710758,-1.0733135906588906,-1.2745356894486695,-0.39019338370194767,-0.579169447821883,0.053196859016655294,-0.4563720351965766,0.48581062041695255,-0.21986939254210902,0.7328984617231536,-1.9426875812146223,-2.0749707489399363,-0.922422673448259,1.7720956821401297,0.5309992355152778,0.48423523240670485,0.9230882342481799,1.5536008157550447,1.1067587248999422,0.3128309307040754,-0.9491022368641285,1.9752415456849186,-1.0182367357696858,-0.36683210106419506,0.9340624241972414,-0.6799719264355187,0.575982840120435,-0.09843953783194377,1.976783575313536,-0.33086844429789514,0.5216970788056337,0.699166039612177,1.8605682831895696,0.6620966503123398,0.8631710370355388,0.5081082484473427,-0.2709671322415676,1.9662409695115999,-1.632385127645222,-1.8090807419185815
Ca,0.9596853008443396,-0.9332132885666444,0.3779842473522106,0.44823001739915724,-0.03920656170090986,1.2078463176652616,0.4025915024078927,0.34574100231826743,-0.7087411449969894,-1.4593619580508888,0.025155686306618276,-2.216489186763817,1.3133117318715153,0.02981999455497572,-1.535984254751854,1.3657916781355133,-1.9491803912941996,-1.0667256087772787,-0.8909563632829458,-0.4332561729514541,-0.08781114857656007,-0.7423126886346003,-0.7767695518955975,1.3794416722176135,-0.3719213341598206,-0.8303225407693152,-2.2016854328656694,0.772429251338123,-0.401629151276242,0.759843716759285,-0.29738077590325984,-0.036765809284991895,-0.2722039744577129,-0.8233061111392791,-0.7527629980133727,-1.3820531162907244,-0.5343658018639729,-0.1765495558783706,-1.220538569667479,1.321258803288629,-0.4031316004100379,1.3240432104709319,0.9932029601746142,-0.5416995102974614,-1.409788294569791,-0.5354753936896429,-0.4963353624049273,-0.04706220091021162,1.7133199265323618,1.4843293269179927,0.33795880795058064,-1.969799037053246,0.2828491930476652,0.9095951387029728,-1.156771388633396,-0.6465877058514977,-0.4486677377311621,-0.3050232493157119,0.6740346537897822,0.8189094933366118,-1.4964590351499958,1.0242186192101603,-0.7473245957649797,-1.2602787138188212
Sc,1.3178961822724586,1.4515725885961819,-1.246721948239619,0.7954061196448249,-0.9599313561172899,-0.7776200952935024,0.43548150418736675,0.08265022348731298,0.14406365601799156,-1.36424708932508,-0.5685463575898276,-1.905160485892412,-0.5515582522596191,0.7250789366841939,-1.9090333146990794,1.088353936672308,0.49439919565649215,-0.014491426876522507,0.17129775168857947,1.1970701316849797,-0.1170910399383433,0.7998210620165699,1.5405726994313134,1.3597257489162269,1.912643753209546,-0.6075922813565818,-0.29721233659372637,0.8114602592818119,0.03054075621521949,-1.5901492668201638,1.1409044383350737,0.8710543534373444,0.2515074091299866,0.11886031531526167,-0.02163686944003911,-1.182124085354657,-1.8655507749992157,-1.584590882689083,-1.0873387113594943,-0.5259341100482137,0.8133828492330293,-0.1334400395010745,-1.3222092230431848,-0.09388529849488866,-0.47360117667598967,-0.6549348457083948,-1.064902577509171,-0.7515187839858171,0.942172721733976,0.06127197389271014,-2.163113813000789,-0.013669994568844735,-0.1806017129229493,0.7438021628910745,-0.17779828135993275,-0.8050229052617983,0.3697392573999436,0.0017402295410505536,-0.45813664196832105,0.04842948020239859,-0.7227078963710043,0.40226238231473677,-0.4822002300421049,-0.16326948270940275
Ti,1.1348156335698583,0.32985036262655604,-0.1920953149931646,0.051831891156059386,-1.0970247230076944,1.378855836674681,-0.4640829787678967,0.8631974286755565,1.9974547528548463,-1.3108132181095238,0.29467055570105427,-0.8742467586289165,-1.2578914818067655,-1.0603034000557523,0.05400233685539829,-0.967738055109933,0.12741662278664825,0.4578242616605973,0.9640002972305577,0.14047742962619755,0.8823934769493312,0.45352435624467513,1.118999731174981,1.8465433931332609,1.4099588148975792,-0.5239487731132486,0.036317996929553,-0.24789732855227797,0.21373067759273395,-0.21790135084764767,0.39792774610601833,-0.3463785027690078,1.4655161853835739,-1.3235486027111838,1.8349454350769399,-0.2506172447156655,-0.3412697585802081,-0.22477897679712996,-0.09208225691887888,0.23433032814172913,-0.1425802302918681,-1.0745654740751025,0.5054216866212576,0.6808192324987589,-1.4154585500279142,-1.6586614887796545,-0.24376134770811966,-1.1750101287287593,0.03764462845722859,-2.212649254866096,-1.0870397075608216,-0.6515670093719573,-0.35981932558888274,0.5301277552080815,0.04205213952430636,1.2893418512243269,1.3300822352227775,0.014119688486400151,-1.0752599162347831,0.7324981944999946,0.24547458220238388,1.818832733511016,-0.8086509350616893,1.2380668661050067
V,0.7879184935541522,0.9343352615465595,-0.2899737573879032,-0.8807956928404619,-1.6930142402575896,-2.4967018609251386,0.12532019489798096,-0.9396548749460217,1.1119470164857985,0.43510522807738305,0.331364858473766,-0.22173386327757563,0.2567211022417967,-1.1846618794377195,-0.5935417804149616,0.2635448685419131,-0.5706387464496718,0.4877489586534437,0.8757045191301416,-0.1855045144717273,0.4553127252616933,-0.0144362524123817,0.8703862625019222,0.4618164697609908,0.4110320432220709,1.2165980917406645,1.4140701302468794,-0.6783501426149368,0.33697095980541947,1.4100357589168677,0.3267448054261423,-1.1385187680486026,1.0381898613634675,-1.5662374256438147,1.582354437987028,0.8573839104194869,0.6061690945787277,-1.689306876269327,0.463433260446933,-0.22789504544737557,-0.34002318151837346,-0.8127534742535845,0.03448720587877044,0.030162077467008417,-1.8388875010105847,0.5017992862568494,0.7735921100727795,0.2949049670683533,1.4826634514524717,-0.9174046953544853,1.6292165989832288,1.2156773910636052,-0.2066762479335913,-0.5332586139342902,0.4116034024263036,-0.37753443067554543,-0.3209746697288552,0.095206628975108,-0.24446117565668166,-0.4066755200551898,-0.6533100145879309,1.6392752195791045,-0.2607073143543118,1.467947199774319
Cr,1.6141310398768531,-0.055094855504964624,0.09158254865145493,-0.6828736611476032,-0.5109156919153527,0.46453851174203026,0.4547086853465729,0.7462724442623333,1.3531389326341194,1.3675119531268363,0.8295114522265431,0.8238055477382027,0.5167047907041853,-2.1885735859200635,-0.08698152747006377,-0.13009262252552173,0.4389338490203731,1.3821502563376933,0.5706450298692561,-0.4946456273158662,-0.5206025731172763,-0.5505009413141083,1.492820078034438,-0.3530512052208238,-0.11554969062203568,1.0025575502276647,0.7270543389668669,-0.6417238163987062,0.5727714788574096,-0.04350404852838561,1.7499901175115282,-0.713560177527322,0.5336399831490027,-1.6622968965515492,0.9357844311693493,0.45165841053565037,-0.9523100808125957,-1.8616620126340282,-0.8883295497596644,-0.9486679248186886,-1.0151791991757044,-0.33477258678723476,0.04928395546598424,0.9798847874084234,0.8844510152990878,0.2823304794255549,-0.8949167616912757,0.7803882248809441,0.9474058671384727,0.4146194546160208,0.3130287147232644,-0.17344210577871805,1.389615828596385,0.36346169359912883,1.8171835382009245,-0.7730948161803224,-0.8701517462199442,-0.6846508008381708,-0.4731916399239063,-1.6817381616108509,-1.1389971573330544,1.8612519812120223,-0.5879732245220464,0.9244274591214271
Mn,1.3135412011064185,0.8938312508003523,-0.4630597961764908,0.41410516918175205,-0.5871242825623859,-0.08863423292280265,0.029706708411047722,-0.7170459569012153,1.0678326265169011,-0.5548720950330294,0.6614340845050184,0.03868197108237564,0.9817649457925388,-2.3809077380218495,0.4482892034176505,1.3709876366213885,0.3702847279397194,1.6862263261192316,0.8904011096768658,0.17507666317868487,-0.8541341629116131,-0.43065057519454636,0.8700677429573432,-0.1185067102115791,-0.9287315778008723,0.06918264491793617,1.515714938998157,-0.9941022044043144,0.7389499873427468,2.2124643268263644,-0.3053862677062036,0.3096457662006186,0.9698317351729853,-1.1668056272948206,1.6484958587893237,-1.3511099986049442,-0.2858466433264488,-0.30480418870178694,-1.3372011882608776,0.7246856130138664,0.07465626967936476,-1.327671634435626,-0.7234501988065193,0.7736878199601929,-0.2993051575286794,-1.0080804259434974,0.03242858422311969,-0.7538011341369092,1.495952670386173,-1.7071382278006575,0.022337176795104007,-0.5220286717664999,1.905009304892278,0.3523358038749429,2.257231601525249,-0.6259169931293906,-0.7140510565452295,-1.274557686190423,-0.6065754938272506,-0.7082013931359245,0.22450958952304886,0.2768308797507573,1.791097258599693,-0.6044664045863621
Fe,0.16615871208362565,0.10444537991168745,0.18375539839957594,-0.31604421821902273,-1.0441347318782448,1.1495687457505868,0.2602542567457612,-0.6197432564300349,1.7974576735491314,-0.7553109658902154,-0.9543110151012006,-0.3952633345804056,0.5424045325960345,-2.1995316828761795,-0.2027722574824523,0.5168225361141325,0.1282340531257416,1.671338423609553,0.1539835068613302,-1.2456732366328684,-0.5987730078288884,-2.127242143924907,1.4059347574426917,0.18551079891861252,-0.2745132767440684,0.6252720540440482,0.37986998754928875,-0.7177722199134011,1.699806846533106,1.3982685529707994,0.7884957000675588,-1.154809728453667,1.3047468786395593,0.5778504895453939,-0.3048672397653108,-1.1446629825720143,0.7945720179927999,-1.9888468278032956,-0.3100840051827387,0.19283278515216437,-0.12675635413369807,-1.8507698034839921,0.6201597141891142,-0.2309586107904485,0.30976807735261574,0.24178347748394366,0.06631420197067993,1.6506125137316943,0.22551220948951212,-1.407503664276316,1.637753918948946,0.550161405703187,0.44451355761523076,-0.350754334973392,1.7201949380864145,-0.7127000938836775,0.4065294809473704,-0.6366190828177744,-1.4030940465662107,-0.33508991875518923,-1.086446247731714,0.5852092847612904,0.5877100884425733,0.37581023287161014
Co,1.0669349100995522,1.4250870060499234,0.12795045828255547,0.6133898154850494,-1.3054326203160163,0.6544124242882047,-0.25204365217815117,-0.7055893217870004,1.0764885081707312,1.7848987636866118,-1.2731280500095554,-0.8162384621856064,1.5543066587997216,-1.1053773555634492,-0.7842858271941177,0.21578825592781883,-0.35289432127958864,1.503571548520675,1.065754730153739,-0.45317754189851717,0.42681579793777,-1.1328248883563177,-0.9315950863141933,-0.9030564755775344,-0.21811986566576616,-0.7472627591519823,0.9673776760841416,0.8485430431400218,0.15084361825811238,0.8547706423821272,-0.11560096171351758,0.8093761731823524,1.8768673630718893,-0.021436558079158896,1.331533497850152,-0.3011934418751601,0.23586890438871932,-1.4613181825474415,-2.489603705525348,0.17162933619400114,-0.953043368120873,-1.3212645350616952,0.43653002082926634,-0.4325409285517952,0.7714904683248736,0.6185449152558928,0.3354689239921646,0.132443763583012,-0.7427109581395102,-0.11202518128524462,1.6414039477132,1.4276521236933641,0.6670817755742692,-0.3607047079270444,1.9304825953974545,-0.9049941522427514,0.14656627794444615,-0.5839781045421256,-1.5651070638757327,-0.8209216751327014,-0.8326443747046034,1.1882361940407806,1.7169788516256563,-0.10215368594408637
Ni,0.05434386292429849,0.02810693339859994,2.0124037322774595,-0.231540540247203,-0.08337447664196458,-1.6972053107805172,-0.16055394833499204,-0.7617852917140568,1.1708286927925966,1.1517490200746245,0.063571452761378,0.7770318697192663,0.8724643455509574,-0.7867996641402315,0.85100816167826,1.8993536369309425,0.19899282690234932,1.615396364379781,0.852917656016021,0.011486266488903723,-0.648860045046083,-1.828464413789845,-1.3222114075407556,-0.9039385255045839,0.0637317874668939,-0.39179293277559285,0.4831301644617754,1.4266909892011947,-0.04626328981112088,0.5158634171445271,-1.05950866702216,-1.1621268813377086,1.819886916848014,0.39346328677589204,1.5553479172604683,-1.390261465136964,0.45703994780367463,-1.3419060820941442,-1.4680116729589987,-1.6833451365104841,-1.0959365510233348,-0.90158875054806,-1.374150256121148,0.834935319485665,-0.6538033639784964,-1.2431177511808464,-1.1895807344410834,0.031233743629799596,-1.1384250624686227,1.4178279409939507,2.082127326666354,-0.06782996656057524,0.38796728369553624,-1.04429971046532,1.8747364393015902,-0.6485057036328209,-0.8470325902386233,-1.360838356040016,-0.5273382366254004,-0.2787865510774813,-0.6170406556774312,1.2275948411553084,0.7065519139942565,1.2414202971151116
Cu,-0.2990661029792867,0.8797429389063887,1.623141098852819,-0.3080940798322774,-1.3333055044025817,-1.248380916955936,0.2743841962213104,0.3400336292854822,-0.062800391239957,0.7980042802309919,-0.6782666416844717,0.41371349474140473,1.340471352764357,-1.6627863966749354,-1.1712953747191,0.787963725952295,1.3677976565029693,0.6261323726672586,1.4572222242164554,-0.03558644518782962,-1.4866828232609286,-2.5559998975655644,-1.5823858867072946,-0.11031063460488663,-1.3570441126543478,-0.927975269989193,0.3056733487043931,0.12967662338198954,-1.0276220630160364,0.32745996077390466,-0.712642085801436,-0.11158660016146202,1.796553557363656,-0.46754337131621626,1.4902925829785842,0.049216694085302715,0.5122010155054638,-0.1415189363184531,-0.7012760255595002,-1.0849727696637632,0.02134819713348381,-0.22603950773488768,-0.1293477449036355,-0.22494938843022605,1.781674946140003,0.07013508068951685,-1.9482051479644384,0.3009886330605783,0.8548238012889469,1.3889595371807082,1.377151257849097,1.8436293240189614,0.2036721995414095,0.009621379564164088,2.136864149940713,1.6316845930788604,0.6756350636325468,1.0434099156717669,-1.2912368822360778,0.7901546804452136,-0.12236757734276694,-0.09565303007962454,-0.09247329218353548,-0.06111731604083808
Zn,0.31968018123924297,0.5164794401222356,0.2186210977157586,-0.435364298583133,-1.7097715526150596,1.0051594318365566,-0.2786512599261626,1.1849078690700632,-1.625955212533867,0.4194447368841991,0.5702041506491644,-2.0085988420227268,1.8804943854770597,-0.1435448123675014,0.9491337842903274,-0.048426416106686104,-0.3867320455760007,0.5998364147339956,0.4299898304924332,-0.21923716683462915,-0.9971467275689413,-2.023502630403892,-1.2414039465227387,-1.6640004593842337,-1.0129262220613977,0.5140561094991224,0.8932580935973025,-0.7219989593671469,1.755868429364382,0.14271482662920568,1.0815341433217152,0.32993713975963174,1.094297335798696,-0.9501856778563049,-0.7727453852940857,-0.8627562364186979,0.8671745067634256,-0.8543926189691236,0.7258213527870615,-0.14843810969701074,0.7319211794592329,-1.6115527300964818,-1.2469466545903312,-0.9692456130027535,-0.25352640986581976,-1.0134796435047797,0.216140496597933,-0.7726889246981918,0.13284677391631095,1.8342966917973913,-0.4629402547624242,1.1618673346519557,1.7412638729672416,0.15582867235172312,-0.20604406606021033,0.4631985522325393,1.0454497293253826,-0.03690705132037227,0.19898319489087074,0.21190558761061534,-0.5886359544981795,2.2181532858965043,1.146106603166046,0.8731124975054347
Ga,0.8532876172160645,0.42927332879496216,0.4328025108507892,-1.7880085231136025,-0.3763157304824309,0.36501260128752633,0.6790754481163177,0.8842787989098231,-0.20105583818916545,-0.8038737148149651,-0.03254590934745213,-1.3443123962394505,-0.4556316292867904,-1.8853812646299242,1.0717768589539975,-0.8851037956229542,-1.0833319172978615,-1.7184182085343704,1.2558657732130927,0.031005204288363147,0.09825087057656454,1.26157376611988,-0.948629735763408,0.02118176986382114,-1.7430740913355203,-0.45358826465874036,0.45269379903101997,1.1757635678388676,-0.4535588331241607,-1.2299554632072227,0.8191108325845268,-0.3842614644316772,-0.1939410993582282,-0.3179762327022393,-1.2042585231437155,0.9594145029787821,-1.1156382588585643,-1.268369496911728,0.3017392880395147,1.3494536302950473,-1.2322179303715788,-1.193463627652375,-0.7743298364027034,0.5148631005548091,0.34735582225218153,1.0188750941537963,0.5804595371183764,1.3675169964981286,0.9343371636768995,-0.03752559723724428,-1.1954900773794166,0.9574200269246577,-0.3526857046843005,-1.007192803073101,0.17949904619076235,0.8224168642108022,1.0537316680833184,0.8642095606856184,0.9869095394653025,1.2124136856982586,-0.16711435953142215,0.784096758524256,1.9815948794104674,-0.13618460212637148
Ge,-0.19356780748454291,-0.8458615241075641,-1.4007546923177012,-1.1945072561362446,1.132047680563187,-0.058873830138459295,0.3903536476505049,1.147908884015781,0.4419710516692374,-1.2331633426885904,-0.6376842247829655,1.7644935833776383,0.8367103146782106,-2.0027565745169875,0.5595065242199149,0.28596328336600885,1.5838923006625425,-0.5815844839673882,0.5748530487087211,1.0876473316762438,-0.19862014718957963,0.4137324799686768,-1.316998770073555,-0.4670472067041495,-0.9405249955030924,2.247480886934182,0.4777912670779674,-0.5309009423011903,0.11419019254017301,-0.655430137893116,0.9757981119712298,0.25751259198424464,1.5950344746234624,0.8188820131509614,0.7691882705412874,0.4952817964515047,0.8457601375341237,-1.5951264735385111,0.8633643158120843,0.30546639511931667,-0.27120805380914886,0.38346122266950683,-0.537361687770778,-1.0993204453639656,-0.20995788543964972,0.008010498604382797,0.7911383493960625,-1.0727682942432195,1.306216376936197,0.3175980438549287,-0.6117246086623097,1.1712983358424762,-1.1237043872829282,0.111522634865016,-0.3782876785896463,-0.11986632406648029,1.4549374831410322,-0.030853108661933092,0.6198290285580709,0.9748070087819074,1.2911806909174723,-0.24470269232257538,2.393564403407296,0.08381062629320288
As,-0.3753848209214862,-1.320992277044462,-1.5437024717527246,-1.5552717243387795,0.6753022433038671,1.5187338074879908,-1.620630098622664,-1.6037778253451762,-0.24191627773224353,0.48179998504982335,-0.959395591390357,-0.5535648630803606,-0.06750150738149181,-0.8860215411894267,-0.859570469497099,0.7303583347109873,0.8676339637889047,0.26587058608265507,0.929858154313024,0.298162740066329,-0.4830750633068277,-0.3023454508531469,-1.4649981314684803,-1.0961202379760964,-0.13439158067067328,1.7378657861587299,1.9258540360115506,-0.17242812139540156,-1.1506883528936218,-1.5629839299945363,1.6546241187664439,0.014592497834797637,0.5094198695154178,0.9220895555528796,-0.017341396274468773,1.877394819552895,-1.0933838065067063,-0.03828656112012975,1.3187467314116772,-0.4566716794269271,-0.6968152569529874,0.15244962038176743,0.9053632024132806,-1.0946777455423344,0.08663039578841798,-0.8410740986125446,1.0598139237470208,-1.9502842281944415,-1.2233706635612192,-0.7101521677020813,1.5304844946852105,-0.7652264787315263,-1.6581178384501836,0.24999185352806189,0.25154220450249143,0.8429199894914021,-0.13950272939188413,0.5470193363389431,0.03633698081641827,-0.12142079393007049,1.4285547835986363,0.975916988532455,1.2243450508196416,-0.16203597416781518
Se,-1.5852767541186696,-0.2153571683829061,-2.178244649943007,-1.5564982653095,1.2819059704574072,1.7499641586519115,-0.33001641948964033,-0.7176337130319411,-2.1002461508934522,-0.14963528876499652,0.19077190111813255,-1.0970511652852195,0.959669215800031,-0.6180808172111876,1.6351743129976704,1.4104387954688657,1.675158247800094,1.3028802053026574,0.9744061201797225,-1.191187452890597,-0.051589066432858044,-0.5921788344868529,-0.6767500545917438,-0.5989497487808567,-0.7008990609846424,-0.8038130002975002,0.7168062974724715,0.13987608131550164,-2.225923775284611,-0.9417585408515414,-0.725435810141005,0.9021297276360144,-0.5790459907141877,1.4123093198615355,-0.8212816649138893,-0.07796803243090784,1.9155187255147041,-1.7414935771275366,0.6626705008733145,-2.224245824639458,-1.2673553678105864,0.5797486925872105,0.18460157039875608,-0.01211468076304127,-0.7219308911268267,0.05182162024793105,1.3359988143275894,-0.2700416895934718,-0.7864034618531149,-0.9556776093294209,-0.14314621840044564,-0.8632115271803531,-1.002874221391379,-1.73401015551649,0.4968224257339932,0.6416407691721574,1.7251184518261826,-1.127090190062258,1.3990451811289295,1.1417363295818654,1.7021235365292418,-0.9292886870032611,-0.2817246632601971,-0.922504885314937
Br,-2.5008925031948857,-1.4565519188315443,-0.7925606134826731,-0.885273779395046,0.9191033942541367,1.9569289500617033,-0.5697228330425591,-1.1398580667522082,-2.6254645940426173,-1.382424046780368,0.6728343035218777,-1.5814772111477504,0.48505713968442055,-0.4323243260686835,0.3737274602202809,-0.7915183186502629,1.2243533902739754,-0.66913637835178,0.6907419250001705,-1.216601263212738,-0.14895543807609787,1.623682009779411,-1.379497531649474,0.23619420135429922,-0.4916308481229263,-2.5102196265145347,-0.17142374888352147,-1.8139398043145378,-0.1271486370756082,0.6959868861220847,-1.5843314510924627,0.9560511222997489,1.0258797532728765,2.317276729746168,-0.6354738753792323,0.712641434842873,1.641068381934458,-0.0548910011806191,1.6882907975462356,-1.530540836207215,-0.9412737510277457,1.1743930823420312,2.8198381040070237,2.0088273067133704,0.18479346027971896,0.1758031737360873,-0.9297623936551932,-0.4990260434736236,-0.8743291536057607,1.0456448546557762,0.5686472050690741,-0.2165173896724301,-0.9854504201348306,-1.7301130074002373,1.7078025393334135,-0.24163914875188328,-0.5166224228303669,-0.27618698669784014,1.0876282999183398,-1.9422448229668035,0.7048355559564708,0.10689957962732964,0.12144571105294183,-0.13437588509482845
Kr,-0.18191795431559665,-0.8053795405024287,0.10684387868948643,0.7845592524323828,-0.04011443129102852,-0.4744839023547698,-0.33425428223189996,-0.49885164436382406,-0.8564510068233503,-0.017509128581531055,-0.02800183829530233,0.1936797092378332,0.3009489324194568,0.8981290250978272,1.817157236695748,-0.048147863853496405,-0.6188579210964416,-0.4974342573498822,-0.20527822525512326,-0.3605649711880905,0.3555813803233668,-0.7183109549620078,-1.288895590282517,-0.8526527687868033,-1.2909162725520071,-1.682640346221907,0.09470093948140713,-0.04368869402013339,-0.4010567982470469,0.3571519251255938,-1.3760172350958508,0.009936506766490879,-1.1473767435109226,1.6759941759795058,-1.8153513465665547,0.6425964560530341,-0.5916099162496512,0.7397350831680016,1.9217990410488481,0.9041729580453883,0.09195345428851737,2.443936317040542,-0.3578344393028248,-0.740843427697733,-0.19658659059890915,1.1900380655381086,-0.8588342058054664,-0.06448195654935202,0.534684267651334,0.25046764989831044,1.0024933343901188,-0.5490128629902138,-0.4112442223077612,0.07036518627893786,-1.0104590672500884,1.1830007938674056,0.7603253379193223,-1.3034584980685848,-0.004417627701427841,-1.4295693732377164,0.13511943421070707,-0.5030515752232461,0.43392789272082277,-0.4300238506247169
Rb,-2.0303054707634733,-0.4223232579294003,-0.8161629095883449,-0.2506649143919843,1.729693068074873,-0.15254029473724495,-0.7545517259781795,-0.32133810739716406,-0.036762961901987676,1.1531441654689536,0.9891126366547655,-1.2793936666644743,1.66975337633211,1.6956343335982096,1.5661232860896863,-1.3520627698965735,-1.615514732915743,-0.6361833987296607,-0.5744177352346754,-0.36948839118931825,-1.364334746581894,-0.8596442444636339,-1.4153251793610566,-1.696617693094726,-0.9896705743321921,-0.5667591020712293,-0.7359523053104667,-0.9723308453613413,-0.2801189644823462,-0.7259264825359224,-1.2156835182780323,1.3648754337524993,0.19957855070831287,1.165364483861243,-0.45672915509183964,-1.809130589405703,0.6260771971456748,1.5906175179568978,1.337734966778315,-0.8778504343621745,0.9860685699619156,1.7519007577621075,1.6406020176062146,-0.9270987693678523,0.6616549713321179,2.4949469430557083,-0.9228740687308589,0.24749550691880937,1.8450446617135308,-0.5841982251639658,0.7846510165151491,-0.4848690138867551,2.020151060488547,-0.5769672119759112,0.18038876955772565,0.7714201662707777,1.391653114231302,0.8136436691636972,1.4592861244207678,0.7482216549857854,-1.1348519478948176,0.6248930602778239,-1.4884947981626784,-1.2301256873025175
Sr,-1.0122036745971952,-0.20859330142235996,-0.13961120377639621,0.07915949925562718,0.5136039766467705,-0.4436425343058559,1.4247245080605244,1.162810599892366,-0.01230247562360344,-1.567191656145127,-0.03536910060932392,-1.5017518030151764,1.906382109885683,-0.11388926951134858,-0.6940353643370687,-0.13784992994898976,-1.6803407719471177,-1.3020661672814549,-0.5422415920688866,-1.266879290180913,-0.5419181193778589,-0.581370306725519,-0.14625416391218377,0.4652546020132773,0.017641322812360995,-0.1541532686128657,-1.3902452601064894,1.849669018225069,-0.41154013796484956,0.2576576576023395,0.6957305402504051,0.48395106660779236,-1.3232510195779577,-0.2947996528254178,-0.5060539930297282,-1.2954275147570702,-0.0471279032485123,1.214978906083554,0.47663610994049505,-0.11728343028771354,0.905690457150834,1.1964020843029965,0.7902549319823207,-1.606417072329244,-1.2121099466119771,-0.15233823323280074,-1.5655831887613567,-0.23897197012245625,1.5503736672810084,-0.04786723317094648,0.8977249436920344,-2.4319026408110735,-0.20738711595584527,-0.32668798769633506,-1.1577167413375875,0.8881328035295998,-1.8506297015122093,0.33912765523436633,0.14235491977648895,1.6753817078183535,-1.1655745610796726,-0.8814879241300292,-1.3334254330083795,-0.4538297265984858
Y,1.346940952112374,0.1417753591230724,0.24588694421104176,1.14956964978159,-0.5617996454968074,-0.008586274627433449,0.7156802872515281,1.2915047766050605,-0.7396341262477879,-1.4864229512430438,-0.1973710707299035,0.7643541404123043,-0.3396676022010275,0.8206929293661657,-0.5734977175217966,-0.45431731419577126,-0.2028943984757426,-0.00826274509825889,-0.9583541656688296,1.3868762675710886,0.2724675759018126,-0.3585002021034943,1.7155028254728824,2.0891180676738768,2.1921711151616288,-0.023267298347393627,-0.26669719727493896,2.012362183647351,1.2002805688869351,-0.8649567079695873,0.3178497220852321,0.5951914154257982,-0.39179580374601614,-0.5675496464328745,0.23155245030560503,-0.535536973443033,-1.026313564045286,-0.6763596338302409,0.8942620079300062,-0.38350805427930074,0.5816680771796713,-0.5689009718302229,-0.4571379760664815,-0.4409485966251097,1.0497891469740763,-0.8555575288238613,0.14882670016811622,-0.994342749603651,-0.38575118223451316,-1.329164020017306,-1.8131897436821804,0.14462327974002018,1.2238812544444446,0.35285627023970634,-1.0327043413068588,-0.32637514589361455,-0.41004518646037863,1.476715751314991,-0.2849186794927854,0.7455854012302365,-1.074536820752724,-0.39899112542408105,-0.5960761188017838,-1.2257310555140277
Zr,1.354637391247569,1.0605651098900073,-1.1283560708055353,0.6277391698464214,-0.09110884257004961,-1.8190157044458017,1.4412903076701362,-0.5813556887917897,0.9699026709762196,0.008437637973159308,-1.5103851503814172,0.8395569090868507,0.7733543468894531,0.32577250900655036,-0.7649783480086941,-1.3481702131228708,-0.19464826221692788,-0.20296563275141163,0.20533097587137014,0.981378753932887,0.5292189502953749,1.9263269767735145,1.3518620119278302,0.30202408556038557,1.7336218911358523,-0.11352727345392698,0.6292899777194719,-0.2136680444263234,-1.3024112955082223,0.5658589959031286,0.7551588303474487,0.7102947550586045,0.515675097411166,-1.4388364177744208,0.5788415933161352,-0.40881462333191226,-0.29016865957494475,0.6240532782363878,-0.8852766150654956,0.42229769861703564,0.8853754915156161,-0.7596900855679759,0.6812204674258515,0.0018247015342374422,1.5074822316388294,-1.0757328078115194,-0.5209058340058408,-0.23887256497172932,-1.47426300185754,0.7374088956782021,-2.419290879498408,0.7555037637346355,-0.147337076324987,0.29864061010578336,-0.6491363919772837,-0.005279388968264771,0.207499551805684,-0.27688168405898717,0.6598588063300507,-0.6633481190125257,-0.41053570036260195,0.6016158553791285,-1.5132284954115442,1.2726982981382293
Nb,-0.7338813574981495,1.5827589965572455,-0.078803686177477,0.6299961439499696,-0.9330429583953501,-1.8835530139632544,0.7570707450765533,-0.6179893604144917,1.4174163950645964,-0.47766584277782914,-0.24762307510305717,-0.7411680323148184,-0.19355292897535573,0.1397178531782153,-0.8452107945166434,-2.145267237136912,-0.9214056379471643,0.897855469024474,0.6131708037052873,0.3604312610828101,0.21600145718072825,0.23460466762979215,0.779307118859043,-0.6432756765410227,-0.10458711024476736,1.6586299788386831,1.0974693952336936,-0.48141370971257763,0.24951801053844938,1.1363231468924153,0.9013701349592228,-0.8690080320087608,-0.656388576889271,-1.19143205624783,2.2576928022684135,0.8626540321802426,-0.4900632482345533,-1.0451326512183339,0.34362998024581365,0.4575241148901819,0.11553927145090497,0.14859357887163266,-0.5664879657888835,0.4593977011607801,0.9176820228198382,-0.8895597798590923,0.932664320326337,-1.4428471513824326,-0.8721470260541974,-1.3886233664288725,-1.369271293186869,-0.44149835571251195,-0.2745881631653985,0.4441360084906855,0.5466336132826052,-1.2405096545918894,-1.0824075520632324,0.7791582324755041,-0.28835949857116483,-0.7587002739380581,0.40535282529381256,1.2468217233519399,0.28794070339780514,1.514252190106629
Mo,1.622543027755688,-0.026477247978548207,0.12124718304358505,-0.7018441319522098,-0.3980999131604463,-0.016056791018742453,-0.18583269226547192,-0.26999665270107354,1.579635655561959,1.252714647116756,-0.08946165845029697,-0.2989407145887279,0.16882310282337945,0.05147762147998684,0.019601202637519452,-0.581196558095756,0.4530578970051825,0.5933159895347333,0.1588110102914447,-1.0361183222635943,-0.06879463681894148,1.1168476124438769,1.8052318051002512,0.5376950162701079,-0.43785120512058096,1.648692684306551,1.7929441384939286,-0.6476856646223687,-0.022834603402352726,1.8603976554718304,0.48079285696248614,0.5127258855425856,-0.6185723733378985,-0.878117352731044,1.6232762157749718,0.9597580210608033,0.7651465782591921,0.4383523261385657,-0.7847842746544548,-1.4021878583549994,0.5306612708031817,-0.10484385430904467,-1.0830926033216275,-0.26277559114847376,0.4025807937004579,-0.03139475333512655,1.3284131735121045,-0.6799448684250528,0.6331322121828116,0.5792567373391806,-0.6583370241777542,0.010748439065695774,0.566243806247862,-0.21599889093088337,0.35251492027623965,-1.2134191544225674,-0.7104950496786762,1.0111128667373535,-1.3577650499269494,-0.2616207860001711,-0.39361615413739154,-1.1610121228964412,-1.2481307080403452,2.3999023436465916
Tc,0.7563628535317263,1.6312543560281725,1.4701686349335608,-0.9047437779414382,0.3177053263349934,-0.18991566638051355,-0.47035608278752233,-0.08317263846518946,0.9112162857336218,1.4724231241079482,-0.699359922309312,0.09324489306811887,-1.1127017654455118,-1.3502112071889234,0.7273420144760548,-1.1102769409994293,-0.25019441159437994,1.4921938697912867,1.0288816717825358,0.24656252758371694,-0.5896074755034365,1.0017312574766797,1.5212912374845065,0.6144183895314762,0.2655815754262178,0.44012738187850486,2.0204735550668134,-1.5511730298546471,-0.532246596110254,1.4689437758303303,-1.4640933164870493,0.863526905157681,0.8775788770847329,0.16679630894569686,1.5887261460156543,0.23786798953542035,-0.7841203969716191,-0.1405435761425996,0.1614894619449855,-0.5165047652221026,0.15066790702924895,-1.060837772909769,-0.7361478068080635,-0.8792911190462193,-0.8327133495992831,0.5451539162788039,1.4059549786897172,-0.3626338919611515,0.2358005390758721,0.41734170654690944,-0.3886898619303549,-0.672667771639962,1.1819194128548793,0.503668438121504,1.555029198472165,-1.1550860047883917,-0.36114310175216113,-0.558241769866834,-1.0201814569945251,-0.6398689435408697,0.37484208079057857,-1.288784656775906,-0.9993845687967365,-0.2623878816093525
Ru,-0.19592828843390955,1.511459111341538,1.6574427630156867,-0.11797045589919031,-0.2429514842055323,1.0573721908403722,-1.1970410707089603,-0.4057258794428093,1.130867764163733,0.13613802385601356,-1.709725527463218,1.5444536339941346,0.8418354118885238,-0.5317344184724245,1.5896728462830665,0.44186783676759733,0.397891014784277,1.7122508138659762,0.40801593910127293,-1.0668647591955827,-0.952754587366071,-0.861319528409899,0.3136411229682357,0.7170910334913986,0.6827719510562827,0.8487540501111587,1.4313791066301087,-1.5023193036033542,-0.7391873603211124,1.9259577393908276,-1.0536028884148354,-0.6226571546380001,1.171551478254129,0.24169877218288088,1.7078319384467622,-0.12335695992074795,-0.46946555424606173,-1.251725728263886,0.030578245074663675,-0.005896471929967443,0.3688234431559561,0.09483690794748688,0.2989505245693609,-1.119211417887363,-0.14833867838788542,-0.5415275713876254,1.5805826879516582,1.8950433036318728,-1.1438916844340856,0.6409980520289492,-0.44502821044697666,-0.24811689997336014,-1.1055792325373563,0.6408325474655456,0.5831277638237411,-1.7963907316377912,-0.6214792336541418,-0.401078243062334,-0.7435333172535615,-0.5495555846618473,0.2613763615048772,-0.5735640243378516,-0.6633583882861311,1.1833261545765914
Rh,0.6095005806968149,2.044936561769649,1.70791401112571,-1.3187931581264143,0.06957690668023979,0.6345888348531746,0.046293312032310845,0.7543403402340677,0.36301597194723834,0.2007457491732146,-0.8841502903068935,0.5393207787069296,0.18460926474005065,0.3589395476393353,1.817258641553331,1.0946484560362573,1.41532493936249,1.556678459144596,1.3772013737776645,-1.2012792234196554,-1.084602856898305,-0.748705261510605,1.0220237294504966,-0.13018266702537326,0.9094278588442559,-0.4100808204418738,0.5692152665463199,0.2389480058807131,-0.7517892781503155,0.7255457405456781,-1.3210747799871223,-0.641928051467691,1.1820769332819014,-0.07143025180820113,0.9854940220659576,-0.9077605945416248,1.312565379019333,-1.213832434088344,0.25917558934347856,1.104807236198486,-0.524266419382917,0.29125713987019647,-0.02154308578422825,-0.528229005673286,-1.019412608813148,1.048297558387274,1.3532469388416142,-0.9436613716915931,-0.9912308078916267,0.7073678351318142,0.5740881431852635,1.3557281172340552,0.08632467205227246,1.08669409529951,0.3269522372428489,-1.253713653823969,-0.7636983529753857,1.2313211997103362,-1.3251378117074373,-0.8110399228704079,0.9469603467511445,0.13228986758343483,0.994231046638802,1.5647516878582408
Pd,0.37393391328918424,-0.14548676917885403,1.964710928476531,-1.6083368002501088,-0.33687786961172395,-0.15481504920997463,0.4549360212640089,-0.6748907162818312,0.17174275480640605,1.7849815361286525,-1.6397126235607193,0.7878708660397079,-0.8691123616602189,0.675348783270401,1.7717867629099027,0.8007797288710885,-0.20686423201475385,0.009867649534185908,1.5557293235021274,-0.6555302543763134,-1.5832550125634954,-0.544157804249287,-0.24380678384540744,-1.6712622998862425,-0.4368897770596051,-1.0113020665616028,1.1364936791023024,-0.2959061907271993,-0.11983727303421494,1.733413623420213,0.4060249957433671,0.0330694115951898,-0.1186395993214616,0.8955871068495047,0.6947367124963831,0.19481930864648123,1.3645105509145936,-0.8326037272082277,1.0386039900691486,-0.7394488626319645,0.31645156857689066,-1.4643457966183135,0.4663122001237181,-1.3548678039277713,-1.38405592289658,-0.987339437764226,0.443491042471303,-0.8133268523048025,-0.5287551356990412,0.5038272258803349,-0.7576533175492882,0.21528683172157556,1.0497869566413909,1.4872983547274283,1.0835233405835256,-0.0569036037856805,-1.0105684940442443,-0.6758768620255525,-0.7999270745414794,0.9005427704888048,1.557906383746735,0.15141004725105545,-1.1303330930604953,0.7154291286599249
Ag,-0.8637994740487496,-0.723696411997411,0.9292338439475533,-1.0421254698473024,-0.400889117767478,-0.5456140006125979,-1.3724728406297955,1.6675940968837302,0.31625860841453113,1.328633771741361,-1.7157342450055375,0.5428594537397003,1.5591985995362712,0.4011764205288528,-0.295746182697861,0.39559608749586905,1.2917093281940446,0.7161276805687921,1.093604333683072,-0.9886299695596045,-1.1962236378014406,-1.7845002901532887,-0.12607092120670063,-1.6953691248404517,-0.5917473229040101,-1.1112050024517708,0.6652991885388908,-1.6133366984601005,-0.3921927978056687,1.5576611432092713,-1.6261775401215575,-0.6344864689231888,-0.08785740259867907,1.3600174497974855,0.9871257335280227,-0.24074177099468405,-0.29990816050939,-0.08098821693534988,0.8965236024577103,0.2709721109671711,0.14066815928913165,-1.5065054864744023,-0.8984391654353419,-1.3136472621739248,-0.5691995411394615,-1.1723431799865163,-0.5299194210211736,-0.13571217589039272,1.305169686935014,1.176876559088977,1.3947067582772013,1.1319027804384858,-0.16661790902271537,1.1272713944826314,0.5562297267005889,0.4302099767638219,-0.6662944515584498,1.7822616873982013,-0.5997607408864442,-0.1699723105241299,1.5132930119755215,-1.2861285573068781,0.4599439206192829,1.3666361630215191
Cd,-0.4262640610643937,-1.0148701909995872,0.7011863960455823,-1.5088720188133105,-0.4409193579975897,-0.8109337569334244,0.10391210727812444,1.5587496240461054,-1.563053648495878,0.22179993144369617,-0.7367944455431644,-2.1361820656872865,1.7448705293996234,0.10405027259988851,0.22138508114516975,-1.0516479775984835,-0.9813368921201392,0.8863325775063668,-0.11902825374735426,0.4668802926648198,-0.3725191490174926,-1.3251939934270578,-0.715150273680152,0.2747715751173228,-0.4898240653614671,-0.5498860505995928,0.42964915391823166,0.8538734416701198,0.7732520066111152,0.5398284598456173,1.1316119442058499,1.2758768694246312,1.3379005456331592,-0.4848987562453819,0.1343296960877823,0.8962779120906447,1.1152557613416914,-0.40487912611199617,-0.5977678861246019,0.7185965760088513,0.4294850814380277,-2.013286611493627,-0.5327111382826991,-1.3345130081298768,-0.30619735664945796,-1.7245964434720904,0.162721093034443,0.5481718850103325,0.28341117809604033,0.5361058666390687,1.243409052936652,-0.7176907453038023,0.19206730108511408,1.6320691079772143,-0.15903277706937205,1.655662925317683,1.2018797427511498,0.3106358303513497,1.382452464827003,-1.4783035904343218,0.3402480673670784,1.359388720680855,0.16802317703857772,1.5698571960084913
In,-0.12069701599328429,0.9067113441015802,-1.0615114413326134,-0.5938780448904587,0.2206095689246276,-0.2854737710205527,1.552321279912489,-0.7424109412302441,-1.125318958738923,0.31712093364735444,-1.2278731327026606,-0.2933837866458845,0.3486120832000328,0.6156287306189908,-1.3339445189429484,-2.035049616771398,0.15079895652708394,0.46522883989591163,0.06587960682600531,-0.858997599741443,-0.4761775017065087,1.4812254879176512,0.9165936712674151,1.5004783370831731,-1.2605575081914238,-0.41016987188504056,0.031165878861345694,1.3143958538450522,-1.3146497129988077,-1.5494430918351023,1.071949391937476,-0.7030758550935635,-0.2746557867749647,-0.04838864881270459,-0.2937649170356747,1.2631029266412535,-0.6489491829853956,0.23489452830697777,-0.5812667184077887,0.5363650901122093,0.2786604946634611,-0.7561945304420891,-1.5441900581574022,-1.0804715459926533,-0.195310926009285,0.001365391701541678,0.9111742052146352,1.0946247697681188,1.355128664754537,-0.16935830229997642,-0.8758297444957653,-0.8866461447946128,-0.43740119640449027,-0.7178733059257476,0.12111136879478492,1.5307258160356516,-0.3359852708328587,-0.07931244390188089,2.0056728328753994,0.3113210781508029,0.5606247533726659,1.1289168552055597,2.6329063765886094,-0.04550672257258424
Sn,-1.3240318491405723,-0.6961543982639185,-0.609461995414225,-0.23206974393744853,1.634585839119025,0.018099847263338104,-0.1529328128023022,0.8522693702718184,0.42090677772030444,-0.919053705769314,-2.008207446610909,0.6104869280457412,0.2140652140551936,0.760137592082495,0.5070741560532932,-0.5598714832880864,1.9035235775301549,0.2855446270852253,0.05766837113689995,0.3981596415166813,-0.8468924808552191,1.4574502787013837,0.6288313186232363,0.07263808094851235,-0.3280775539058295,0.6670503350333196,0.4258363240455835,-0.7687060764826056,-0.34407782721344454,0.7238849903216175,1.142106075610396,-0.5489525758226815,0.22306811761644144,1.1192379058670614,0.43584550006510786,1.4492132019368649,0.9643603551563338,0.5377001356102131,-0.6163903537625457,0.904490665152804,-1.423002414430844,1.1632412357839386,-1.429464275742299,-1.5515576622973153,1.5673684601413844,-1.00870914936562,0.9225902760316381,0.2783374990572584,0.6594924397486767,1.4761015659273655,-0.8318786571243911,0.4165727744142596,-1.3089790651682907,0.03824560804375381,1.1774092961614004,-0.9179004347993736,1.0030328155004355,0.33323311019428026,1.1884203970866234,2.260903591246387,-0.2652673145090762,0.6359827284761562,1.7740675827326415,0.1188234596577481
Sb,0.7776613369262796,-1.402591553242914,0.013196674992179648,0.30965944346250335,1.3675729346088732,1.086923798240918,-0.4108322744748383,-0.7791060642140056,-1.4797058148773738,-0.9886797788344543,-0.4927562575997152,1.6757543674225006,0.6906630592203461,1.2505930527207954,-1.2201973567420241,-1.5550568523085304,0.3545753578509201,-0.09771168971427967,0.5289056321145151,-1.1182563435772102,-0.20984437288828367,-0.3508683672798149,-0.09844489687246231,-0.40151733154277114,-0.5213748795169456,0.4845645652592605,1.7944599861132033,-1.0773303587249698,-0.6188664392893694,-0.06763657617898003,0.8206107369520282,0.3417773245559406,-0.41880943100702184,0.369290174898467,-0.4086525225259542,1.9705436024769905,-0.2537599969405428,-0.571786632739861,0.03928543809790144,0.09570832778237555,-1.216725562523622,0.6082914351562557,0.24859502525275096,-1.299760027881462,0.3833186557218581,0.11478873444596417,1.1292528960497898,-1.2376786531687989,-1.0067869405720418,0.24611271387503525,1.5987366828479486,0.4223926454261872,-2.3660489473061395,0.39285377480285594,1.5275405044150718,-1.9159713794124453,1.663429773084927,1.2119096264835383,-0.31514991096938655,2.0186801993734966,0.724049720299454,0.5256644090844245,0.3009808091821511,0.5136944234763797
Te,0.03703674672717182,-0.9748469874074079,-2.067394380431916,-1.2317196706614755,0.14669858641789424,0.43719556789648617,-1.4519429195463944,0.5600604315102143,-2.2987841778935625,-1.4489159370498057,0.425339872513973,0.8785135998357867,-1.0902871024797902,1.418030588482755,0.31676746808705997,0.5683827880827848,1.3903788530187942,0.4990036454834491,1.189165303198107,-1.2717384435499246,0.060138876174661335,-0.0018865113407222633,-1.27960833322554,-1.8060112722192854,-1.2053576128954144,0.20723243539857983,0.8571559253962829,-0.48890077389759645,-2.3656096667213946,-0.4686324813706802,1.023359537091732,-0.0372527609389749,-0.0958384766974179,1.575341357472103,0.5928735148851105,1.108993690355251,1.4929900787205852,-0.5646095275786653,1.5991360724296932,-0.926010820984536,-1.2968611721874725,-0.11215808802919713,1.396025861599727,-0.6968157118734308,-0.7348920225619769,-0.8498280879242592,1.9064684662590248,0.18954152509864666,-0.3078387023969368,0.5949371353663806,0.3735947661665663,-1.191891452843364,0.4131799227125558,-1.0999242671296414,0.6316578180874218,-0.8751191698586676,0.7062036696845341,-0.16529969547625986,0.9929317390397009,-0.5047634523099114,1.0509922215524765,-1.034797496554179,-1.0088217376175876,-0.6296421930139057
I,-1.5506897791069074,-1.4275029412713012,-1.3594488914877554,-1.1298473386314185,1.111680768438852,1.2104946771090592,-1.508129511448587,-0.18740727419052639,-2.387781457915194,-1.3683585207658004,-1.8326308176535377,0.8834719761588422,-0.745600287182439,-0.3217967489519254,-0.21233020931537133,-1.4797001006798292,0.7978650680124155,-0.8095860597337344,-0.2850244613911248,-0.8985475980177051,-1.06627728901677,0.6094826560719857,-0.7542779669335977,-1.7830137010038296,-0.4411634596810063,-2.5727321714086595,0.035877256802658006,-1.1117700315316619,-1.8421668767954618,0.6758239144855408,0.012872945839001233,2.0554006234741973,0.26492977823752567,1.5339118951499258,-1.250053627364051,-0.4264443621457486,1.1237512747877039,-0.29183908988483453,2.3165887781029317,-0.9455847191886939,-1.0328351833931153,0.757921213196238,2.3637386129265843,1.0567350925715417,1.0010211860984681,-0.1794607126701678,0.7878384384396974,-2.017499163462485,1.0283409363333549,0.235572967289463,0.6056813822244503,-0.44031783268935887,0.607162494850908,-1.666401637876726,1.5544303491132414,0.05670454277333385,-0.6582674768333142,-1.4363150446215358,1.0234262905548455,-0.829967607671605,0.8113620065461474,0.37065331123427325,-0.05534533287873511,1.4830452674234538
Xe,0.0,0.0,0.0,0.0,0.0,0.0,0.0,0.0,0.0,0.0,0.0,0.0,0.0,0.0,0.0,0.0,0.0,0.0,0.0,0.0,0.0,0.0,0.0,0.0,0.0,0.0,0.0,0.0,0.0,0.0,0.0,0.0,0.0,0.0,0.0,0.0,0.0,0.0,0.0,0.0,0.0,0.0,0.0,0.0,0.0,0.0,0.0,0.0,0.0,0.0,0.0,0.0,0.0,0.0,0.0,0.0,0.0,0.0,0.0,0.0,0.0,0.0,0.0,0.0
Cs,-1.836107093850651,-0.4109153656999354,-0.15135905008930983,1.0402010787323006,1.4695117095261285,-1.649450263531189,-1.6220457961245947,-0.6946610247513464,-0.7193680235075952,1.218163970711987,0.3679993334670467,-0.5339956919723254,0.40914656022068724,1.5353197642333356,2.2703351662761007,-0.6888833787351364,-1.096041510850045,-1.0369331487838054,-0.30031034607720924,-1.1308452497882777,-0.9362311128186078,-0.5591606587239725,-1.6299183873488277,-1.3161354200964244,-0.9977130246333572,-2.3616765401057993,-0.4398703136361008,0.21662728301429587,-0.47842645560019653,-1.0668475734441383,-0.9941820813983165,1.4445721109743976,-0.7473106709393293,1.1249345477440464,-1.92194244607131,-0.5646730045248151,-0.43334479405896353,0.9570486362911038,1.3503914886995199,0.20156224084300461,0.15645760767457664,2.042181743254394,0.9387876032780692,-0.866732772255356,-0.5602359289515794,2.4333322008931715,-2.257316000750001,0.3731882625164761,1.6956868770336389,-0.6102417326936709,0.6244714999732028,-0.35637750750911884,1.6361114789886184,0.774474627054155,-0.13985606724537944,0.19082478358698526,1.3453858361688127,-0.20074612840485065,0.8257926350510902,-1.6708732857545459,-0.911998261210019,0.6895350048882041,-0.23010801506541462,-1.1575357156401496
Ba,-1.4451429309323616,-0.7976374866224505,-0.08658615859501068,-0.38198375777816973,0.2532665854874567,-0.15929071761674385,1.199777653036947,0.3040630689041953,0.201198443114981,-0.8075978711912156,0.6096872374709261,-0.41249648491419394,1.704674749111986,0.42139025075181147,-0.1705482420884833,0.4392398875591173,-1.1693039484463124,-1.2846346225486893,-1.249038477881718,-1.810291318138909,0.7026046261532755,-0.7912291583024664,-1.2241753745069197,0.6834082507016175,-0.1636270602909581,-0.2600417523657647,-1.7800565769107735,1.9974790676390735,1.339960827338058,0.883392200832209,-0.49582100573022486,0.5966729033994336,-1.311194465119055,-0.7118855770430912,-2.0542276266757855,-0.1654672252623838,-0.4617740763312329,0.7970342352431614,-1.4543438748464828,0.08232343556761722,0.7521618498078048,0.9241270653644074,1.098048150346811,-1.3186630581096341,0.7403325575288567,0.46009878353140615,-1.2976881462057888,-1.1338035211909432,0.781393582327521,0.9903952968947874,-0.22547239628069504,-1.834308328933322,1.5871348000119987,0.853170382245031,-0.6982525589754751,0.19823039408728987,-1.143828760038139,0.3326021374623669,0.22826772663267036,1.9416350109557823,-0.1639312788899223,-0.2361617100135521,-0.23278593096840625,0.42087332374116543
La,-0.13734765555147985,-0.49566474068036825,-0.07509728469554319,1.5634781653841323,-0.9301975213524944,-0.5619127132855085,0.5246252872834173,0.7448574593138794,-0.3987014439373331,-0.0952698649170815,0.2559283682600971,0.8544062053032794,-0.9259244935960993,1.014603916961095,0.3723758331920895,0.23408910668398367,-0.14799017349357874,-1.3112622208471116,-1.587963219142793,0.6687249175917923,1.6202401420741128,-0.08216643840484221,0.37328858730195325,0.5832219072363345,0.11003028225451743,-0.27518163518829514,-0.7317342464067591,0.9697969508361126,0.1501471307744103,-0.6565003004644169,-0.9134990482255285,-1.3283378256389755,-1.3886328763894695,-0.3326784820426611,-0.31141562783700993,0.05449517459093263,-0.9554298564036208,0.7675348864926868,0.4416677799703732,0.8056395312858896,1.466076065173384,0.5195499008187179,-0.10933076442878509,-0.1910227278343348,0.49766697846867197,1.0146064108286683,-0.4348368450213209,-0.5740812729770706,0.23511591751481403,0.654188889360991,0.4484805265925626,-1.3898065386260476,-0.15165858356490625,0.21766783876039758,-0.7420305295747059,-0.20955812400863794,-0.5413118196916952,-1.463384801837157,-0.5258123695538817,-0.4703544742333727,-1.180060250700246,-1.237483789168165,-0.2547336778446342,-0.2838489173050163
Ce,-1.0493886068534868,-0.3959878378610652,0.23615833901839978,1.2493112698831523,-0.9083056144456688,-0.8011441779574451,1.0943468683648532,0.6232625563356742,0.08066976616953977,-0.05095993308607754,0.7728974515399549,0.5738993498304799,-1.0297149657526365,0.6928824780089171,0.05427765585552319,0.414153794932528,0.2636109299078673,-1.373521061508414,-1.6760762771844118,0.3679073663467899,1.7773659570074687,-0.38483472115240414,0.8197590679163516,1.0667251344298303,0.28624365967223003,-0.077437720269179,-0.6527718849010501,0.5299119697135889,0.6282960247475322,-0.8909935829532799,-0.5100679831692051,-0.8478219807480947,-1.0928984015770506,-0.6760157339445491,-0.005763210021879956,-0.5229359129168417,-0.7116310238458338,1.1197385291248514,-0.34675825327737325,0.8739855271151439,1.5202791254313377,-0.3052794405523199,-0.10523823761322935,0.42729148417152646,1.0712349063189104,0.9903730458392812,-0.1000474839234604,-1.056668721909635,0.3040573148083223,1.01656607548412,0.36181255206627194,-1.1675685687736579,-0.5068804709157021,0.054946806615249526,0.08532930784706133,-0.3298346362920066,-0.6639233640498577,-1.523036644195149,-1.081653046238867,0.414933117261333,-1.0164235284316825,-0.9882718554932246,-0.9537047437841673,-0.11218796526074672
Pr,-0.608292536447789,-0.5141339599624081,-0.18564462879778423,0.4840813853504377,-0.46598256292684404,-0.5932903816884333,0.3444973249482047,1.1727981632164817,-0.2598146677633487,-0.6438183940137161,-0.18868557102985414,0.48425845578243937,-1.1196174494436195,0.03978344946317364,-0.3423823632542833,0.4120697325868177,-0.4899890175742629,-0.49716974372845985,-1.0980960296801858,0.39176778139430307,1.6029219289618541,0.13325673088232456,0.37926970421945083,0.4089075238931034,0.006230260830068826,0.7002040669245972,-0.9133122288529129,1.6963383449163236,1.2955069394206908,-0.7890139655432246,-1.1931430448847404,-1.4549421249895815,-1.2792392542786224,-0.4422657401661737,-0.583185845077197,-0.37714723978517783,-1.2332626722879962,1.766388408959035,-1.1261527825416424,1.3354011309670744,1.8257143675278402,0.10293530120278435,0.6324516609975142,-0.542711939382355,1.2121552480160047,0.625742835607517,-0.695671321724931,-0.19998194593089785,0.06247064397986651,0.9246191166815786,-0.40800196876056466,-0.9998920576907419,-0.4864009556640926,-0.4172458527520005,-0.6258390212410923,-1.2281436279018327,-1.3466345022351485,-0.027753229351608868,-1.396932391112396,0.43742531128722495,-1.0211480323166675,-0.036639968152508584,-0.8174026044485643,-0.8086414085009576
Nd,-0.8445977778495661,-0.3973231317533523,-0.31940509721684407,1.0963531803947533,-1.0454894796602285,0.23255924052097307,0.1695868933507772,1.5650612810788886,-0.31520442728127934,-0.5187618311559182,1.0565337253977118,0.49993310212057285,0.14760452518785575,0.740238178318286,-0.13541746177514552,0.35068224686295457,0.3659172152099273,-1.2159431862485905,-1.4369070940361648,0.8685622031961753,1.682211283307599,0.1365719573768935,-0.08003301630636936,0.7104025563767128,1.2571239102258072,0.5550576760387366,-0.9835180038109386,0.25937128907323775,0.02015526714797548,-0.46457190903740414,-0.19203014105343114,-1.7211679596011884,-0.7318399146530081,-0.45834837393805106,-0.9617672207641634,-0.5849562782279677,-1.1016983767904713,0.8278357557362079,-0.9351616334292441,0.15980080087173693,1.537517934226623,-0.29873580043460307,0.03101797432267449,-0.6168372204158746,0.5331115046540967,1.1383726915457477,-0.30478576539230656,0.4471040937822933,0.19335247881651968,0.07148776776710554,-0.5812066566167323,-1.1367180209329284,-0.14837220458999384,0.6934697202656742,-0.347983651404587,-0.06647397643523914,-1.2337523591312443,-1.2062165260294246,-0.27661476054728756,0.24319479314030748,-0.938640265441048,-1.8089725693809235,-0.08572892599712544,-0.02102544424251047
Pm,0.5400868539364561,0.12136995916190328,-0.25741860447407966,1.7948180451118783,-0.7350116001931699,0.07102764956369824,1.1819909062455864,0.8801607601130483,0.24282894377354103,0.29432483287306394,0.7892373697654013,0.6716535510369823,-0.26402117277684173,1.109536743732733,0.025205344013012384,1.0331768975261666,-0.3719517325300224,-1.124262643207688,-1.6012360343429644,0.8287994664531171,1.3690753670677678,0.40185308830665056,0.5931089384927054,0.8467588282909684,1.055170161224601,-0.8808233292188833,-0.66977860081316,1.1346301391838178,0.20860160054428858,-0.17975179738533695,-0.5101005529792769,-0.9346286747609894,-1.259974358073038,0.07739155759601142,-0.7829949919347404,-0.7191400820185081,-1.3700257170763501,0.7400215172583895,0.6823193013964413,0.9179785037048601,0.6313948535311159,1.1498436044556237,0.05759965018092348,-0.40463067501624633,0.323670940037101,0.1547001521257893,-0.2989197950724351,0.43813414041038085,0.22219211866911898,0.4103825488881501,-0.08283609406837093,-0.1623213942936004,-0.3410784625489778,0.5910151079147816,-1.0548666117754926,0.9067822430508705,-0.6259555906007642,-0.7850301829559786,-0.71044636731636,-0.8723232868882222,-1.017005302624023,-0.056621970605214116,-0.2733416812386588,-0.33934934052396454
Sm,-0.3099385140160551,-0.9306542573902381,-0.3394251924186417,1.7720848519685737,-0.8224841779119347,-0.11008158966158436,1.0320208301797946,0.9736897676955304,-0.36740251934014084,-0.618996740597005,0.6662911253657207,0.6145073009540406,-0.9827701776555547,0.463138110872906,-0.25094988747359925,0.468102496056227,-0.32999330099607943,-1.2884712946777126,-1.4279946070534222,0.7200493051465837,1.2330016814926055,0.3741243782018314,0.24692869184089622,0.7831385084894422,0.8977957778749611,0.703292446182603,-1.6400447778424758,0.7168305735689885,0.19205145802389034,-0.32385856910539257,-1.0615655883434885,-1.4446419256186216,-0.746328361993004,-1.2961753839523036,-0.10181887908180011,0.013862393731260005,-0.5814159340643649,0.5337811355205649,0.01568992565312823,1.0354506996675132,1.6865148782941524,-0.29814927802723323,0.33881570576800296,-0.4608891284537053,0.38686079343410895,0.7162309374272916,-0.13971328688843546,-0.004088724917250763,0.18564294269429524,1.0123160352775753,-0.5317911087599574,-0.5133160161251472,-0.037890312846709004,0.16823323097303702,-0.3323761806961662,0.4295758665108917,-0.6195164582268854,-0.813503660769544,-1.0777168479584571,-0.07182775485266564,-1.1763779183862442,-1.518025406061607,-0.5963632351059882,-0.4142784169520905
Eu,0.44974971288660787,0.26448113411049023,1.0819758672810225,1.4594293950439559,-0.22552706967065733,-0.6931423101902493,1.1863803543653981,0.6886064563269224,-0.16338135431195286,0.19376790338944985,0.20329666517149944,-0.27088402208827644,0.4152330787707686,0.2862825429306189,-0.5155596855129786,1.0328793560724328,-1.491545102527343,-1.3409273984948953,-1.482637991734808,0.07232678183517116,1.1727347330192786,-0.04390327985389457,0.4787939195953781,-0.01965048510738708,0.2303145764100201,-1.0497540224758388,-0.33246222006557924,0.04593684548225087,-0.517880909136204,0.016929271603721513,-0.9785378412466031,-1.3561771646804863,-1.273090440835432,0.31752220283013993,-0.44210262156822966,0.20749882550365203,-0.6007191675121082,0.7339003019199577,0.9780487268849298,1.483235020968574,0.28522978391924136,1.5523389851432927,-0.1310106403021238,-0.41982028663855864,1.1883570809971127,0.4796707250042149,-0.30827069775293287,-1.2253413275686076,1.0061790821908358,1.244025179371871,0.910115281735039,-1.6411291897713425,-0.16263917505468378,0.9067756389538456,-1.3675755597980843,1.0078973772269246,0.624852236582337,-1.5044202052710673,-0.8362383596682893,-1.1831200729754114,-0.4308974534370129,-1.399161376445718,-0.5926838885442366,-0.539634708205684
Gd,0.2924607080298836,-0.6294150119101057,0.18452277806950057,1.3471726400364779,-0.8437000781244568,-0.5688831024779213,0.8314899616776316,0.45718014698020404,-0.39876220420375136,-0.254260918156208,0.6545293074953513,0.6461106174865764,-0.12466923767170623,0.7817709721427497,0.14194959761939352,0.1621015637308519,-0.040232543661386795,-1.1539529701270117,-1.143795540936448,0.8867740960845256,1.7097830129046436,-0.16955180766995478,0.4141015030738021,1.0036806197945969,0.44935328571316935,-0.10580689406268078,-1.2020165410841486,0.8625479465787216,0.00843239733064827,-0.6058716101290847,-1.070419522134848,-1.4198969594826742,-1.1688357779585683,-0.8677742385017113,-0.549330401471363,-0.24774797795989223,-1.0115766999298048,0.8057572475748072,0.3661130821229637,1.2886476743540323,1.2426391109236155,0.7302141607525025,-0.0002570253277660228,-0.6630696727760461,0.7210939472571104,0.34825642621676567,-0.49162393477494803,0.19676394022695035,0.2114579436140005,0.06405624111441811,-0.44508834148553683,-0.35045982362818706,0.034496761540896266,0.2970513981635343,-0.7076566087688249,0.20315620864660036,-0.016381988366322056,-1.6743189670654581,-1.134029029360824,-0.23565524228997528,-1.3070791337916865,-1.379682263968119,-0.043451154714050554,-0.3264032792411223
Tb,0.4058756710581216,-0.25761858164926654,0.16261177603658147,0.9188064402181096,-0.8554997768469856,0.3242871973644898,0.8433247302151834,0.9067488356914162,-0.05332656480480093,0.28908673832405385,0.28219275541805433,1.0685324873885726,0.31305087208451304,1.4026393066032918,-1.061058174777819,0.25635131460750493,-0.2204390862807244,-1.2596753704787775,-1.7589948809046017,1.1551556985995461,1.1315915533120289,0.828144753936305,0.054519306078337985,1.1115675736052573,1.378029689765683,0.6365532948143894,-0.5908925641280345,0.8521951246489611,0.8012559318311135,-0.9478225044632744,-0.400519987434621,-1.92352043497588,-1.2174334075064688,-1.1841663053040483,-0.3371727068752658,-0.7156740000666787,-0.8266600359900506,0.09541456354337866,0.5789259275698837,0.10962641050413784,1.1193727200612231,-0.3663688933186841,0.9105476545824188,0.468995445095998,0.9258843640446531,0.608259127594764,-0.5182499790036041,1.1036511171297572,0.28587780820991726,1.1677292754361002,0.3499856384388449,-0.40082988986587553,0.022105030091272515,0.23335892416766027,-0.4864386089748156,-0.7499336807125407,0.09046014104397491,-1.0284466829767018,-1.1018526641408006,0.49400418718520045,-0.38313007900023727,-0.7285637581529061,-0.35692349903376375,-1.114974768725004
Dy,0.04794020179724858,-0.14441615375749836,-0.5015425885539005,1.0970708042727233,-0.490998152874987,-0.538066258377207,0.4519041685268381,0.8487615878639672,0.329713680358186,0.34796275440111296,0.5367411938577243,0.8242507351085774,-1.3810602661291733,0.13030397850448572,-1.0306569933401015,0.7865750408053995,-0.29105134625812656,-1.8370562370290635,-1.776543903300308,1.3115005744134962,1.418635350097618,0.06616473673977331,1.0779211434764548,0.9863343496841174,1.3249904274501527,-0.28261665150869525,-0.4600894749282347,0.6298978452999868,0.968587270444374,-1.798351198706635,-0.0806475895400135,-1.1491947556263529,-0.8111893915097891,-1.2991145896600276,0.554558458931462,-0.8311858921397296,-0.5860096270755869,1.1590913968564542,0.14666433026129355,0.6033537449632848,0.929275996491818,-0.2858513479562789,0.7098180535670499,-0.11576800005825268,0.5786458575135375,0.7534128620699809,-0.06428712018865597,-0.10653922664397142,-0.5589794080022961,0.5634995152293173,0.4350426906019287,-0.08213944194837446,0.305186699678097,0.7426432131868969,-0.9291907243767359,-0.632140145301717,-0.42965818842197,0.04514505033800369,-0.1954141131833147,-0.24723811871111998,-1.2483353450291497,-0.42814006085888745,-0.8521435891515492,-1.128779364866597
Ho,0.4801369104944644,-0.3922393114780236,0.03552458846534746,1.6585722462427346,-0.592086957816155,-0.864806081013154,0.6765806254582433,0.8459234146600141,-0.15733355558636675,0.2941780314374761,1.1455122547148795,0.4725032241421852,-0.894509976367978,0.4744462134992588,-1.5493670242766138,-0.06554403192117281,0.13842834442139998,-1.480881131046607,-1.5116235410871335,1.0433344801997513,1.0841060918244172,-0.11629730831882677,1.3876398131098977,1.1533090399164236,1.6203402702092753,0.011844508432264417,-1.4136833023952269,1.1898546288352165,0.44093925840191944,-1.27003511471253,0.2658531969454521,-1.605957141764783,-0.5464836537002545,-1.021678090221411,-0.1537490528144263,-1.110764075750536,-0.9136805297626905,1.202295283013851,0.43179419210424147,-0.07676919680082604,0.299044552500264,-0.043734266263710575,0.5734417394823116,-0.18759291288601024,0.3500349568299515,0.27971633239657373,0.38394102508267464,0.8012186708511846,-0.7438982331113395,0.2144481451945552,-0.5796185304524256,0.1694796511531892,-0.25107612936692186,0.6029747822792034,-0.5646800018525256,-0.22607606997808194,-0.6721598351578969,-0.7067350572362785,-0.7884408468503816,0.10591282402361729,-1.131999712098991,-0.27494411943379016,-0.5022099994871772,-0.9066772376387975
Er,0.629968122810629,-0.7361450431064096,0.4388012784538569,1.5351100732391554,-0.5326619318708734,-0.8259422757792035,0.5764086097729337,0.4955267933996605,0.21163094574892458,0.03261934985533087,0.9212328988149755,0.14904694650876688,-0.11330295770077521,0.4804124958335962,-1.4093655089250166,0.5965486404663595,0.42995035043716506,-1.7695030930447349,-1.6981366367259354,1.4709367036116605,1.1106769483716186,0.03557026323902869,1.147296542539476,1.5125870004248418,1.6368493767128982,0.3515075189372707,-1.2385243027005506,0.7472415701940675,0.9375291543234828,-1.4369239284725843,0.00997574684463503,-1.1984811217362887,-0.9176759498922712,-1.3942516432637786,-0.28552328503288654,-0.7896003596821437,-0.3931501287622193,1.0478128998092309,0.5687986986678426,-0.04818038209081817,0.5850422496791048,-0.38552853575770607,0.35950732838282123,-0.2534142594231561,0.6966757655831629,0.6888911966215737,0.5911344442803265,0.05488257069290239,-0.2297864420981705,0.05411810382892536,-0.761511356999835,0.5488767404344308,-0.0588997030539353,0.0740866777090204,-0.4916568051937737,-0.41997999771761513,-0.5608353935345334,-0.6568449158297437,-0.3573981930607077,-0.7307005487293028,-1.0778354566225605,-0.4303257195117708,-0.3282303628412838,-0.9817409130168803
Tm,0.9221780805940433,0.5175243601417251,0.10302538970895668,1.7361151073503986,-0.21322861319709985,-0.5221530652851721,1.3547283539947585,0.5755375183567157,-0.10024222532533562,0.3172624106576818,0.7959715807474149,0.9432323136345145,0.16242142068168322,0.6821886115338947,-1.0852875041054588,1.4372298446682124,0.6717657156268725,-1.3621190441995634,-1.3532750369418831,1.4898199484765446,1.4044888549715728,1.1480329173960793,1.257460078226214,0.7633298411559033,1.5833237504506785,0.4698082229966979,-1.2131068518429833,0.8976845216820187,0.33582924750439985,-0.2884225061920413,-0.09145895831376132,-0.7781455566175617,-0.7938307901732905,-0.5443733088683401,-0.45511735226021505,-1.0091572399057027,0.37209827311558563,-0.42037087165315207,-0.7846974045280397,0.13989424458085545,0.8356087641244658,-0.48877414283764054,0.44773754414612116,0.7321313642799346,-0.5992776944352194,-0.45717913879116584,0.5734848735130288,1.16835376808086,0.03172693270658299,-0.9080919810655602,-0.44385788582973,0.3379161376483854,-0.3704462258929602,0.3799157027810883,-0.28818954632896937,-0.17883052341877054,-0.014853699681079628,0.7120906573622132,-0.8019563671876562,0.6230185570933462,-0.8865971577499724,0.682577130104336,-0.9616902347330454,-1.272549041068641
Yb,0.6133316371507637,-0.42038438531804945,1.0581951426265295,0.49095003806491516,0.4422317325711854,-0.907277652016596,1.533491373148887,1.9217426650718872,0.4234162840509507,-0.20198913119121834,0.9714681164249618,-0.6852267565196334,-0.4592343747956608,0.4692475717710157,-1.851548981310953,2.350183948868994,-1.8821612508644485,-0.6177712839197039,-1.3002183103384213,0.24304097662019417,1.290331986429571,-0.7501106997867234,0.5423186318693386,-0.08325355648401822,1.8266179673967327,-0.06237484517102582,-0.3817624226903194,-0.4211001878991248,-0.33397671112711613,-1.2812204399314377,-1.2486942856046983,-1.2941083725582951,-0.6233441862948468,-0.7075279047831953,-0.21632198657534754,0.28306615761040876,-0.04788317126406256,0.09269088556144987,-0.26437896278692813,0.4606074614945065,-0.017034885606159605,0.8753893559622491,0.7100924767479969,0.39090739825588716,0.905947912467905,0.5378612587806205,-0.5843780823282371,-1.2036528945303815,1.332399584923068,0.6121735403302755,-0.3570016596713036,-1.7697983636627919,-0.5491017138669388,1.0166049055857895,-0.850974818895596,0.5667601099847972,-0.7441257045652443,-0.7037966110569422,0.18998659625269837,0.9703763234063613,-0.7498430273829289,-1.7949302423876405,-0.6499584941068189,-0.5949170055361936
Lu,1.197823683891057,1.4698616883068083,-0.10718747666206772,0.9955293256990434,-0.38070093636368274,-0.5890890055411976,0.7631309542557108,-0.20540578425065908,-0.1388549367894769,-0.4016796456695446,-0.04968654702176018,0.8776768376098993,-1.6542961488780878,0.7386717079582626,-1.2311441392046463,0.0597461717061896,-0.5907921325595532,-0.17940982723943058,-1.1558948983177872,0.28078910044557537,1.207050082378458,0.011801593516513694,0.701173868475321,2.1457341220488617,1.6323426324640338,0.751386233038813,-1.1591549724462864,1.9098097678092034,0.8193541007961505,-1.3939906715290231,-0.623134554277332,0.11470461627927807,-0.898321117887135,0.4764696996292043,-0.6664512123063127,0.34548643701991644,-0.4148275702107411,-0.23920883137619753,-0.17078559541006214,0.05644783145443719,0.7095685185716217,-1.4883599262771652,-1.2202625978334116,-0.5966877654835855,0.887135866907949,-1.7222550103878598,-1.197178950098474,-0.3316577858301228,0.23695243062206647,0.4051391344698106,-1.6441074504520983,-1.0962916984511506,1.564790037839407,-0.04918166325408935,0.8462597227983051,0.616919516115237,0.2601871063674732,-0.5117600115972408,0.3533048695467403,1.0259897918401197,-0.5394398465599383,-0.1584871065924048,-1.1997143843675764,-0.39394913022275385
Hf,-0.5385836174673851,0.6130330220490773,-0.5689098650928825,0.925793982009912,0.22166200985547072,0.7250199601309762,1.0639616093154405,0.1409223986300279,1.4538703752137494,0.7090018308462369,-1.2721805905792452,0.19820539065553247,-1.0196190208434777,-0.44039188673365853,-0.7168389583094195,0.22281510852211317,-0.6469304479510023,0.5914306228279074,0.5885453764644594,1.3806922906478507,0.21999311879972108,1.3897277355664854,0.7520913567724232,1.097812611018642,0.5255825911096077,-0.6756211788946486,0.30494188199189476,-0.06678109282498193,-0.3351841913904782,-1.3292928344564836,0.7620981891952406,-1.4432571782699832,0.38158441159020734,-1.3761044531970157,-0.0028814151683095143,-0.0010532016886038056,-0.40810049350633704,-0.03623770878668927,-0.6841618527558421,1.1618157772417594,1.026406382056224,-1.0737982713701277,-0.17712762624264056,0.5715258070488627,-0.32742670270982166,-2.0702359305717177,0.733917359715234,-0.513702802047236,-0.4942425994056276,-2.2984301816101094,-2.605717653929329,0.3163544062278041,-0.7902464974993845,0.5866682724293517,-0.1283536793999831,-0.8126688250499202,0.9966080375331239,1.0522423697525651,0.22927430788052963,-1.0219565907934405,-1.0872673111438618,0.13235732423816868,-1.7036875443035513,1.7674245667966828
Ta,-0.04839186597556715,1.6405691211763394,0.1392755854425139,0.7700989789612551,-0.12029910164946045,-1.623186756872482,0.6460269288512129,1.2532325788841168,1.7522658993301816,0.910009779099723,0.12562412183977922,-0.9525913777032635,-1.623570327541067,-0.8001742346181568,-1.282964807704474,-1.86390160723252,0.5771076188947926,0.9957932244681574,0.8707372911819079,0.823897341741237,1.3259974822807403,-0.43626789618060974,0.15320301068628608,1.2095019285962694,0.5539763958046664,0.13007759713490286,0.07616645249730195,-0.9386911503716098,0.009853225680995815,-0.04702229944189186,0.4609484130749918,-0.5015752939745458,-0.40770826039477054,-1.0572992465599127,0.3985075364795794,0.7532236189140111,0.4218146595404366,0.07725362690596753,0.01938194697156848,-0.325599240779854,0.3409351892319869,0.14118035281498992,0.04871405816001577,0.024165066591053767,-0.22581314857252854,-1.310453205262454,1.5190259969303068,-1.6066412957982281,-0.14558823557686876,-2.1020447455177638,-1.820728054319269,1.2610686479544482,0.2702030718036451,-0.28053999645072064,0.17422077130635003,-1.6251029983825136,-0.6964769100937469,0.6270609930766011,0.5400520920520159,-0.09036795684722061,-0.2677101779678867,0.5742395293653926,-0.7518778540456639,1.9931961731343335
W,-0.08451521075203727,1.9018300327139581,-0.5545063889968245,-1.1153115217435163,-1.1858115381455243,0.28183000595813695,0.6621745908970188,-0.22039776936714553,1.7203913454849895,1.5429110418379175,0.1207815251671732,0.9598431111990162,-1.0642149185546812,-0.44994882486637866,1.4220269494001423,0.07912975477597324,1.3020245276034674,1.6794391225868759,-0.3227119162844013,-0.25801939182135797,-0.7494531921278955,0.8782707066815962,0.6655430610586913,0.35195809840777426,0.21235231664013188,0.9413871976693771,0.49103663418710203,0.11802871169420778,1.1422435300125933,-0.3627281068268499,0.6126318404196957,0.3424199286135962,-0.5143843110544073,-0.7591420690622904,1.5548166473294358,1.1534684434283629,0.13162949514085992,-0.21227832380737574,-1.2692354593150625,-0.3026947560314042,-0.7068796092978236,-0.9215985222052266,0.14798952423228898,0.7667287511546097,-0.1957126769433811,-0.9114783851991641,1.2096222752971135,1.3425993072795608,0.9301495550543432,0.8225787206435388,-0.3101268486906419,0.6606013074968542,-0.0332104889625738,0.40016763977266284,0.36856117039304803,-0.7500536120223141,0.7188007856580854,1.0890821667853405,-1.1605699643963754,-1.6496565995628383,-0.14945966409343453,-0.6161807321331139,-0.47398648392264187,2.0347807763482044
Re,0.5367067358364688,2.3390371980755984,1.3331633879936642,-0.899263890001889,-1.3291568122049215,0.6402367479220292,0.009016639019291124,-0.40636639578468947,1.7093251212818452,1.535685416312443,-0.33428173286593005,1.4427305691746237,-0.9658881629989754,-0.07889458428305389,0.2712816781735938,-1.5326535497706857,1.6696205743003942,1.0456015574720465,0.9530853952030979,-0.22922896874898419,-1.309396781512098,-0.7068452858939906,0.9482260073257425,1.1642688867235058,0.03136015536911112,1.1838779003276743,1.070945026429654,-0.11631248865176774,0.4036266526293642,2.2535492345828287,-0.47772701119347966,-0.13135750502356333,-0.08483123618585066,-0.8242971948141845,-0.10866723963552917,0.5094852981710304,-0.49506566840059246,-0.8359694153543293,0.09661307741410907,-0.33801783619245784,-0.7420542482339376,-1.3760850276157748,0.6573061749007139,-0.47153459731339487,-0.36460747877865246,-0.6301558612287386,1.3138682870910645,0.26176212221939926,0.8894777422313546,-2.0536688207428013,-0.8346623681615757,-0.47730671852411805,-0.5310475642615818,0.02134539431982685,0.20029343733518865,-0.6509905452562393,-0.2576092895802453,-0.6850905127755519,0.2204315696815493,-1.2456313938000934,-0.20639936199944398,-0.3347296943455101,-1.4875067594228397,-0.3216504985888699
Os,0.7763692122139015,-0.06224667966696877,0.6961318657547869,-1.1266695795266637,-0.4004414897495703,1.325328211637014,0.11952112922161232,-0.9739779062083381,0.6317128865575607,0.8775735664101298,0.09215375714627555,1.404666323072707,-0.2405279370465217,0.4725031496020296,1.8490454727293055,-1.1385153733814826,0.07182333752572652,1.714488650552842,0.6883654066869735,-0.6477404849403393,-0.5869307916360054,-1.1229699866377671,0.10983306670691646,0.624469961083172,0.456736705825916,0.9538705184293638,1.2898441466545734,-1.6476994285457347,-0.1728140306738812,0.5498378973956839,-0.40901428972701004,-0.6950142822770335,0.8118392068187411,1.478161291737622,0.036791181049299494,0.7237598863787422,1.4134555447693322,-1.7814650377981718,-0.7557206073367861,1.3506806810076357,1.2038756514593079,-0.31466649779801287,-0.9346946291045777,-0.9532850059354244,0.597191356122104,-1.169875207247055,0.649278268327957,1.6786904891531385,-1.9134427012690192,0.2855286883370018,-0.492929551270737,1.5163605416851949,-0.501950939636673,0.776383840572511,0.7058739477818319,-1.384545434475114,-1.8877390856544882,-0.5427176347995313,-1.0871345910033943,0.1728395782252134,1.2337493969458757,-0.5935122045053561,-0.7321161379427428,0.7420502257310865
Ir,0.8565276515082098,0.5746456384121319,1.4310317338195038,-0.9946803900215426,-0.6587829238488246,0.3780127836553125,-0.25270850861840266,0.7566443345767795,0.6388541304638196,1.2682997389007828,-1.6127154240741521,1.053883332636559,-0.11781371835583328,0.9913320786593033,1.4668925318796078,-0.8062449977599817,0.9979345514525461,0.23257512313257805,0.37581621671628934,-0.7100628891022672,-1.2519270927612822,-0.4553863577463196,-0.8660219450002243,-0.7831384256254209,0.5547372921840811,0.9726143804449443,1.5694710470871793,0.18641439854427305,0.30355044906441314,0.41793370931730256,-1.7166732036243846,-0.5522183615460972,0.93281915983349,0.9275579379572998,0.2402626933469439,0.5568645458013214,0.885403050990304,-1.8583832614656774,-1.2253878202692565,1.1083015222448074,0.44191747426172695,0.5089107715757677,-1.0419447744468628,0.5147017857301361,-1.328153148792803,-1.544036842876259,1.9709134964660942,-0.222622716041248,-0.6137770048588551,-0.6697349156739345,0.5726108501125462,1.9861991782099233,-0.14996777363957786,0.8648324045112058,0.15525922131693048,-0.4102993388984459,-1.2426489510731562,-0.6632694735000152,-1.0442917762732369,-1.054430170988164,1.3545696217791736,-0.6333631168867382,-0.944071874247079,0.5588059607972629
Pt,0.15965742695855786,-0.15978468292869977,0.9519315543591088,-1.5148858516601411,0.4746287883486556,-0.4537035832161409,-0.3121022622391834,0.3756021329661432,-0.08425743337079902,1.6431791796786863,-0.9145912494633569,1.1119753994253838,-1.3106747905389047,1.2958116227598797,1.3754971358791654,-0.42775764580488107,-0.34949638986206316,0.2792045524518805,1.5058636972900104,-0.9383983366959292,-0.6370981065907411,-2.0067239680023086,-0.63187381245838,-0.023593392890757056,0.9935007670195529,0.2934855913877589,1.5353623777230618,-0.2978913765539295,-1.553533907837727,0.04893446294422646,-0.506953330053972,0.6087872075726574,0.6935515056348635,0.16063549754561596,-0.38782938827655394,-0.19564912121265998,1.767574570111758,0.25475666686128323,0.9304027803348478,-0.07891848040953266,-0.0748402344075143,-0.33094771614081103,-1.1147843721931767,-0.13555282968702084,-2.108758897268839,-1.806005282513969,1.802554683698695,1.2126174045324114,-1.1093491783657192,0.27718835617289206,0.030986863351802823,1.2658617868673343,0.7674851816525126,1.3830969922997254,1.1774280854914982,-0.9802311416548496,-1.1963751476671407,-0.6386440492715345,-0.8308786617307398,0.4303916941722232,0.5822195918036278,-1.3660927718078364,-0.2599402975982595,1.9367317220166693
Au,-0.5258113450180879,-0.6825075106880848,1.667698166992659,-1.1489118367200208,-0.5394368253969143,-0.6027343904300201,-0.314098643774336,-0.13532909844404833,-0.09610882187322188,0.07027362199581334,-0.015174145789101862,-1.3495060486793118,0.2984204308008676,1.5179459755394291,-0.15343903672067294,1.3613103864284886,1.0111738348612833,1.2374240482719565,0.8490684341258289,-1.2196004808634482,-1.3532280769661862,-1.114294618037107,-1.33115082782048,-1.101096549080054,-1.0307807604837194,-0.9869469712007026,1.2005943203324199,-1.4779588632690541,-1.9275098992231736,0.2769559086150183,-1.7116906676402934,-0.7431265708332033,-0.7062965163315061,1.6133156008383474,0.7406905216881918,-0.09549793909401738,1.4233649341374108,-0.2989238804874465,0.9618187831484071,0.253603211983731,0.15778849470007034,-0.7388931902608321,-0.7990039469524624,-0.3766368515762504,1.4781065688533326,-0.5037972620006319,1.4410798113398378,1.3782821038202033,-1.1545729840973848,1.091239248904994,0.9536329624477958,1.902460472671734,1.6413537647752878,1.4947061457845263,0.05342555025058518,1.2109966592299264,-1.660047558291161,0.6381052543467981,1.0140711656132677,-0.2717552913679452,1.2936924465925124,-0.6550736348580426,-0.46810126261455304,0.612145864853107
Hg,-1.3015768294062557,-0.11253743291896895,0.015587021337950972,-0.12553164566228928,-0.9165332900608334,-0.9435307833064341,-0.7798872088401076,1.5197004151634996,-1.7645695523315368,1.4476910106669323,0.10021746341595363,-1.623176809894832,1.5338308766026572,-1.2354985206677154,1.65976643273483,-0.08235408872527653,-0.1620917353027942,0.06850590893348876,-0.5051905279609663,0.5173384217633572,-1.9520289816293168,-0.09708170571395834,-0.5289252813868488,0.7927419670682907,-1.1785272114578875,0.1636945100814423,0.13717710493657695,0.4025985675801788,-1.718536257533822,-1.0448616902834769,-0.9430690723118536,0.796297839205746,-0.42906410970617376,0.6511707079117862,-0.9379240249887414,1.3391745988149613,1.668282263505393,-0.35888356888698236,-0.5591122699463431,-0.7920277139553683,-1.1641483803493349,-1.3226021971380004,0.2616149897363021,-0.09145415959294682,1.6937867825152992,-0.9246767464691135,0.43533100064360236,0.41521435709927906,-0.1893996256821446,-0.0008840106231927656,0.6180725043627502,0.03602802969463141,1.4759872502717872,1.8431117684014635,0.11875739140466718,-0.5639800416778975,0.2734114060863298,0.15829720498006963,-0.11285034641681603,0.8272735030841979,1.826515541068101,1.9918709181434724,-0.11433439709974473,1.348225312845379
Tl,-0.798768173360405,0.6155490287474302,0.3067074004654907,-0.4332505602725563,0.7539345154387249,-1.1537674630619144,1.6382073739168104,-0.1588588272371443,-0.05805057227690603,-0.8397479362032289,-0.24331680706329292,-0.2695494675762195,-0.5248071793844954,-0.011293201640957025,0.34670621606718954,-1.8870121626246272,0.8050084686161626,-0.9240090790836278,0.848179735418847,-1.2724383481309327,-0.7438377657104691,0.27880720142985066,0.09122482415573055,-0.28033162178421117,-0.5475530999445548,0.8825355441813884,0.4243069861332975,0.860529502131405,-2.1850801180666797,-0.7635333953203123,-0.021419577993811178,0.4702744137099758,-0.8800637300491005,-0.010475064817592167,-0.9781393842999706,2.1435838817352346,-1.149997966540878,0.3405269161270022,-1.9002763266575167,1.0165549064171926,0.8247915419702723,-0.6756521936832622,-0.5585738454056783,0.7577777720132235,1.1355339268223295,-0.09403027471480475,0.6263365545598404,1.1122992382632504,-0.5856172723070995,1.0550895482346423,-0.01489052277514104,-1.392298890901295,0.6854743748105082,0.269653210318899,-0.7364569714712925,0.3766977604113569,1.8673423095391286,1.0619044257449743,2.137705967075265,1.3526598409382509,-0.5587667930643886,0.18702129668324605,2.2256902499770894,-0.07388355729317655
Pb,-1.0212132780374685,-1.0373124570630994,-1.6329958903482171,-0.34029302640145276,0.5568155857726103,-0.6096391759715507,1.5040525723365394,-0.49064207142532645,0.4444834188200381,-1.0122790662189003,-0.22309025149001105,-0.5045150311820051,-0.8687361283341889,1.0627087629441219,-0.35466907239172163,-0.7707705629382143,1.121433982695892,-0.2584843980816264,0.23596882587138396,0.04312716517100972,-0.959015724087384,0.9284015269887294,0.48179417200852,-1.4539368916406272,-1.4900254685471646,0.7785402595353506,-0.11595656883719783,0.044043658568091594,-1.249510397308376,-0.5513000310187723,-0.830052155197536,-0.33223446672347456,0.21982729044149418,-0.3921354108390556,-0.1185972619475495,2.245729183700825,0.46054096600696126,1.2793309974233054,-0.6635077885500789,0.9275651472144141,-1.1545942459750975,-0.6594300473830478,-0.9423861259667897,-0.7518648239329019,1.9751491610530516,0.15513349469299031,0.4865097096363086,0.18339196124991183,0.18401421226347933,-0.13914582429304964,0.7081939110201857,-0.5410088674352391,-1.226388375244542,1.878211368324679,-0.15309941071068253,-2.2453155891086327,2.122561039733853,-0.802892891619698,1.1754579986856806,0.24073753621120522,-0.19999579475158466,-0.2720027028937475,0.24625967257200054,-0.10715330274573572
Bi,0.10443596944157582,-0.4600178258965415,-1.7573886897852706,0.10538176281961599,0.3544232979951749,-0.840663402547533,0.5780944773339034,0.4152623700915013,-0.7402232577087143,0.5514735285128655,-0.8189278618387568,0.5509609240748715,0.04959411652184837,1.2092244552983218,0.40759532188538844,-1.7269233286998407,1.792872170555431,0.5099846831286332,0.8001245309442838,-1.0732075020821588,0.029284909118861183,0.6681956812162937,-0.8081307897473348,0.46820498975030467,-1.404876256504696,-0.05458065936383508,0.47418825684634425,-0.4026820093629982,0.07852122606166899,-1.509726693827272,1.1686860797474437,-0.9879448500287553,-0.8417253579682709,-0.7377247462449952,0.28287684957515347,2.17091592513153,0.3756103490464914,1.0201800460034234,-1.3343478184488684,0.20191180132677522,-0.5437724020274723,0.12323203822179128,-0.5056350063864166,-0.023793552582535234,1.0209402270359957,0.9805073992078217,0.4050788595806638,-1.7313550564907105,-0.2919740460168736,-0.7733417385369981,1.9090171479705589,-0.3171384350964563,-1.4267078730523384,1.5237222473543948,0.7959615951444752,-2.06588100544891,1.2385086305995692,-0.503653597101619,1.2985739048428957,1.5669050468200583,1.0097399382317578,0.11971799630849957,0.2261287348267954,0.4536480900867754
Po,0.0,0.0,0.0,0.0,0.0,0.0,0.0,0.0,0.0,0.0,0.0,0.0,0.0,0.0,0.0,0.0,0.0,0.0,0.0,0.0,0.0,0.0,0.0,0.0,0.0,0.0,0.0,0.0,0.0,0.0,0.0,0.0,0.0,0.0,0.0,0.0,0.0,0.0,0.0,0.0,0.0,0.0,0.0,0.0,0.0,0.0,0.0,0.0,0.0,0.0,0.0,0.0,0.0,0.0,0.0,0.0,0.0,0.0,0.0,0.0,0.0,0.0,0.0,0.0
At,0.0,0.0,0.0,0.0,0.0,0.0,0.0,0.0,0.0,0.0,0.0,0.0,0.0,0.0,0.0,0.0,0.0,0.0,0.0,0.0,0.0,0.0,0.0,0.0,0.0,0.0,0.0,0.0,0.0,0.0,0.0,0.0,0.0,0.0,0.0,0.0,0.0,0.0,0.0,0.0,0.0,0.0,0.0,0.0,0.0,0.0,0.0,0.0,0.0,0.0,0.0,0.0,0.0,0.0,0.0,0.0,0.0,0.0,0.0,0.0,0.0,0.0,0.0,0.0
Rn,0.0,0.0,0.0,0.0,0.0,0.0,0.0,0.0,0.0,0.0,0.0,0.0,0.0,0.0,0.0,0.0,0.0,0.0,0.0,0.0,0.0,0.0,0.0,0.0,0.0,0.0,0.0,0.0,0.0,0.0,0.0,0.0,0.0,0.0,0.0,0.0,0.0,0.0,0.0,0.0,0.0,0.0,0.0,0.0,0.0,0.0,0.0,0.0,0.0,0.0,0.0,0.0,0.0,0.0,0.0,0.0,0.0,0.0,0.0,0.0,0.0,0.0,0.0,0.0
Fr,0.0,0.0,0.0,0.0,0.0,0.0,0.0,0.0,0.0,0.0,0.0,0.0,0.0,0.0,0.0,0.0,0.0,0.0,0.0,0.0,0.0,0.0,0.0,0.0,0.0,0.0,0.0,0.0,0.0,0.0,0.0,0.0,0.0,0.0,0.0,0.0,0.0,0.0,0.0,0.0,0.0,0.0,0.0,0.0,0.0,0.0,0.0,0.0,0.0,0.0,0.0,0.0,0.0,0.0,0.0,0.0,0.0,0.0,0.0,0.0,0.0,0.0,0.0,0.0
Ra,0.0,0.0,0.0,0.0,0.0,0.0,0.0,0.0,0.0,0.0,0.0,0.0,0.0,0.0,0.0,0.0,0.0,0.0,0.0,0.0,0.0,0.0,0.0,0.0,0.0,0.0,0.0,0.0,0.0,0.0,0.0,0.0,0.0,0.0,0.0,0.0,0.0,0.0,0.0,0.0,0.0,0.0,0.0,0.0,0.0,0.0,0.0,0.0,0.0,0.0,0.0,0.0,0.0,0.0,0.0,0.0,0.0,0.0,0.0,0.0,0.0,0.0,0.0,0.0
Ac,0.12474122480530184,-0.8084427647591558,-0.03767071296592744,1.727331207794562,-1.405445703261756,-1.224638302563185,0.22588604651300798,0.40410040375893364,0.1426642375351003,-1.1584384192433883,0.18282555201844866,-0.08527247273248513,-0.7155721578501818,0.49726218725211085,1.073161743735273,-0.04692054498217093,-0.9809950234366578,-0.12668194619784806,-0.25779940726322037,1.1786804469938674,1.7232808689867176,-0.6268269053433266,-0.18519830211591504,-0.7953520740888759,-0.26964862140023765,-0.9583225785078192,-0.13245987278226964,1.806888207582177,1.100374547102405,0.3288699611181497,0.13180369560681907,-0.6121039527833246,-1.9159348858943779,0.33007604833242277,-1.0922140991749063,0.3214490641810686,-1.4199707688330403,1.6253729437855475,0.8878006798541168,0.6841746630232385,1.4329277954381947,0.9816489450648361,0.2630752561313906,-0.4618768388447114,0.8075954311035854,1.745631494692403,-1.011352403748276,0.15581073735367584,0.5615789367503086,1.387554748987338,-0.07429798063063074,-0.27548173171490226,-0.9438239509819595,0.028866015242879243,-0.358914485675951,-0.09130541756391168,-0.26870959702446073,-0.1053592257726446,-0.7695195415996569,-0.3240285023235986,-0.5077064235495985,-1.9506924636966234,-0.6573567227633952,-0.49545040518211797
Th,0.5458068914122736,-0.16011876832655902,0.8815268982791808,1.0611145828139787,-0.6436421789426929,-0.23619267545461176,0.6067850789842747,0.5631207028491063,0.37316881513768313,-0.7206695485963888,2.211289277955114,1.0729266788490335,-0.7767010815313048,0.35808797295454775,-0.5581415874787913,0.5063718697731003,-0.8316427476537241,-0.014860614175512162,-1.7074329969887143,1.9510588742801365,1.370358160304464,0.39474160315600143,0.6816331301995536,-0.14410757838482055,1.2950797362184796,-0.9554258945068094,-1.1583852224554538,0.6525264215096066,-0.29419535060283214,-0.6171018941130498,1.3691541840244321,-0.4373528292847454,-1.418371099292338,-0.865643595115703,1.569811990226425,-0.19352602778026176,-1.3143323545544585,0.9867516775031239,0.2290703105154373,0.4968909382639557,1.0755061815473521,-0.2723034529069353,0.8785008108680821,-1.0138807074623453,0.36014736615756693,0.9194987535446008,0.6113860458295142,-0.08490336752795395,-0.8786749348753112,0.04752347345762479,0.11665528130648216,0.8579535574869831,-1.3267240102992697,-0.5505499557539699,-0.16129673575263367,-0.1806262640846571,-0.5777736777706808,-0.3387359868617315,-0.7171048521467225,0.2256814170538225,-0.2444036835466875,-1.0935383002752783,0.2959130235932973,-0.7337197633010583
Pa,0.5664256014868295,0.4283762783177849,0.97357654410214,1.2393413298715164,-1.215931781259214,0.030070988990438197,0.8487086998555299,0.02901216308650386,0.5724779960963768,-0.5337609528141899,1.4732279341656298,1.3638309752840188,-0.6432522483693168,1.007284492085051,0.4693262281464997,0.666258423545068,-0.6236656644739269,0.1812560776988774,-1.430842074105059,1.4626875144948448,1.742964167833195,0.8648921751808519,1.1139463831966583,-0.27104925671467794,0.8556248467553842,-1.2532476343132313,-0.7315764589368144,0.618583816765569,-0.3322497589080156,0.060778968988676865,0.36162298565180384,0.5098750475493998,-1.0171367988651956,-0.9400417539905561,-0.043888906024356335,0.5149729224730244,-0.9475138986260238,0.6094953091119413,0.37500062269912293,-0.12026371824353764,0.9245502963650769,0.9624216810320767,-0.20586403148439533,-0.776452505742498,-0.7532371002094157,-0.2958377171490738,0.055418879854103195,-0.47709717104110816,-0.4856679827331187,-0.8991354904958975,0.435186205613776,0.8372012243048869,-1.399816017783356,-0.32021376512384403,-0.6976444283851557,0.5570267784343542,-0.9532122093952183,-0.8141123287151665,-0.8591642561327675,-0.3906573556865363,-0.7474604285974936,-0.255738641315921,0.41422644509533646,-1.0285728304762922
U,0.42850490739291636,0.5327318726138595,1.6225705205026406,0.1653075260375282,-1.0375207044346373,-0.3745316888327786,0.5189117963835789,0.5099625749220099,0.9411393022102682,0.0042056625961771855,1.9300035359304188,1.3679520515221595,-0.6737980055300827,0.5559812677571271,-0.9894755470879495,0.7275543202751152,-0.35253696986657446,0.7141335584113352,-0.492987094382298,2.0111122854711976,1.465518205527412,1.1903044845924913,1.326756217743749,0.06478482733303738,0.1654191113630991,-0.023280864371842767,-1.0974658906690244,0.2618270548510824,0.13668517211052053,0.004600975783598486,2.177301264749089,0.49871900782156076,-1.1656960601473554,-1.0641546832147613,0.4324167393726234,0.2939565488668555,0.14302241654592324,0.25399293624240105,-0.18269419447244387,1.277776976417601,0.9982369356009895,-0.7799129502775292,0.569899234523234,-0.290206674579454,-0.26206776618498134,-0.6018188100273048,0.22069880113252682,-0.27824147462469523,-0.6797504497254279,0.3675225009792418,0.8913005654216849,-0.4321658896301973,-1.708830214835705,0.6918382897908024,-0.8595813647040241,1.181349471656822,-0.39315082366373133,-0.8295458362472564,-1.1007152008320618,-0.871217862399472,-0.8806842700415646,-0.9547359241012968,0.6526097139453194,-0.7510119391607316
Np,-0.13825222828954564,0.19766854071435114,0.8968142264380915,0.8682675116889282,-0.5145067502666733,-0.12244403740265455,0.8786202349125478,0.21979686860032052,0.3274944938925953,-0.9287688107825519,2.331974756637037,0.7062692632227742,-0.06987064898554562,1.1170512256957983,-0.8764134404417883,0.9741771863181559,0.05290754454939963,-0.40977438534281396,-1.5384613375015364,1.8891564168230284,1.3853846891345707,-0.049209214694733674,0.8644029702987122,-0.27930944898823695,1.2711326923313622,-1.1030576297881345,-0.6569814476573816,0.7388940194067036,-0.3160642880290362,-0.21863014166198527,1.2820325646954178,0.17154422110225176,-1.4253546674625648,-1.2698815016436429,1.6448167081890335,0.33154081306291044,-0.7060750169548085,1.1693394570732398,-0.5135464692661615,0.3820974353146385,0.7285396786737474,-0.18631162269177812,1.1860392991823938,-0.7430567348564069,-0.0801074099140163,1.201356023602261,0.14993464373965332,0.4353084324266985,-0.22697824899686245,-0.010215491828122912,-0.40974309864158787,0.4187955879747272,-1.0524141145284829,-0.6046073966073,-0.19570755154184782,0.3623258914705111,-1.2335638935651212,-0.36647184237100905,-1.4874056700013851,-0.05653493239248506,-0.18838958505080167,-1.1151748709695404,-0.31068853939218427,-0.6917969318850223
Pu,-0.049908290068547,0.5191341353734572,0.9989971888413653,0.5551660341707281,-0.8750417555101235,0.0809751422796192,0.5926379512445896,1.1867019535702052,0.4044213889642793,-0.8225386140406191,2.408129266486203,0.5942796682352517,-0.360612756405085,1.1795177431676132,-0.8364715458829093,1.5492739083755138,-1.06135582855876,-0.3847606183843839,-1.7087777843281835,1.873199904350313,1.0580950204843889,0.5452478977921756,1.7216927739853802,0.04641163866098349,1.3963588031723504,-0.6427318685587821,-1.0155990520690217,0.6452690726969196,0.31477142674155856,0.758451360032974,1.622619375364259,0.40417301675991224,-0.4016440573252081,-1.107926408458932,1.2289182838468546,0.4784714324100487,-1.0164084493674652,1.2373022970397787,-0.3910108458397634,0.33809767947799757,1.2664884493625146,0.7721241030671169,0.356458714225308,-0.0226237821483539,-0.11149212438060135,0.012585167799628537,0.5782266931511857,0.04400810482208723,-0.3525143567710368,-0.47139976917549126,0.2369193291867605,0.6574089761157567,-0.9243722858955349,-0.7103656326050024,0.6297864112285875,0.29472679281622,-0.6970108202446738,-0.7588277449862675,-1.3424321079529544,-0.3257426089702569,-0.5919587378800836,-0.8385124140434191,-0.11191220292876865,-0.8447921019101106
Am,0.0,0.0,0.0,0.0,0.0,0.0,0.0,0.0,0.0,0.0,0.0,0.0,0.0,0.0,0.0,0.0,0.0,0.0,0.0,0.0,0.0,0.0,0.0,0.0,0.0,0.0,0.0,0.0,0.0,0.0,0.0,0.0,0.0,0.0,0.0,0.0,0.0,0.0,0.0,0.0,0.0,0.0,0.0,0.0,0.0,0.0,0.0,0.0,0.0,0.0,0.0,0.0,0.0,0.0,0.0,0.0,0.0,0.0,0.0,0.0,0.0,0.0,0.0,0.0
Cm,0.0,0.0,0.0,0.0,0.0,0.0,0.0,0.0,0.0,0.0,0.0,0.0,0.0,0.0,0.0,0.0,0.0,0.0,0.0,0.0,0.0,0.0,0.0,0.0,0.0,0.0,0.0,0.0,0.0,0.0,0.0,0.0,0.0,0.0,0.0,0.0,0.0,0.0,0.0,0.0,0.0,0.0,0.0,0.0,0.0,0.0,0.0,0.0,0.0,0.0,0.0,0.0,0.0,0.0,0.0,0.0,0.0,0.0,0.0,0.0,0.0,0.0,0.0,0.0
Bk,0.0,0.0,0.0,0.0,0.0,0.0,0.0,0.0,0.0,0.0,0.0,0.0,0.0,0.0,0.0,0.0,0.0,0.0,0.0,0.0,0.0,0.0,0.0,0.0,0.0,0.0,0.0,0.0,0.0,0.0,0.0,0.0,0.0,0.0,0.0,0.0,0.0,0.0,0.0,0.0,0.0,0.0,0.0,0.0,0.0,0.0,0.0,0.0,0.0,0.0,0.0,0.0,0.0,0.0,0.0,0.0,0.0,0.0,0.0,0.0,0.0,0.0,0.0,0.0
Cf,0.0,0.0,0.0,0.0,0.0,0.0,0.0,0.0,0.0,0.0,0.0,0.0,0.0,0.0,0.0,0.0,0.0,0.0,0.0,0.0,0.0,0.0,0.0,0.0,0.0,0.0,0.0,0.0,0.0,0.0,0.0,0.0,0.0,0.0,0.0,0.0,0.0,0.0,0.0,0.0,0.0,0.0,0.0,0.0,0.0,0.0,0.0,0.0,0.0,0.0,0.0,0.0,0.0,0.0,0.0,0.0,0.0,0.0,0.0,0.0,0.0,0.0,0.0,0.0
Es,0.0,0.0,0.0,0.0,0.0,0.0,0.0,0.0,0.0,0.0,0.0,0.0,0.0,0.0,0.0,0.0,0.0,0.0,0.0,0.0,0.0,0.0,0.0,0.0,0.0,0.0,0.0,0.0,0.0,0.0,0.0,0.0,0.0,0.0,0.0,0.0,0.0,0.0,0.0,0.0,0.0,0.0,0.0,0.0,0.0,0.0,0.0,0.0,0.0,0.0,0.0,0.0,0.0,0.0,0.0,0.0,0.0,0.0,0.0,0.0,0.0,0.0,0.0,0.0
Fm,0.0,0.0,0.0,0.0,0.0,0.0,0.0,0.0,0.0,0.0,0.0,0.0,0.0,0.0,0.0,0.0,0.0,0.0,0.0,0.0,0.0,0.0,0.0,0.0,0.0,0.0,0.0,0.0,0.0,0.0,0.0,0.0,0.0,0.0,0.0,0.0,0.0,0.0,0.0,0.0,0.0,0.0,0.0,0.0,0.0,0.0,0.0,0.0,0.0,0.0,0.0,0.0,0.0,0.0,0.0,0.0,0.0,0.0,0.0,0.0,0.0,0.0,0.0,0.0
Md,0.0,0.0,0.0,0.0,0.0,0.0,0.0,0.0,0.0,0.0,0.0,0.0,0.0,0.0,0.0,0.0,0.0,0.0,0.0,0.0,0.0,0.0,0.0,0.0,0.0,0.0,0.0,0.0,0.0,0.0,0.0,0.0,0.0,0.0,0.0,0.0,0.0,0.0,0.0,0.0,0.0,0.0,0.0,0.0,0.0,0.0,0.0,0.0,0.0,0.0,0.0,0.0,0.0,0.0,0.0,0.0,0.0,0.0,0.0,0.0,0.0,0.0,0.0,0.0
No,0.0,0.0,0.0,0.0,0.0,0.0,0.0,0.0,0.0,0.0,0.0,0.0,0.0,0.0,0.0,0.0,0.0,0.0,0.0,0.0,0.0,0.0,0.0,0.0,0.0,0.0,0.0,0.0,0.0,0.0,0.0,0.0,0.0,0.0,0.0,0.0,0.0,0.0,0.0,0.0,0.0,0.0,0.0,0.0,0.0,0.0,0.0,0.0,0.0,0.0,0.0,0.0,0.0,0.0,0.0,0.0,0.0,0.0,0.0,0.0,0.0,0.0,0.0,0.0
Lr,0.0,0.0,0.0,0.0,0.0,0.0,0.0,0.0,0.0,0.0,0.0,0.0,0.0,0.0,0.0,0.0,0.0,0.0,0.0,0.0,0.0,0.0,0.0,0.0,0.0,0.0,0.0,0.0,0.0,0.0,0.0,0.0,0.0,0.0,0.0,0.0,0.0,0.0,0.0,0.0,0.0,0.0,0.0,0.0,0.0,0.0,0.0,0.0,0.0,0.0,0.0,0.0,0.0,0.0,0.0,0.0,0.0,0.0,0.0,0.0,0.0,0.0,0.0,0.0
